Anhang für das Geschäftsjahr 2016;  Annotierung (Angabe Nummer in Anhangscheckliste)  ;Geschäftsjahr;Gesellschaft;Abschlussart;Prüfer
GASAG Berliner Gaswerke Aktiengesellschaft, Berlin;;;;;
Allgemeine Hinweise;;;;;
"Der Jahresabschluss wurde nach den Vorschriften des Handelsgesetzbuches, des Aktiengesetzes sowie des Energiewirtschaftsgesetzes (nachfolgend EnWG genannt) aufgestellt. Es gelten die Vorschriften für
große Kapitalgesellschaften.";;2016;GASAG AG;Jahresabschluss;EY
Die Gewinn- und Verlustrechnung wird nach dem Gesamtkostenverfahren aufgestellt. Die für einzelne Posten geforderten Zusatzangaben sind in den Anhang aufgenommen worden.;;2016;GASAG AG;Jahresabschluss;EY
"Um die Klarheit der Darstellung zu verbessern, werden alle mit arabischen Zahlen versehenen Posten der Bilanz sowie die Unterposten der Gewinn- und Verlustrechnung zusammengefasst. Sie werden im Anhang
gesondert aufgegliedert und erläutert. Aus dem gleichen Grund wurden die Angaben zur Mitzugehörigkeit zu anderen Posten und Davon-Vermerke ebenfalls an dieser Stelle gemacht."; 6 ;2016;GASAG AG;Jahresabschluss;EY
Registerinformation;;2016;GASAG AG;Jahresabschluss;EY
"Die GASAG Berliner Gaswerke Aktiengesellschaft, Berlin, nachfolgend GASAG genannt, hat ihren Geschäftssitz am Henriette-Herz-Platz 4 in 10178 Berlin, Deutschland, und ist im Handelsregister von
Berlin-Charlottenburg unter HRB 44343 eingetragen."; 113 ;2016;GASAG AG;Jahresabschluss;EY
Die Hauptversammlung der GASAG hat am 16. Dezember 2016 die Änderung der Firma der Gesellschaft in GASAG AG beschlossen. Die Eintragung in das Handelsregister steht noch aus.; 113 ;2016;GASAG AG;Jahresabschluss;EY
Bilanzierungs- und Bewertungsgrundsätze;;2016;GASAG AG;Jahresabschluss;EY
"Im Geschäftsjahr wurden erstmalig die geänderten Vorschriften des Handelsgesetzbuches durch das Bilanzrichtlinie-Umsetzungsgesetz (BilRUG) angewendet, welche verpflichtend zum 1. Januar 2016 anzuwenden
waren. Durch die Anwendung der Vorschriften des BilRUG ändern sich vor allem die Gliederung der Gewinn- und Verlustrechnung und die Zuordnung zu den Umsatzerlösen gemäß der neuen Umsatzerlösdefinition
nach § 277 HGB (Art. 75 Abs. 2 EGHGB).";;2016;GASAG AG;Jahresabschluss;EY
Eine entsprechende Anpassung der Vorjahresbeträge ist nicht vorgenommen worden, sie erfolgt nachrichtlich im Anhang unter den Posten Umsatzerlöse und Materialaufwand.;;2016;GASAG AG;Jahresabschluss;EY
"Bei der Bewertung der Pensionsverpflichtungen wird erstmalig ein durchschnittlicher Marktzinssatz der vergangenen zehn Jahre anstelle eines durchschnittlichen Marktzinssatzes der vergangenen sieben Jahre
angewendet. Darüber hinaus blieben die für die Aufstellung des Abschlusses maßgebende Bilanzierungs- und Bewertungsmethoden im Vergleich zum Vorjahr im Wesentlichen unverändert."; 8.48 ;2016;GASAG AG;Jahresabschluss;EY
"Für die Ermittlung latenter Steuern aufgrund von temporären oder quasi-permanenten Differenzen zwischen handelsrechtlichen Wertansätzen von Vermögensgegenständen, Schulden und Rechnungsabgrenzungsposten
und ihren steuerlichen Wertansätzen oder aufgrund steuerlicher Verlustvorträge werden die Beträge der sich ergebenden Steuerbe- und -entlastung mit den unternehmensindividuellen Steuersätzen zum
Zeitpunkt des Abbaus der Differenzen bewertet und nicht abgezinst. Aktive und passive Steuerlatenzen werden verrechnet ausgewiesen. Die Aktivierung latenter Steuern unterbleibt in Ausübung des dafür
bestehenden Ansatzwahlrechts gemäß § 274 Abs. 1 Satz 2 HGB."; 8.35, 8.64 ;2016;GASAG AG;Jahresabschluss;EY
"Bei der GASAG besteht zweckgebundenes und dem Gläubigerzugriff entzogenes Vermögen für die Pensionsverpflichtungen gegenüber dem Vorstand und Verpflichtungen der Altersteilzeitregelung, welches mit
dem beizulegenden Zeitwert bilanziert und mit den Pensionsverpflichtungen beziehungsweise den Erfüllungsrückständen der Altersteilzeitverpflichtungen saldiert ausgewiesen wurde (§ 246 Abs. 2 Satz 2 und 3
HGB). Ergibt sich ein aktivischer Überhang wird der Betrag unter dem Bilanzposten ""Aktiver Unterschiedsbetrag aus der Vermögensverrechnung"" ausgewiesen."; 8.36 ;2016;GASAG AG;Jahresabschluss;EY
"Die sonstigen Rückstellungen, bei denen am 1. Januar 2010 von dem Bilanzierungswahlrecht gemäß Art. 67 Abs. 1 Satz 2 EGHGB Gebrauch gemacht wurde, sind weiterhin mit dem Nominalwert angesetzt,
sofern der Abzinsungsbetrag durch eine Aufzinsung bis zum 31. Dezember 2024 wieder zugeführt werden würde. Der Betrag der Überdeckung beläuft sich auf 2 Tsd.€ (Vj. 5 Tsd.€)."; 8.50 ;2016;GASAG AG;Jahresabschluss;EY
Anlagevermögen;;2016;GASAG AG;Jahresabschluss;EY
"Erworbene immaterielle Vermögensgegenstände und Gegenstände des Sachanlagevermögens sind mit den Anschaffungs- oder Herstellungskosten bewertet und werden, soweit abnutzbar, entsprechend ihrer
voraussichtlichen Nutzungsdauer linear abgeschrieben. Bei selbst erstellten Gütern des Sachanlagevermögens sind in den Herstellungskosten anteilige Gemein- und Verwaltungskosten, soweit zulässig, aktiviert."; 8.4, 8.7 ;2016;GASAG AG;Jahresabschluss;EY
"Zugänge zum beweglichen Anlagevermögen werden zeitanteilig abgeschrieben. Geringwertige Wirtschaftsgüter, deren Anschaffungskosten 150 € nicht übersteigen, werden aus Gründen der Wesentlichkeit in
Anlehnung an die steuerlichen Regelungen sofort als Aufwand erfasst. Geringwertige Wirtschaftsgüter mit Anschaffungskosten zwischen 150 € und 410 € werden im Jahr der Anschaffung voll abgeschrieben. Liegt
bei Vermögensgegenständen des Anlagevermögens eine dauerhafte Wertminderung gemäß § 253 Abs. 3 Satz 3 HGB vor, werden außerplanmäßige Abschreibungen auf den beizulegenden Zeitwert vorgenommen."; 8.2, 8.7 ;2016;GASAG AG;Jahresabschluss;EY
"Bei den Finanzanlagen werden Anteilsrechte zu Anschaffungskosten und die Ausleihungen zum Nennwert angesetzt. Liegt eine Wertminderung zum Bilanzstichtag vor, so werden die Finanzanlagen gemäß §
253 Abs. 3 HGB bewertet und gegebenenfalls außerplanmäßig abgeschrieben."; 8.13, 8.14 ;2016;GASAG AG;Jahresabschluss;EY
Stellt sich heraus, dass die Gründe für die in den Vorjahren getätigten außerplanmäßigen Abschreibungen entfallen sind, so wird eine Wertaufholung gemäß § 253 Abs. 5 HGB vorgenommen.;;2016;GASAG AG;Jahresabschluss;EY
Umlaufvermögen;;2016;GASAG AG;Jahresabschluss;EY
Das gesamte Umlaufvermögen wurde nach dem strengen Niederstwertprinzip bewertet.; 8.19 ;2016;GASAG AG;Jahresabschluss;EY
"Der in dem Erdgasspeicher befindliche Bestand an Arbeitsgas wird gemäß § 256 HGB nach der periodischen LIFO-Methode bewertet. Die Anwendung der LIFO-Methode führt im Vergleich zur Bewertung auf
Grundlage des Marktpreises zu einem Unterschiedsbetrag (LIFO-Reserve) in Höhe von 4.912 Tsd.€ (Vj. 11.072 Tsd.€)."; 8.23, 18 ;2016;GASAG AG;Jahresabschluss;EY
"Forderungen und sonstige Vermögensgegenstände sind zu Nennwerten bilanziert. Für erkennbare Einzelrisiken werden Wertberichtigungen vorgenommen. Weiteren Risiken wird durch entsprechende Pauschalwertberichtigungen
Rechnung getragen."; 8.25 ;2016;GASAG AG;Jahresabschluss;EY
Fremdkapital;;2016;GASAG AG;Jahresabschluss;EY
"Die Rückstellungen für Pensionen und ähnliche Verpflichtungen sowie die Verpflichtungen aus der Altersteilzeitregelung wurden grundsätzlich nach versicherungsmathematischen Grundsätzen auf der Grundlage
vorliegender Gutachten gebildet. Hierin enthalten ist eine Rückstellung für einen Teil der mittelbaren Verpflichtungen (Deckungslücke) gegenüber der Versorgungsanstalt des Bundes und der Länder, Karlsruhe,
nachfolgend VBL genannt. Bei der Ermittlung der Rückstellung waren die zu zahlenden Sanierungsgelder maßgeblich. Die VBL hat bislang für den Abrechnungsverband West neben den Umlagen Sanierungsgelder
mit einer Gesamthöhe von 2,0% der dynamisierten Entgelte aller Pflichtversicherten im Jahr 2001 erhoben. Im neuen Deckungsabschnitt für die Zeit vom 1. Januar 2016 bis zum 31. Dezember 2022 vermindert
sich die Gesamthöhe der von den beteiligten Arbeitgebern zu leistenden Sanierungsgelder von bisher 2,0% der Bemessungsgrundlage auf 0,14%."; 8.48, 8.50 ;2016;GASAG AG;Jahresabschluss;EY
"Bei der Rückstellungsbewertung wurde eine Anerkennung als Härtefall nach den Ausführungsbestimmungen zu § 65 Abs. 5 a VBL-Satzung unterstellt. Die Verpflichtung zur Zahlung des Sanierungsgeldes der
VBL wurde mit ihrem Barwert bilanziert. Der Berechnungszinssatz beträgt 3,71% (Vj. 3,50%)."; 8.50 ;2016;GASAG AG;Jahresabschluss;EY
"Für die Berechnung der Rückstellungen für Pensionen und ähnliche Verpflichtungen wurde ein Zinssatz von 4,01% (Vj. 3,89%), für Altersteilzeitrückstellungen ein Zinssatz von 2,14% (Vj. 2,74%) zugrunde
gelegt. Aus der Anpassung dieser Zinssätze ergab sich ein Anstieg der Rückstellungen in Höhe von 324 Tsd.€."; 8.48, 8.50 ;2016;GASAG AG;Jahresabschluss;EY
"Bei der Bewertung der Pensionsverpflichtungen wurde im Geschäftsjahr erstmalig gemäß § 253 HGB Abs. 2 Satz 1 der durchschnittliche Marktzinssatz der vergangenen zehn Jahre angesetzt (Vj. durchschnittlicher
Marktzinssatz der vergangenen sieben Jahre)."; 8.48, 42 ;2016;GASAG AG;Jahresabschluss;EY
"Für die Berechnung der Rückstellungen für Pensionen und ähnliche Verpflichtungen sowie für Altersteilzeitrückstellungen wurde das Anwartschaftsbarwertverfahren angewendet. Den versicherungsmathematischen
Berechnungen der Rückstellungen für Pensionen und ähnliche Verpflichtungen sowie für Altersteilzeit wurden zu erwartende Gehaltssteigerungen von 2% und Rentensteigerungen von 1% sowie die
Sterbetafeln Heubeck (2005) zugrunde gelegt."; 8.48, 8.50, 41 ;2016;GASAG AG;Jahresabschluss;EY
"Die Steuerrückstellungen und die sonstigen Rückstellungen berücksichtigen alle ungewissen Verbindlichkeiten und drohenden Verluste aus schwebenden Geschäften. Sie wurden in Höhe des nach vernünftiger
kaufmännischer Beurteilung notwendigen Erfüllungsbetrages einschließlich zukünftiger Kosten- und Preissteigerungen angesetzt. Die im Geschäftsjahr 2016 gebildeten Rückstellungen mit einer Restlaufzeit von
mehr als einem Jahr wurden abgezinst. Bei der Beurteilung, ob für schwebende Bezugsverträge drohende Verluste bestehen, sind schwebende Absatzgeschäfte in den Saldierungsbereich mit einbezogen worden."; 8.49, 8.50 ;2016;GASAG AG;Jahresabschluss;EY
Die angewandten Zinssätze basieren auf den Abzinsungszinssätzen gemäß § 253 Abs. 2 HGB der Deutschen Bundesbank.;;2016;GASAG AG;Jahresabschluss;EY
Die Verbindlichkeiten wurden zum Erfüllungsbetrag angesetzt.; 8.51 ;2016;GASAG AG;Jahresabschluss;EY
"Derivative Finanzinstrumente werden zur Absicherung der Kalkulationsgrundlage des Grundgeschäfts eingesetzt. Bewertungseinheiten zwischen derivativen Finanzinstrumenten und Grundgeschäften werden
unverändert saldiert bewertet. Derivate, für die keine Grundgeschäfte bestehen, werden imparitätisch behandelt.";;2016;GASAG AG;Jahresabschluss;EY
Erläuterung der Bilanz;;2016;GASAG AG;Jahresabschluss;EY
Aktiva;;2016;GASAG AG;Jahresabschluss;EY
(1) Anlagevermögen;;2016;GASAG AG;Jahresabschluss;EY
Die Entwicklung des Anlagevermögens ist im Anlagenspiegel dargestellt.; 4.1 ;2016;GASAG AG;Jahresabschluss;EY
(2) Immaterielle Vermögensgegenstände;;2016;GASAG AG;Jahresabschluss;EY
Als immaterielle Vermögensgegenstände sind im Wesentlichen Grunddienstbarkeiten mit 31.159 Tsd.€ (Vj. 30.570 Tsd.€) ausgewiesen.; 4.2 ;2016;GASAG AG;Jahresabschluss;EY
"In dem Posten Grunddienstbarkeiten sind auch jene nach § 9 Grundbuchbereinigungsgesetz (GBBerG) mit 1.094 Tsd.€ (Vj. 1.176 Tsd.€) enthalten, welche grundbuchrechtlich gesichert, aber noch nicht entschädigt
sind. Die Reduzierung ist auf grundbuchrechtliche Sicherungen im Berichtsjahr in Höhe von 82 Tsd.€ und der damit verbundenen Entnahme des korrespondierenden Rückstellungsbetrages für Entschädigungszahlungen
zurückzuführen."; 4.4 ;2016;GASAG AG;Jahresabschluss;EY
(3) Sachanlagen;;2016;GASAG AG;Jahresabschluss;EY
"31.12.2016.
T€
31.12.2015.
T€
Grundstücke und Bauten einschließlich
der Bauten auf fremden Grundstücken 19.854 17.183
Erzeugungs-, Bezugs- und Verteilungsanlagen 686.131 750.796
Betriebs- und Geschäftsausstattung 870 1.000
Geleistete Anzahlungen und Anlagen im Bau 23.400 37.388
730.255 806.367"; 4.8, 4.9, 4.10, 4.11 ;2016;GASAG AG;Jahresabschluss;EY
"Die Erhöhung des Bestandes Grundstücke und Bauten resultiert wesentlich aus der Fertigstellung des Gebäudes und der Außenanlagen für die Erdgas-Übernahmestation Waltersdorf (3.696 Tsd.€). Dagegen stehen
Abschreibungen (697 Tsd.€) sowie Verkäufe von Grundstücken und Gebäuden (320 Tsd.€)."; 4.8 ;2016;GASAG AG;Jahresabschluss;EY
"Der Rückgang der Erzeugungs-, Bezugs- und Verteilungsanlagen ergibt sich im Wesentlichen aus den Abschreibungen in Höhe von 112.570 Tsd.€, in denen außerplanmäßige Abschreibungen auf den Berliner
Erdgasspeicher in Höhe von 61.390 Tsd.€ (Vj. 5.867 Tsd.€) enthalten sind. Die unverändert schlechte Marktsituation sowie energiepolitische Rahmenbedingungen führen seit Jahren zu einer wirtschaftlichen
Verschlechterung des Speicherbetriebes. Eine Fortführung der Speicherung ist wirtschaftlich nicht mehr sinnvoll, sodass der Aufsichtsrat am 16. Dezember 2016 einer Beantragung eines Stilllegungsverfahrens
beim Landesamt für Bergbau, Geologie und Rohstoffe Brandenburg in 2017 zugestimmt hat. Der Berliner Erdgasspeicher wird aus diesem Grund zum Abschlussstichtag, bis auf den zukünftigen durch die
Förderung des Kissengases zu erwartenden Erlös in Höhe von 41.694 Tsd.€, außerplanmäßig abgeschrieben."; 4.9 ;2016;GASAG AG;Jahresabschluss;EY
Die Investitionen für Erzeugungs-, Bezugs- und Verteilungsanlagen in Höhe von 22.401 Tsd.€ entfallen im Wesentlichen auf den Ausbau der Netzverteilungsanlagen, welche Ersatz- und Neuinvestitionen umfassen.; 4.9 ;2016;GASAG AG;Jahresabschluss;EY
"Der Bestand geleisteter Anzahlungen und Anlagen im Bau in Höhe von 23.400 Tsd.€ beinhaltet im Wesentlichen Bauleistungen in die Netzverteilungsanlagen. Die Reduzierung resultiert aus der Fertigstellung
von Erzeugungs-, Bezugs- und Verteilungsanlagen sowie Gebäude im Berichtsjahr."; 4.11 ;2016;GASAG AG;Jahresabschluss;EY
(4) Finanzanlagen;;2016;GASAG AG;Jahresabschluss;EY
"31.12.2016.
T€
31.12.2015.
T€
Anteile an verbundenen Unternehmen 303.151 304.650
Ausleihungen an verbundene Unternehmen 45.600 38.880
Beteiligungen 1.425 1.075
Sonstige Ausleihungen 964 1.019
351.140 345.624"; 4.13, 4.14, 4.15, 4.18 ;2016;GASAG AG;Jahresabschluss;EY
"Die Veränderung bei den Anteilen an verbundenen Unternehmen betreffen den Erwerb der Anteile an Gesellschaften, die im nachfolgenden Kapitel genannt werden, sowie die Wertaufholung bei den Anteilen an
der umetriq Metering Services GmbH, Berlin. Gegenläufig wirkte sich die Wertberichtigung auf die Anteile an der SpreeGas Gesellschaft für Gasversorgung und Energiedienstleistung mbH, Cottbus, aus."; 4.13 ;2016;GASAG AG;Jahresabschluss;EY
Anteilsbesitz;;2016;GASAG AG;Jahresabschluss;EY
Der Anteilsbesitz hat sich im Geschäftsjahr wie folgt verändert:; 4.13 ;2016;GASAG AG;Jahresabschluss;EY
Tochterunternehmen:; 4.13 ;2016;GASAG AG;Jahresabschluss;EY
Die GASAG erwarb mit dem Geschäftsanteilskauf- und -abtretungsvertrag vom 9. Dezember 2016 56,6648% der Anteile an der Provedo GmbH, Leipzig.; 4.13 ;2016;GASAG AG;Jahresabschluss;EY
"Die GASAG tritt mit Einbringungsvertrag vom 16. Dezember 2016 ihre Kommanditgesellschaftsanteile an der Berliner Erdgasspeicher GmbH & Co. KG, Berlin, an die Berliner Erdgasspeicher Verwaltungs-GmbH,
Berlin, ab. Mit Einbringung der Beteiligung durch die GASAG in die Erdgasspeicher Verwaltungs-GmbH, Berlin, geht das gesamte Vermögen der Gesellschaft ohne Liquidation im Wege der Gesamtrechtsnachfolge
auf die Berliner Erdgasspeicher Verwaltungs-GmbH über, so dass die Gesellschaft in Folge der Anwachsung erlischt. Die Berliner Erdgasspeicher Verwaltungs-GmbH wurde mit HR Eintrag HRB 55594
B am 29. Dezember 2016 in Berliner Erdgasspeicher GmbH umfirmiert."; 4.13 ;2016;GASAG AG;Jahresabschluss;EY
"Die GASAG gründete gemäß Errichtungsprotokoll vom20. April 2016 die GASAG Windpark Verwaltungs-GmbH, Berlin, als alleinige Gesellschafterin. Die GASAG Windpark Verwaltungs-GmbH ist eingetragene
Komplementär in der Windpark Dahme - Wahlsdorf 2 GmbH & Co. KG, Zossen."; 4.13 ;2016;GASAG AG;Jahresabschluss;EY
Mit dem Kauf- und Abtretungsvertrag vom 25. Juli 2016 erwarb die GASAG 100% der Anteile an der Windpark Dahme - Wahlsdorf 2 GmbH & Co. KG, Zossen, von der Energiequelle GmbH, Zossen.; 4.13 ;2016;GASAG AG;Jahresabschluss;EY
Assoziierte / Gemeinschafts- Unternehmen:; 4.13 ;2016;GASAG AG;Jahresabschluss;EY
"Mit dem Anteilskauf- und Abtretungsvertrag vom 10. Dezember 2015 verkaufte die EMB Energie Mark Brandenburg GmbH, Potsdam, 23,9% der Anteile an der Gasversorgung Zehdenick GmbH, Zehdenick,
mit wirtschaftlicher Wirkung zum 1. Januar 2015 an die Stadtwerke Zehdenick GmbH, Zehdenick. Die Wirksamkeit des Vertrages war zum 31. Dezember 2015 aufschiebend bedingt durch die noch ausstehende
Eintragung einer im Zusammenhang mit dem Anteilsverkauf erfolgten Kapitalerhöhung in das Handelsregister. Der Anteilsverkauf ist zum 10. Februar 2016 wirksam vollzogen worden."; 4.13 ;2016;GASAG AG;Jahresabschluss;EY
"Die EMB erwarb mit Geschäftsanteilskauf- und -übertragungsvertrag vom 17. November 2016 50% der Anteile an der Netzgesellschaft Hennigsdorf Gas mbH, Hennigsdorf, von dem alleinigen Anteilseigner
Stadtwerke Hennigsdorf GmbH, Hennigsdorf."; 4.13 ;2016;GASAG AG;Jahresabschluss;EY
"Die ARGE Großräschen, Cottbus, hat mit Wirkung zum 1. Januar 2016 alle Rechte und Pflichten aus Verträgen gemäß Übertragungsvereinbarung vom 8. Dezember 2015 auf die ARGE Wärmelieferung, Cottbus,
übertragen. Die ARGE Großräschen wurde durch Gesellschafterbeschluss vom 8. Dezember 2015 mit Wirkung zum 1. Januar 2016 beendet."; 4.13 ;2016;GASAG AG;Jahresabschluss;EY
"Die NBB Netzgesellschaft Berlin-Brandenburg mbH & Co. KG, Berlin, erwarb mit Geschäftsanteilskauf- und -abtretungsvertrag vom 21. Juli 2016 49% der Anteile an der WGI GmbH, Dortmund, von der
bisherigen alleinigen Anteilseignerin ITS Informationstechnik Service GmbH, Dortmund."; 4.13 ;2016;GASAG AG;Jahresabschluss;EY
"Die SpreeGas Gesellschaft für Gasversorgung und Energiedienstleistung mbH, Cottbus, gründete mit dem Gesellschaftsvertrag zur Gründung einer GmbH vom 26. Oktober 2016 die SpreeGas Verwaltungs-GmbH,
Cottbus. Sie hält 100% der Anteile an der Gesellschaft."; 4.13 ;2016;GASAG AG;Jahresabschluss;EY
"Die SpreeGas kaufte mit dem Vertrag zum Verkauf und zur Übertragung von Kommanditanteilen vom 18. November 2016 100% der Anteile an der
Solar Project 19 GmbH & Co. KG, Cottbus. Komplementärin der Solar Project 19 GmbH & Co. KG, Cottbus, ist die SpreeGas Verwaltungs-GmbH, Cottbus."; 4.13 ;2016;GASAG AG;Jahresabschluss;EY
Ausblick 2017;;2016;GASAG AG;Jahresabschluss;EY
Tochterunternehmen:;;2016;GASAG AG;Jahresabschluss;EY
"Gemäß Aufsichtsratsbeschluss vom 16. Dezember 2016 wird die GASAG Contracting GmbH, Berlin, ihr Vermögen als Ganzes gegen Gewährung von Anteilen an dem übernehmenden Rechtsträger unter
Auflösung ohne Abwicklung (gemäß § 2 Nr. 1 UmwG) auf die umetriq im Wege der Verschmelzung durch Aufnahme übertragen. Die Übernahme des Vermögens erfolgt mit Wirkung zum 1. Januar 2017.";;2016;GASAG AG;Jahresabschluss;EY
Assoziierte / Gemeinschafts- Unternehmen:;;2016;GASAG AG;Jahresabschluss;EY
"Die GASAG hat mit Geschäftsanteilskauf- und -abtretungsvertrag vom 24. August 2016 51% der Anteile an der G2plus GmbH, Berlin, von der Gegenbauer Facility Management GmbH, Berlin, mit Wirkung
nicht vor dem 1. Januar 2017 erworben. Die restlichen Anteile in Höhe von 49% verbleiben bei der Gegenbauer Facility Management GmbH. Beide Parteien haben einen Konsortialvertrag abgeschlossen, der
die gemeinsame Führung der G2plus GmbH regelt.";;2016;GASAG AG;Jahresabschluss;EY
"Gesellschaft
Eigenkapital in T€
31.12.2016 Anteil am Kapital Jahresergebnis in T€ 2016
ARGE Wärmelieferung, Cottbus1, 2 307 50,00% 32
BAS Abrechnungsservice Beteiligungs-GmbH, Berlin 49 100,00% 3
BAS Abrechnungsservice GmbH & Co. KG, Berlin 1.357 100,00% 618
Berliner Energieagentur GmbH, Berlin1 5.514 25,00% 446
Berliner Erdgasspeicher GmbH, Berlin 1.415 100,00% 415
Bio-Erdgas Neudorf GmbH, Groß Pankow3 1.381 74,90% 181
DSE Direkt-Service Energie GmbH, Berlin 1.653 100,00% -84
EMB-Beteiligungsgesellschaft mbH, Potsdam3 3.901 100,00% 545
EMB Energie Mark Brandenburg GmbH, Potsdam 114.863 73,31% 20.108
GASAG Bio-Erdgas Schwedt GmbH, Schwedt/Oder 7.632 100,00% 1.126
GASAG Contracting GmbH, Berlin 11.463 100,00% 3.953
GASAG Windpark Verwaltungs- GmbH, Berlin 24 100,00% -1
Gas-Versorgungsbetriebe Cottbus GmbH, Cottbus1, 2, 4 5.923 37,00% 795
Gasversorgung Zehdenick GmbH, Zehdenick3, 8 1.487 25,10% 150
GreenGas Produktionsanlage Rathenow GmbH & Co. KG, Rathenow1, 3 -7 49,00% 109
GreenGas Rathenow Verwaltungs GmbH, Rathenow1, 3 48 49,00% 3
infrest - Infrastruktur eStrasse GmbH, Berlin5 -245 67,36% 113
KKI-Kompetenzzentrum Kritische Infrastrukturen GmbH, Berlin5 -4.640 74,90% -273
NBB Netz-Beteiligungs-GmbH, Berlin 48 100,00% 2
NBB Netzgesellschaft Berlin-Brandenburg mbH & Co. KG, Berlin6 8.746 100,00% 11.978
Netzgesellschaft Forst (Lausitz) mbH & Co. KG, Forst (Lausitz)7 4.288 100,00% 678
Netzgesellschaft Hennigsdorf Gas mbH, Hennigsdorf3 25 50,00% 0
Netzgesellschaft Hohen Neuendorf Gas GmbH & Co. KG, Hohen Neuendorf3, 8 5.224 49,00% 263
NGK Netzgesellschaft Kyritz GmbH, Kyritz1, 3 1.171 49,00% 45
Provedo GmbH, Leipzig8 737 56,66% 0
Rathenow er Netz GmbH, Rathenow1, 3 3.594 35,00% 26
Solar Project 19 GmbH & Co. KG, Cottbus2, 8 1.187 100,00% -11
SpreeGas Gesellschaft für Gasversorgung und Energiedienstleistung mbH, Cottbus 34.541 66,34% 5.944
SpreeGas Verwaltungs-GmbH, Cottbus2 25 100,00% 0
Stadtwerke Forst GmbH, Forst (Lausitz) 10.755 74,90% 711
Tevaro GmbH, Berlin8 472 33,33% -933
umetriq Metering Services GmbH, Berlin 1.796 100,00% -305
WGI GmbH, Dortmund1, 5 144 49,00% 216
Windpark Dahme - Wahlsdorf 2 GmbH & Co. KG GmbH, Zossen 2.897 100,00% -87"; 94 ;2016;GASAG AG;Jahresabschluss;EY
"1 Daten betreffen den Jahresabschluss zum 31.12.2015
2 mittelbare Beteiligung der GASAG AG über die SpreeGas Gesellschaft für Gasversorgung und Energiedienstleistung mbH, Cottbus
3 mittelbare Beteiligung der GASAG AG über die EMB Energie Mark Brandenburg GmbH, Potsdam
4 Ergebnis des Jahresabschlusses 2015 vor Gewinnabführung
5 mittelbare Beteiligung der GASAG AG über die NBB Netzgesellschaft Berlin-Brandenburg & Co. KG, Berlin
6 davon 16,5% mittelbare Beteiligung der GASAG AG über die EMB Energie Mark Brandenburg GmbH, Potsdam, sowie 3,0% mittelbare Beteiligung der GASAG AG über die SpreeGas Gesellschaft für
Gasversorgung und Energiedienstleistung mbH, Cottbus
7 mittelbare Beteiligung über die Stadtwerke Forst GmbH, Forst (Lausitz)
8 Prognose 31.12.2016";;2016;GASAG AG;Jahresabschluss;EY
(5) Vorräte;;2016;GASAG AG;Jahresabschluss;EY
"31.12.2016.
T€
31.12.2015.
T€
Waren 30.365 36.776"; 4.22 ;2016;GASAG AG;Jahresabschluss;EY
Die unter den Vorräten ausgewiesenen Waren betreffen das in dem Erdgasspeicher bevorratete Arbeitsgas.; 4.22 ;2016;GASAG AG;Jahresabschluss;EY
(6) Forderungen und sonstige Vermögensgegenstände;;2016;GASAG AG;Jahresabschluss;EY
"31.12.2016 31.12.2015
Insgesamt davon mit einer Restlaufzeit Insgesamt davon mit einer Restlaufzeit
T€
bis 1 Jahr.
T€
über 1 Jahr.
T€ T€
bis 1 Jahr.
T€
über 1 Jahr.
T€
Forderungen aus Lieferungen
und Leistungen
71.566 71.566 0 46.678 46.678 0
Forderungen gegen verbundene
Unternehmen
36.089 36.089 0 37.920 37.920 0
(davon Forderungen aus
Lieferungen und Leistungen)
(20.233) (20.233) (0) (21.746) (21.746) 0
Forderungen gegen Unternehmen,
mit denen ein
Beteiligungsverhältnis
besteht
1.024 1.024 0 290 290 0
Sonstige Vermögensgegenstände
27.611 27.610 1 37.828 37.827 1
136.290 136.289 1 122.716 122.715 1"; 4.26, 4.27, 4.28, 4.29 ;2016;GASAG AG;Jahresabschluss;EY
"Die Forderungen aus Lieferungen und Leistungen resultieren im Wesentlichen aus Gaslieferungen an Kunden. Hierin enthalten sind noch nicht abgerechnete Forderungen in Höhe von 305.378 Tsd.€ (Vj. 310.196
Tsd.€), die mit den noch nicht abgerechneten Abschlagszahlungen in Höhe von 257.088 Tsd.€ (Vj. 286.580 Tsd.€) saldiert worden sind."; 4.26 ;2016;GASAG AG;Jahresabschluss;EY
Die Forderungen gegen verbundene Unternehmen setzen sich wie folgt zusammen:; 4.27 ;2016;GASAG AG;Jahresabschluss;EY
"31.12.2016.
T€
31.12.2015.
T€
Forderungen aus Lieferungen und Leistungen 20.233 21.746
Sonstige Vermögensgegenstände 1.201 2.830
davon:
Umsatzsteuerforderungen (65) (65)
Kontenclearing 11.655 12.344
Kurzfristige Gesellschafterdarlehen 3.000 1.000
36.089 37.920"; 4.27 ;2016;GASAG AG;Jahresabschluss;EY
Die Forderungen gegen verbundene Unternehmen aus Lieferungen und Leistungen enthalten überwiegend Erdgaslieferungen sowie Lieferungen von Strom und Wärme.; 4.27 ;2016;GASAG AG;Jahresabschluss;EY
Die sonstigen Vermögensgegenstände setzen sich wie folgt zusammen:; 4.29 ;2016;GASAG AG;Jahresabschluss;EY
"31.12.2016.
T€
31.12.2015.
T€
Steuerforderungen 21.271 24.765
davon:
Einkommen- und Ertragsteuerforderungen (9.614) (5.284)
Sonstige Steuerforderungen (10.527) (19.480)
Umsatzsteuerforderungen (1.130) (0)
Debitorische Kreditoren 707 6.603
Übrige 5.633 6.460
27.611 37.828"; 4.29 ;2016;GASAG AG;Jahresabschluss;EY
"Die Einkommen- und Ertragsteuerforderungen enthalten Erstattungsansprüche aus Ertragsteuern für das laufende Jahr in Höhe von 5.786 Tsd.€. Daneben sind Erstattungsansprüche für Vorjahre auf Grund
steuerlicher Betriebsprüfungen und unter Berücksichtigung eines körpersteuerlichen Verlustrücktrages in Höhe von 3.828 Tsd.€ enthalten, denen Rückstellungen in Höhe von 3.195 Tsd.€ gegenüberstehen."; 4.29 ;2016;GASAG AG;Jahresabschluss;EY
Die Umsatzsteuerforderung resultiert aus einer zu hoch angesetzten und gezahlten Umsatzsteuer aus der Betriebsprüfung 2007 - 2010.; 4.29 ;2016;GASAG AG;Jahresabschluss;EY
Sonstige Steuerforderungen umfassen im Wesentlichen Energiesteuerforderungen.; 4.29 ;2016;GASAG AG;Jahresabschluss;EY
Unter den übrigen sonstigen Vermögensgegenständen werden geleistete Anzahlungen auf nicht aktivierbare Leistungen in Höhe von 1.318 Tsd.€ (Vj. 3.751 Tsd.€) ausgewiesen.; 4.29 ;2016;GASAG AG;Jahresabschluss;EY
Darüber hinaus sind in den übrigen sonstigen Vermögensgegenständen Sicherheitsleistungen in Höhe von 3.689 Tsd.€ (Vj. 2.095 Tsd.€) enthalten.; 4.29 ;2016;GASAG AG;Jahresabschluss;EY
(7) Flüssige Mittel;;2016;GASAG AG;Jahresabschluss;EY
"31.12.2016.
T€
31.12.2015.
T€
Kassenbestand 32 37
Guthaben bei Kreditinstituten 64.897 80.695
(davon kurzfristige Geldanlagen) (49.300) (62.300)
64.929 80.732"; 4.33 ;2016;GASAG AG;Jahresabschluss;EY
Passiva;;2016;GASAG AG;Jahresabschluss;EY
(8) Eigenkapital;;2016;GASAG AG;Jahresabschluss;EY
Das Grundkapital besteht zum Stichtag aus 8.100.000 nennwertlosen Inhaberstückaktien mit einem rechnerischen Wert von 51,00 € und beträgt 413.100 Tsd.€.; 4.38, 32 ;2016;GASAG AG;Jahresabschluss;EY
Die Kapitalrücklage enthält ausschließlich Beträge nach § 272 Abs. 2 Nr. 1 HGB.; 4.39 ;2016;GASAG AG;Jahresabschluss;EY
Die aus einem Teilbetrag des Jahresüberschusses 2010 gebildete Gewinnrücklage in Höhe von 29.077 Tsd.€ bleibt unverändert bestehen.; 4.40 ;2016;GASAG AG;Jahresabschluss;EY
Die Entwicklung des Bilanzgewinns stellt sich wie folgt dar:;;2016;GASAG AG;Jahresabschluss;EY
"31.12.2016.
T€
31.12.2015.
T€
Bilanzgewinn (Vorjahr) 78.289 64.580
Ausschüttung 35.721 30.942
Jahresfelhbetrag/Jahresüberschuss -34.817 44.651
7.751 78.289"; 4.46, 78 ;2016;GASAG AG;Jahresabschluss;EY
(9) Sonderposten;;2016;GASAG AG;Jahresabschluss;EY
"31.12.2016.
T€
31.12.2015.
T€
Investitionszuschüsse 39.462 41.580
Baukostenzuschüsse 2.701 4.473
42.163 46.053"; 4.95, 4.97 ;2016;GASAG AG;Jahresabschluss;EY
"Der Sonderposten enthält Investitionszuschüsse von Fremden, welche anteilig über die Nutzungsdauer der betroffenen Anlagegüter ertragswirksam aufgelöst werden, sowie die bis zum 31. Dezember 2002
erhaltenen Baukostenzuschüsse, welche mit jährlich 5% ertragswirksam aufgelöst werden. Die Auflösung von kundenbezogenen Investitions- und Baukostenzuschüssen erfolgt in die Umsatzerlöse. Zuschüsse
der öffentlichen Hand für Investitionen werden zu Gunsten der sonstigen betrieblichen Erträge aufgelöst."; 4.95, 4.97 ;2016;GASAG AG;Jahresabschluss;EY
"Seit dem 1. Januar 2006 werden im Wesentlichen nur noch die Investitionszuschüsse aus Umverlegungen des Rohrnetzes bzw. von Hausanschlüssen sowie weitere sonstige Investitionszuschüsse für Software
bei der GASAG zugeführt und über die Nutzungsdauer der betroffenen Anlagegüter im Geschäftsjahr aufgelöst. Die aus der NDAV (Verordnung über Allgemeine Bedingungen für den Netzanschluss und dessen
Nutzung für die Gasversorgung in Niederdruck) resultierenden Investitions- und Baukostenzuschüsse von Fremden werden seit dem 1. Januar 2006 bei der NBB vereinnahmt."; 4.95, 4.97 ;2016;GASAG AG;Jahresabschluss;EY
"Insgesamt wurden Investitionszuschüsse in Höhe von 983 Tsd.€ (Vj. 1.726 Tsd.€) vereinnahmt. Den zugeführten Investitionszuschüssen stehen Auflösungen in Höhe von 3.100 Tsd.€ (Vj. 3.085 Tsd.€) gegenüber.
Die Auflösungen der Baukostenzuschüsse belaufen sich im Geschäftsjahr 2016 auf 1.772 Tsd.€ (Vj. 2.178 Tsd.€)."; 4.95, 4.97 ;2016;GASAG AG;Jahresabschluss;EY
(10) Rückstellungen;;2016;GASAG AG;Jahresabschluss;EY
"31.12.2016.
T€
31.12.2015.
T€
Rückstellungen für Pensionen und ähnliche Verpflichtungen 27.198 29.761
Steuerrückstellungen 3.195 7.325
Sonstige Rückstellungen 245.346 190.065
275.739 227.151"; 4.48, 4.49, 4.50, 111 ;2016;GASAG AG;Jahresabschluss;EY
"Die Rückstellungen für Pensionen und ähnliche Verpflichtungen gliedern sich in Versorgungszusagen für ehemalige Vorstandsmitglieder, in Betriebsrentenansprüche für Mitarbeiter der ehemaligen Berliner
Erdgas AG, in mittelbare und unmittelbare Versorgungszusagen für VVA-anspruchsberechtigte Mitarbeiter (Vereinbarung über die Versorgung der Angestellten und Arbeiter des Landes Berlin, VVA) sowie
in Verpflichtungen für Sanierungsgeld der VBL."; 4.48, 111 ;2016;GASAG AG;Jahresabschluss;EY
"Aus der Abzinsung der Rückstellungen für Pensionen mit dem durchschnittlichen Marktzinssatz der vergangenen zehn Jahre ergibt sich im Vergleich zur Abzinsung mit dem durchschnittlichen Marktzinssatz
der vergangenen sieben Jahre ein Unterschiedsbetrag in Höhe von 2.216 Tsd.€. Dieser Unterschiedsbetrag ist gemäß § 253 Abs. 6 HGB für die Ausschüttung gesperrt, wenn die freien Rücklagen zuzüglich
Gewinnvortrag diesem Betrag nicht mindestens entsprechen."; 4.48 ;2016;GASAG AG;Jahresabschluss;EY
Die Rückstellungen für die Versorgungszusagen für ehemalige Vorstandsmitglieder wurden mit den entsprechenden Rückdeckungsversicherungen verrechnet:; 4.48 ;2016;GASAG AG;Jahresabschluss;EY
"31.12.2016.
T€
31.12.2015.
T€
Erfüllungsbetrag der verrechneten Schulden 11.582 11.802
Anschaffungskosten der Vermögensgegenstände 6.753 6.728
Beizulegender Zeitwert der Vermögensgegenstände (Marktwert) 6.753 6.728
Verrechnete Aufwendungen 310 267
Verrechnete Erträge 215 220"; 4.48 ;2016;GASAG AG;Jahresabschluss;EY
Der beizulegende Zeitwert der Vermögensgegenstände entspricht den Anschaffungskosten, dabei handelt es sich im Wesentlichen um Rückdeckungsversicherungen.; 4.48 ;2016;GASAG AG;Jahresabschluss;EY
In den sonstigen Rückstellungen in Höhe von 245.346 Tsd.€ (Vj. 190.065 Tsd.€) sind im Wesentlichen folgende Posten enthalten:; 4.50, 47 ;2016;GASAG AG;Jahresabschluss;EY
"31.12.2016.
T€
31.12.2015.
T€
Rückstellungen für
Rückbau des Berliner Erdgasspeichers 67.462 11.611
Rechtsstreitigkeiten 62.978 67.407
Gasbezug 41.764 47.601
Ausstehende Rechnungen 17.160 13.029
Netznutzungsentgelte Gas 13.945 9.343
Maßnahmen in Zusammenhang mit Bodensanierungen 9.685 9.553
Drohende Verluste aus schwebenden Geschäften 7.322 8.212
Verpflichtungen für die Entschädigung
von dinglichen Grundstücksrechten gemäß § 9 GBBerG 1.497 1.587
Summe 221.813 168.343"; 4.50, 47 ;2016;GASAG AG;Jahresabschluss;EY
"Der Anstieg der Rückstellung zum Rückbau des Berliner Erdgasspeichers steht im Zusammenhang mit der Einleitung eines Stilllegungsverfahrens in 2017. Die BES wird in 2017 einen Abschlussbetriebsplan
beim zuständigen Landesamt für Bergbau, Geologie und Rohstoffe Brandenburg (LBGR) zur Genehmigung einreichen. Das Verfahren wird unter Beteiligung der Träger öffentlicher Belange durchgeführt. Mit
der Zulassung des Abschlussbetriebsplans wird mit den Maßnahmen zur Stilllegung begonnen."; 4.50, 47 ;2016;GASAG AG;Jahresabschluss;EY
"Die in den sonstigen Rückstellungen darüber hinaus enthaltenen Altersteilzeitverpflichtungen werden mit Vermögensgegenständen zur Insolvenzsicherung von Ansprüchen aus Altersteilzeitvereinbarungen nach
§ 8a des Altersteilzeitgesetzes, welche vom GASAG Treuhand e. V., Berlin, gehalten werden, saldiert. Nach § 8a des Altersteilzeitgesetzes sind die Wertguthaben einschließlich des darauf entfallenden Arbeitgeberanteils
am Gesamtsozialversicherungsbeitrag abzusichern. Der GASAG Treuhand e. V. hat die ihm von der GASAG übertragenen finanziellen Mittel unter angemessener Abwägung von Ertragsmöglichkeiten
und der Substanzerhaltung zu verwalten und darf sie darüber hinaus in Zukunft ausschließlich und unwiderruflich zur Erfüllung der entsprechenden Verpflichtungen verwenden."; 4.50, 47 ;2016;GASAG AG;Jahresabschluss;EY
"31.12.2016.
T€
31.12.2015.
T€
Erfüllungsbetrag der verrechneten Schulden 4.695 4.996
Anschaffungskosten der Vermögensgegenstände 3.005 2.640
Beizulegender Zeitwert der Vermögensgegenstände (Marktwert) 3.005 2.640
Verrechnete Aufwendungen aus Altersteilzeitverpflichtungen 123 161
Verrechnete Erträge aus Treuhandvermögen 1 2"; 4.50 ;2016;GASAG AG;Jahresabschluss;EY
Der beizulegende Zeitwert der Vermögensgegenstände entspricht den Anschaffungskosten, da es sich hierbei um Festgeldanlagen handelt.; 4.50 ;2016;GASAG AG;Jahresabschluss;EY
(11) Verbindlichkeiten;;2016;GASAG AG;Jahresabschluss;EY
"31.12.2016 31.12.2015
Insgesamt davon mit einer Restlaufzeit Insgesamt
davon mit einer Restlaufzeit
T€
bis 1 Jahr.
T€
über 1 Jahr.
T€
über 5 Jahre.
T€ T€
bis 1 Jahr.
T€
Kreditinstitute 463.383 52.419 261.191 149.774 519.057 57.246
Verbindlichkeiten aus
Lieferungen und Leistungen
2.391 2.391 0 0 407 407
Verbindlichkeiten gegenüber
verbundenen Unternehmen
43.510 43.510 0 0 44.553 44.553
Verbindlichkeiten gegenüber
Unternehmen, mit
denen ein Beteiligungsverhältnis
besteht
25 25 0 0 1.671 1.671
Sonstige Verbindlichkeiten
31.428 22.696 3.582 5.150 28.429 18.802
(davon aus Steuern) (6.106) (6.106) (0) (0) (4.838) (4.838)
(davon im Rahmen der
sozialen Sicherheit)
(26) (26) (0) (0) (22) (22)
540.737 121.041 264.773 154.924 594.117 122.679"; 4.54, 4.56, 4.58, 4.59, 4.60, 4.61, 4.62, 49 ;2016;GASAG AG;Jahresabschluss;EY
"31.12.2015
davon mit einer Restlaufzeit
über 1 Jahr.
T€
über 5 Jahre.
T€
Kreditinstitute 271.284 190.527
Verbindlichkeiten aus Lieferungen und Leistungen 0 0
Verbindlichkeiten gegenüber verbundenen Unternehmen 0 0
Verbindlichkeiten gegenüber Unternehmen, mit denen ein Beteiligungsverhältnis besteht 0 0
Sonstige Verbindlichkeiten 3.582 6.045
(davon aus Steuern) (0) (0)
(davon im Rahmen der sozialen Sicherheit) (0) (0)
274.866 196.572";;2016;GASAG AG;Jahresabschluss;EY
Die Verbindlichkeiten gegenüber verbundenen Unternehmen setzen sich wie folgt zusammen:; 4.58 ;2016;GASAG AG;Jahresabschluss;EY
"31.12.2016.
T€
31.12.2015.
T€
Verbindlichkeiten aus Lieferungen und Leistungen 445 1.311
Sonstige Verbindlichkeiten 11.676 6.156
davon:
Umsatzsteuerverbindlichkeiten (246) (159)
Kontenclearing 31.389 37.086
43.510 44.553"; 4.58 ;2016;GASAG AG;Jahresabschluss;EY
"Die sonstigen Verbindlichkeiten gegenüber verbundenen Unternehmen enthalten im Wesentlichen Gewerbesteuerabgrenzungen gegenüber Konzernunternehmen in Höhe von 9.599 Tsd.€ (Vj. 2.452 Tsd.€) und
erhaltene Anzahlungen in Höhe von 1.655 Tsd.€ (Vj. 2.866 Tsd.€)."; 4.58 ;2016;GASAG AG;Jahresabschluss;EY
"Die sonstigen Verbindlichkeiten gegenüber Dritten enthalten im Wesentlichen sonstige Darlehen gegenüber Dritten in Höhe von 9.696 Tsd.€ (Vj. 10.602 Tsd.€), kreditorische Debitoren in Höhe von 8.753 Tsd.€
(Vj. 9.484 Tsd.€), sowie sonstige Steuerverbindlichkeiten in Höhe von 590 Tsd.€ (Vj. 368 Tsd.€). Zum Stichtag bestanden Umsatzsteuerverbindlichkeiten in Höhe von 5.032 Tsd.€."; 4.58 ;2016;GASAG AG;Jahresabschluss;EY
Erläuterung der Gewinn- und Verlustrechnung;;2016;GASAG AG;Jahresabschluss;EY
(12) Umsatzerlöse;;2016;GASAG AG;Jahresabschluss;EY
"2016.
T€
2015.
T€
Erdgaslieferung 692.716 745.883
Stromlieferung 45.467 19.846
Wärmelieferung 2.963 3.413
Übrige 132.927 114.024
Umsatzerlöse 874.073 883.166"; 4.66, 58 ;2016;GASAG AG;Jahresabschluss;EY
"Die Umsatzerlöse aus Erdgaslieferungen entfallen im Wesentlichen auf das Absatzgebiet Berlin. Der Anteil der Absatzmengen außerhalb Berlins an Endkunden beträgt 9,9% (Vj. 10,1%), die Absatzmenge für
Weiterverteiler 44,5% (Vj. 44,2%)."; 4.66 ;2016;GASAG AG;Jahresabschluss;EY
Der Rückgang der Erlöse aus Erdgaslieferungen ist im Wesentlichen auf spezifisch niedrigere Absatzpreise zurückzuführen.; 4.66 ;2016;GASAG AG;Jahresabschluss;EY
Der Anstieg der Umsatzerlöse aus Stromlieferungen resultiert aus dem gestiegenen Geschäftsumfang.; 4.66 ;2016;GASAG AG;Jahresabschluss;EY
In den Umsatzerlösen sind Verbrauchssteuern (Energie- und Stromsteuer) in Höhe von 67,0 Mio.€ (Vj. 62,5 Mio.€) saldiert worden.; 4.66 ;2016;GASAG AG;Jahresabschluss;EY
Die übrigen Umsatzerlöse enthalten wie bisher im Wesentlichen Erlöse aus der Verpachtung des Gasnetzes und des Berliner Erdgasspeichers.; 4.66 ;2016;GASAG AG;Jahresabschluss;EY
"Durch die erstmalige Anwendung des BilRUG und der damit verbundenen Erweiterung der Umsatzerlösdefinition werden mehrere Posten, die bisher in den Sonstigen betrieblichen Erträgen erfasst wurden, unter den
Umsatzerlösen ausgewiesen. Dazu gehören unter anderem Geschäftsbesorgungsvergütungen, Konzernumlagen aus IT-Weiterberechnungen, Mieterträge aus Vermietung und Verpachtung, Personalüberlassungen
sowie Erträge aus der Auflösung des Sonderpostens für kundenbezogene Baukosten- und Investitionszuschüsse. Durch diese Umstellung sind im Geschäftsjahr 19,5 Mio.€ zusätzlich in den Umsatzerlösen
enthalten. Bei entsprechender Anwendung im Vorjahr wären die Umsatzerlöse um 20,8 Mio.€ höher ausgewiesen worden."; 4.66, 59 ;2016;GASAG AG;Jahresabschluss;EY
(13) Sonstige betriebliche Erträge;;2016;GASAG AG;Jahresabschluss;EY
"2016.
T€
2015.
T€
Erträge aus der Auflösung von Rückstellungen 17.137 46.524
Erstattungen und Zuschüsse 3.371 3.036
Erträge aus Zuschreibungen 2.368 0
Ungeklärte Zahlungseingänge und Rückflüsse 2.017 1.802
Auflösung erhaltener Baukosten- und Investitionszuschüsse 1.893 5.262
Veränderung von Wertberichtigungen 1.236 3.110
Periodenfremde Erträge 383 4.359
Abgang von Gegenständen des Anlagevermögens 184 1.186
Erträge aus IV-Leistungen 0 7.674
Geschäfts besorgungsvergütungen 0 6.251
Vermietungen und Verpachtungen 0 3.353
Sonstiges 1.798 4.169
30.387 86.726"; 4.69 ;2016;GASAG AG;Jahresabschluss;EY
Die Erträge aus der Auflösung von Rückstellungen beinhalten im Wesentlichen Rechtsstreitigkeiten, Netzentgelte Gas sowie drohende Verluste aus Netzderivaten.; 4.69 ;2016;GASAG AG;Jahresabschluss;EY
Die Erstattungen und Zuschüsse resultieren im Wesentlichen aus Erstattungen von Mahn- und Gerichtskosten.; 4.69 ;2016;GASAG AG;Jahresabschluss;EY
"Zu den Auswirkungen des BilRUG verweisen wir auf unsere Erläuterungen unter ""Umsatzerlöse""."; 4.69 ;2016;GASAG AG;Jahresabschluss;EY
(14) Materialaufwand;;2016;GASAG AG;Jahresabschluss;EY
"2016.
T€
2015.
T€
Aufwendungen für Roh-, Hilfs- und Betriebsstoffe
und für bezogene Waren 472.616 527.159
Aufwendungen für bezogene Leistungen 171.536 175.585
644.152 702.744"; 4.71, 4.72 ;2016;GASAG AG;Jahresabschluss;EY
Die Aufwendungen für Roh-, Hilfs- und Betriebsstoffe und für bezogene Waren beinhalten im Wesentlichen Aufwendungen für den Erdgasbezug.; 4.71 ;2016;GASAG AG;Jahresabschluss;EY
Der Rückgang der Aufwendungen für Roh-, Hilfs- und Betriebsstoffe und für bezogene Waren resultiert im Wesentlichen aus spezifisch niedrigeren Gasbezugspreisen.; 4.71 ;2016;GASAG AG;Jahresabschluss;EY
Die Aufwendungen für bezogene Leistungen enthalten vor allem Aufwendungen für Netznutzung in Höhe von 141.277 Tsd.€ (Vj. 126.242 Tsd.€).; 4.72 ;2016;GASAG AG;Jahresabschluss;EY
"Durch die erstmalige Anwendung des BilRUG werden korrespondierende Aufwendungen zu den in die Umsatzerlöse umgegliederten Posten aus den Sonstigen betrieblichen Aufwendungen in Höhe von 5,7
Mio.€ in den Materialaufwand umgegliedert. Diese betreffen insbesondere Weitervermietungen von Grundstücks- und Büroflächen an Tochterunternehmen. Bei entsprechender Anwendung im Vorjahr wäre der
Materialaufwand um 7,9 Mio.€ höher ausgewiesen worden."; 4.70 ;2016;GASAG AG;Jahresabschluss;EY
(15) Personalaufwand;;2016;GASAG AG;Jahresabschluss;EY
"2016.
T€
2015.
T€
Gehälter 27.934 28.628
Soziale Abgaben und Aufwendungen für Altersversorgung und für Unterstützung 5.700 6.051
(davon für Altersversorgung) (1.777) (2.090)
33.634 34.679"; 4.74, 4.75, 4.76 ;2016;GASAG AG;Jahresabschluss;EY
"Die Verminderung des Personalaufwandes ist im Wesentlichen durch im Vorjahr eingeflossene Einmaleffekte für Personalmaßnahmen bedingt. Die mitarbeiterabhängigen Personalaufwendungen in 2016 erhöhen
sich entsprechend der Mitarbeiterzahlen in diesem Jahr gegenüber 2015 geringfügig."; 4.73 ;2016;GASAG AG;Jahresabschluss;EY
"Der durchschnittliche Mitarbeiterbestand ohne Auszubildende, Vorstand und Mitarbeiter, die sich in der passiven Phase der Altersteilzeit oder im ruhenden Arbeitsverhältnis befanden, erhöhte sich im Vergleich
zum Vorjahr von 385 Mitarbeitern um 11 Mitarbeiter auf 396 Mitarbeiter."; 4.73 ;2016;GASAG AG;Jahresabschluss;EY
Der Anstieg des Mitarbeiterbestandes beruht vor allem auf dem Beginn eines neuen Traineeprogrammes.;;2016;GASAG AG;Jahresabschluss;EY
(16) Abschreibungen auf immaterielle Vermögensgegenstände des Anlagevermögens und Sachanlagen;;2016;GASAG AG;Jahresabschluss;EY
"2016.
T€
2015.
T€
Abschreibungen auf immaterielle Vermögensgegenstände 2.538 2.960
Abschreibungen auf Sachanlagen 113.507 57.721
(davon außerplanmäßig) (61.390) (5.974)
116.045 60.681"; 4.78, 63 ;2016;GASAG AG;Jahresabschluss;EY
Von den planmäßigen Abschreibungen auf immaterielle Vermögenswerte betreffen 2.290 Tsd.€ (Vj. 2.603 Tsd.€) Softwarelizenzen.; 4.78 ;2016;GASAG AG;Jahresabschluss;EY
Die außerplanmäßigen Abschreibungen auf Sachanlagen in Höhe von 61.390 Tsd.€ (Vj. 5.974 Tsd.€) betreffen den Berliner Erdgasspeicher.; 4.78, 63 ;2016;GASAG AG;Jahresabschluss;EY
(17) Sonstige betriebliche Aufwendungen;;2016;GASAG AG;Jahresabschluss;EY
"2016.
T€
2015.
T€
Zuführung zur Rückstellung für den Rückbau des Berliner Erdgasspeichers 45.321 0
Werbung, Repräsentation und Verkaufsförderung 21.863 14.849
Ablesungs- und Abrechnungsdienstleistungen 16.028 13.728
IT-Dienstleistungen 9.212 15.424
Rechts-, Prüfungs- und Beratungskosten 8.826 8.543
Aufwendungen für Mieten und Leasing 3.960 5.512
Ausbuchungen und Wertberichtigungen auf Forderungen 3.465 6.451
Abgaben, Gebühren und Beiträge 1.663 1.698
Versicherungen 976 1.041
Leistungen für Gebäude und Grundstücke 959 1.349
Frachten, Post- und Telefonaufwand 866 844
Verluste aus Abgang von Gegenständen des Anlagevermögens 143 353
Rückstellungen für Rechtsstreitigkeiten 0 21.837
Übrige 5.159 5.087
118.441 96.716"; 4.80 ;2016;GASAG AG;Jahresabschluss;EY
"Zu den Auswirkungen des BilRUG verweisen wir auf unsere Erläuterungen unter ""Materialaufwand""."; 4.80 ;2016;GASAG AG;Jahresabschluss;EY
(18) Finanz- und Beteiligungsergebnis;;2016;GASAG AG;Jahresabschluss;EY
"2016.
T€
2015.
T€
Erträge aus Beteiligungen 21.251 28.476
(davon aus verbundenen Unternehmen) (21.216) (28.394)
Erträge aus Ausleihungen des Finanzanlagevermögens 1.287 1.361
(davon aus verbundenen Unternehmen) (1.285) (1.358)
Sonstige Zinsen und ähnliche Erträge 1.662 1.222
(davon aus verbundenen Unternehmen) (470) (330)
Abschreibungen auf Finanzanlagen 8.000 9.038
Aufwendungen aus Verlustübernahme (EAV) 8 0
Zinsen und ähnliche Aufwendungen 35.572 39.648
(davon an verbundene Unternehmen) (33) (624)
(davon aus Aufzinsung von Rückstellungen) (11.614) (6.198)
-19.380 -17.627"; 4.81, 4.82, 4.83, 4.84, 4.85, 4.86, 4.87, 4.88, 4.89, 66 ;2016;GASAG AG;Jahresabschluss;EY
Der Rückgang der Beteiligungserträge entfällt im Wesentlichen auf die verbundenen Unternehmen EMB und SpreeGas.; 4.82 ;2016;GASAG AG;Jahresabschluss;EY
Die Aufwendungen aus Verlustübernahme (EAV) resultieren aus dem Ergebnisabführungsvertrag vom 16. Dezember 2016 mit der BES.;;2016;GASAG AG;Jahresabschluss;EY
"Der Anstieg der Aufwendungen aus der Aufzinsung von Rückstellungen ist im Wesentlichen auf die Laufzeitverkürzung im Zusammenhang mit dem Beschluss zur Einleitung der Stilllegung des Berliner
Erdgasspeichers zurückzuführen."; 4.88 ;2016;GASAG AG;Jahresabschluss;EY
(19) Steuern vom Einkommen und vom Ertrag;;2016;GASAG AG;Jahresabschluss;EY
"2016.
T€
2015.
T€
Körperschaftsteuer - 114 4.739
Gewerbesteuer 592 746
Gewerbesteuererstattung 7.147 7.034
7.625 12.519"; 4.90 ;2016;GASAG AG;Jahresabschluss;EY
Die Körperschaftsteuergutschrift resultiert im Wesentlichen aus der Inanspruchnahme des steuerlichen Verlustrücktrages von 1.000 Tsd.€.; 4.90 ;2016;GASAG AG;Jahresabschluss;EY
"Die Gewerbesteuererstattung beruht auf dem Gesellschaftsvertrag zwischen der GASAG und der NBB. Demnach sind die Kommanditisten der Gesellschaften verpflichtet, die auf steuerrechtlichen Sonder- und/
oder Ergänzungsbilanzen der jeweiligen Kommanditisten beruhenden Gewerbesteuerbelastungen beziehungsweise -entlastungen zu tragen. Aus diesem Erstattungsanspruch resultiert für das laufende Geschäftsjahr
ein Gewerbesteueraufwand bei der GASAG in Höhe von 7.147 Tsd.€ (Vj. 7.034 Tsd.€)."; 4.90 ;2016;GASAG AG;Jahresabschluss;EY
(20) Außerbilanzielle Geschäfte / sonstige finanzielle Verpflichtungen VBL;;2016;GASAG AG;Jahresabschluss;EY
"Für alle Tarif- sowie einige außertarifliche Mitarbeiter der GASAG besteht eine Mitgliedschaft bei der VBL. Die VBL ist eine rechtsfähige Anstalt des öffentlichen Rechts, deren Zweckbestimmung es ist,
Arbeitnehmern der beteiligten Arbeitgeber im Wege privatrechtlicher Versicherung eine zusätzliche Alters- und Hinterbliebenenversorgung zu gewähren. Die VBL wird durch Umlagen finanziert. Der Umlagesatz
für die VBL betrug im Geschäftsjahr 2016 für den Abrechnungsverband West 7,86%, davon leistet der Arbeitgeber 6,45% und der Arbeitnehmer 1,41%. Im Abrechnungsverband Ost betrug der Umlagesatz 1,0%,
den der Arbeitgeber trägt. Ferner wird im Abrechnungsverband Ost ein Beitrag im Kapitaldeckungsverfahren in Höhe von 4,0% erhoben, der jeweils zur Hälfte von Arbeitgeber und Arbeitnehmer getragen wird.
Das umlagepflichtige Entgelt im Geschäftsjahr 2016 betrug 14.432 Tsd.€.";;2016;GASAG AG;Jahresabschluss;EY
Die übrigen außerbilanziellen Geschäfte / sonstigen finanziellen Verpflichtungen betreffen:;;2016;GASAG AG;Jahresabschluss;EY
"31.12.2016.
T€
Bezugsverpflichtungen Erdgas, Bioerdgas und Strom1 295.425
Nicht ausgeschöpfte Darlehensrahmen 61.021
Bestellobligo aus Investitionsvorhaben, Liefer- und Dienstleistungsverträgen 28.510
Miet- und Leasingverpflichtungen 28.030
Verpflichtungen aus Ablese- und Abrechnungsdienstleistungen 19.710
Sonstiges 12.040
444.736
davon gegenüber verbundenen Unternehmen 140.070
davon gegenüber assoziierten Unternehmen 9.293
1 Abzinsung gemäß § 285 HGB in Verbindung mit § 253 Abs. 2 HGB"; 83 ;2016;GASAG AG;Jahresabschluss;EY
Bezugsverpflichtungen aus Erdgas, Bioerdgas und Strom;;2016;GASAG AG;Jahresabschluss;EY
"Es bestehen Bezugsverpflichtungen aus Erdgas- und Bioerdgaslieferverträgen aus Standardhandelsgeschäften sowie mit Take-or-pay Klauseln. Unter Berücksichtigung der individuellen Laufzeiten ergeben sich
hieraus bis zum Jahr 2032 finanzielle Verpflichtungen in Höhe von 0,3 Mrd.€."; 83 ;2016;GASAG AG;Jahresabschluss;EY
Im Rahmen der langfristigen Bezugsverträge haben die Vertragsparteien in regelmäßigen Abständen (in der Regel alle drei Jahre) die Möglichkeit, Preisrevisionsbegehren zu stellen.; 83 ;2016;GASAG AG;Jahresabschluss;EY
Leasingverhältnisse;;2016;GASAG AG;Jahresabschluss;EY
Die GASAG zieht aus den nachfolgenden Leasingverhältnissen Finanzierungsvorteile, muss jedoch den Zahlungsverpflichtungen jederzeit nachkommen können.; 83 ;2016;GASAG AG;Jahresabschluss;EY
"Die GASAG hat im Jahr 2003 einen Vertrag auf unbestimmte Zeit über die Finanzierung der Beschaffung und der Entsorgung von Hard- und Software geschlossen. Es bestehen eine Zinsgleitklausel sowie ein
Ankaufsrecht. Die Verpflichtungen der GASAG sind durch einen Eigentumsvorbehalt des Leasinggebers auf die geleasten Vermögensgegenstände besichert."; 83 ;2016;GASAG AG;Jahresabschluss;EY
"Die GASAG hält zwei Rahmenverträge über die Bereitstellung von Fahrzeugen, das Fuhrparkmanagement und die Bereitstellung von Full-Service-Leistungen. Für jedes Kraftfahrzeug wird ein Einzelleasingvertrag
zwischen der GASAG und dem Leasinggeber geschlossen. Die Verpflichtungen der GASAG sind durch einen Eigentumsvorbehalt des Leasinggebers auf die geleasten Vermögensgegenstände besichert."; 83 ;2016;GASAG AG;Jahresabschluss;EY
(21) Angaben zu Finanzderivaten;;2016;GASAG AG;Jahresabschluss;EY
"Die Ermittlung des Marktwertes der Finanzderivate erfolgt auf Basis der Mark-to-market-Methode. Mark-to-market beschreibt die börsentägliche Bewertung von zukünftigen Zahlungsströmen der Finanzinstrumente
durch Diskontierung. Die Diskontierung erfolgt anhand der marktüblichen Zinsen über die Restlaufzeit der Instrumente. Mit dieser Methode wird der Marktwert eines abgeschlossenen Finanzinstruments
ermittelt. Wesentliche Parameter der Mark-to-market Bewertung bilden die Geschäftsdaten des Finanzinstrumentes und die Zinsstruktur in der Geschäftswährung.";;2016;GASAG AG;Jahresabschluss;EY
"Insgesamt davon mit einer Restlaufzeit Marktwert
(nominal).
T€
bis 1 Jahr.
T€
über 1 Jahr.
T€
über 5 Jahre.
T€
31.12.2016.
T€
Commodity-Swaps mit Bewertungseinheit
163.834 104.120 59.714 0 2.926
Zinssatzswaps mit Bewertungseinheit
264.099 47.621 216.478 0 -38.177
Zinssatzswaps ohne Bewertungseinheit
163.727 0 27.766 135.961 -5.643
591.660 151.741 303.958 135.961 -40.894";;2016;GASAG AG;Jahresabschluss;EY
"Zinssatzswaps ohne Bewertungseinheit beinhalten Sicherungsgeschäfte, für die zum Bilanzstichtag die Voraussetzungen für die Bildung von Bewertungseinheiten nicht erfüllt sind. Für die negativen Marktwerte
dieser Geschäfte wurde eine Drohverlustrückstellung gebildet.";;2016;GASAG AG;Jahresabschluss;EY
Bewertungseinheiten Zinsen;;2016;GASAG AG;Jahresabschluss;EY
"Grundgeschäft / Sicherungsinstrument Risiko / Art der Bewertungseinheit
einbezogener Betrag.
T€
Höhe des abgesicherten
Risikos.
T€
Variabel verzinsliche Darlehen / Zinssatzswaps Zinsänderungsrisiko / portfolio hedge 264.099 -38.177*
* Marktwert zum 31.12.2016";;2016;GASAG AG;Jahresabschluss;EY
"Die GASAG hat per 31. Dezember 2016 die oben aufgeführten Zinsswaps zur Absicherung variabler Cashflows aus Finanzierungen mit Dritten im Bestand. Es wurden Bewertungseinheiten mit eindeutiger
Zuordnung zwischen Grund- und Sicherungsgeschäft gebildet, wobei sich die Cashflow-Schwankungen im Sicherungszeitraum 2017 bis 2021 ausgleichen, da die Ausstattung der Sicherungsgeschäfte in Bezug
auf ihren variablen Teil grundsätzlich mit den selben Merkmalen wie das jeweilige Grundgeschäft vereinbart wurde.";;2016;GASAG AG;Jahresabschluss;EY
Bewertungseinheiten Rohstoffe;;2016;GASAG AG;Jahresabschluss;EY
"Grundgeschäft / Sicherungsinstrument Risiko / Art der Bewertungseinheit
einbezogener Betrag.
T€
Höhe des abgesicherten
Risikos.
T€
Geplanter Gasbezug / Commodity-Swaps Preisänderungsrisiko / portfolio hedge 163.834 2.926*
* Marktwert zum 31.12.2016"; 31 ;2016;GASAG AG;Jahresabschluss;EY
"Die GASAG hat per 31. Dezember 2016 die oben aufgeführten finanziellen Rohstoffderivate zur Absicherung variabler Cashflows aus indexierten Gasbezugsverträgen oder hoch wahrscheinlich geplanten Zukäufen
mit Dritten im Bestand. Es wurden Bewertungseinheiten zwischen gaspreisgebundenen Bezugsverträgen sowie geplanten Zukäufen und gasindizierten Sicherungsgeschäften gebildet. Da die Ausstattungsmerkmale
der Sicherungsgeschäfte analog der Ausstattungsmerkmale der Grundgeschäfte gewählt werden, gleichen sich die Schwankungen der Cashflows aus Bezugsverträgen und Sicherungsgeschäften in der Zukunft
über die Gesamtlaufzeit der Geschäfte (2017 - 2019) jeweils aus. Der Nachweis der Effektivität der Sicherungsgeschäfte wird mit den relevanten Terminpreiskurven, die sowohl jeweils auf das Grundgeschäft,
als auch auf das Sicherungsgeschäft angewandt werden, sichergestellt. Zudem wird der Erfolg der Sicherungsgeschäfte retrospektiv anhand der realisierten Abrechnungsdaten überprüft."; 31 ;2016;GASAG AG;Jahresabschluss;EY
Die gegenläufigen Wertänderungen - bezogen auf das abgesicherte Risiko - von Grund- und Sicherungsgeschäft werden innerhalb einer effektiven Bewertungseinheit bilanziell nicht erfasst.;;2016;GASAG AG;Jahresabschluss;EY
(22) Haftungsverhältnisse;;2016;GASAG AG;Jahresabschluss;EY
"Die GASAG haftet für die Mieteintrittsverpflichtung gegenüber der Deutschen Leasing AG, Berlin, aus den von der GASAG Contracting geleasten Wärmeerzeugungsanlagen in Höhe von 2.357 Tsd.€ und für
Bürgschaften in Höhe von 42.687 Tsd.€ gegenüber der VBL."; 54 ;2016;GASAG AG;Jahresabschluss;EY
Das Risiko einer Inanspruchnahme aus vorgenannten Haftungsverhältnissen wird aufgrund der guten Vermögens-, Finanz- und Ertragslage der betreffenden Tochterunternehmen als gering eingeschätzt.; 55 ;2016;GASAG AG;Jahresabschluss;EY
"Die GASAG, als Eigentümerin des Betriebs und der Anlagen des Berliner Erdgasspeichers, hat für die BES eine Patronatserklärung abgegeben, das Tochterunternehmen stets mit dem notwendigen Kapital
auszustatten, um insbesondere alle sich aus den bergrechtlichen Zulassungen ergebenden Anforderungen, bergbehördlichen Auflagen und Anordnungen zeitgerecht erfüllen zu können.";;2016;GASAG AG;Jahresabschluss;EY
Sonstige Angaben;;2016;GASAG AG;Jahresabschluss;EY
(23) Latente Steuern;;2016;GASAG AG;Jahresabschluss;EY
Die aktiven und passiven latenten Steuern aus temporären Unterschieden betreffen die Bewertungsunterschiede zur Steuerbilanz.; 4.35, 4.64, 27 ;2016;GASAG AG;Jahresabschluss;EY
"31.12.2016 31.12.2015
Aktive latente Steuern.
T€
Passive latente Steuern.
T€
Aktive latente Steuern.
T€
Passive latente Steuern.
T€
Immaterielle Vermögensgegenstände 0 8.302 0 8.273
Sachanlagen 0 6.821 27.899 0
Finanzanlagen 891 0 1.183 0
Umlaufvermögen 2.406 0 2.467 0
Aktiver Rechnungsabgrenzungsposten 241 0 310 0
Rückstellungen 34.584 0 26.500 0
Verbindlichkeiten 1.518 0 388 0
Passivischer Abgrenzungsposten 0 0 0 0
39.640 15.123 58.747 8.273
Steuerliche Verlustvorträge 42.739 0 0 0
Bruttobetrag 82.379 15.123 58.747 8.273
Nettobetrag 67.256 50.474"; 4.35, 4.64 ;2016;GASAG AG;Jahresabschluss;EY
Die latenten Steuern wurden mit einem Steuersatz von 30,18% ermittelt.; 4.35, 4.64, 27 ;2016;GASAG AG;Jahresabschluss;EY
"Die Veränderung in den latenten Steuern des Anlagevermögens resultiert aus der sowohl handelsrechtlichen als auch steuerlichen Vollabschreibung des Berliner Erdgasspeichers. Der Ausweis von passiven
latenten Steuern bei dem Sachanlagevermögen ist darauf zurückzuführen, dass das im Handelsrecht aktivierte Kissengas steuerlich von den Rückstellungen abgesetzt wird."; 4.64, 27 ;2016;GASAG AG;Jahresabschluss;EY
"Die Veränderung in den latenten Steuern für Rückstellungen resultiert aus dem höheren handelsrechtlichen Ansatz für die Rückbauverpflichtung des Berliner Erdgasspeichers, der auf die steuerliche Gegenrechnung
des Kissengases zurückzuführen ist."; 4.35, 4.64, 27 ;2016;GASAG AG;Jahresabschluss;EY
Die wirtschaftliche Verschlechterung des Speicherbetriebs spiegelt sich im Ausweis der steuerlichen Verlustvorträge von 42.739 Tsd.€. wider.; 27 ;2016;GASAG AG;Jahresabschluss;EY
Die Aktivierung des Nettobetrages unterblieb in Ausübung des dafür bestehenden Ansatzwahlrechts gemäß § 274 Abs. 1 Satz 2 HGB.;;2016;GASAG AG;Jahresabschluss;EY
"Aktuell sind keine passiven latenten Steuern in der Bilanz bilanziert und das Wahlrecht wird wahrgenommen, den aktivischen Überhang der latenten Steuern nicht zu bilanzieren. Insofern entfallen die zusätzlichen
Angaben."; 4.35, 4.64 ;2016;GASAG AG;Jahresabschluss;EY
(24) Angaben zum Gesamthonorar des Abschlussprüfers;;2016;GASAG AG;Jahresabschluss;EY
Im Konzernabschluss der GASAG erfolgen die Angaben für das im Geschäftsjahr im Aufwand erfasste Gesamthonorar des Abschlussprüfers nach § 285 Nr. 17 HGB.;;2016;GASAG AG;Jahresabschluss;EY
(25) Bezüge des Aufsichtsrates, des Vorstandes und Ruhestandsbezüge des Vorstandes;;2016;GASAG AG;Jahresabschluss;EY
"2016.
T€
Bezüge des Aufsichtsrats 175
Rückstellung für Vorstandsversorgung 11.910
(davon für ehemalige Mitglieder des Vorstandes) (11.910)
Bezüge der früheren Vorstände und ihrer Hinterbliebenen 809
Bezüge der gegenwärtigen Vorstände 1.156"; 103 ;2016;GASAG AG;Jahresabschluss;EY
"Den angestellten Arbeitnehmervertretern im Aufsichtsrat steht weiterhin ein reguläres Gehalt im Rahmen ihres Arbeitsvertrags zu. Dieses orientiert sich an den Vorschriften des Betriebsverfassungsgesetzes und
entspricht einer angemessenen Vergütung für die entsprechende Funktion beziehungsweise Tätigkeit im Unternehmen. Dies gilt entsprechend für den Vertreter der leitenden Angestellten im Aufsichtsrat."; 103 ;2016;GASAG AG;Jahresabschluss;EY
(26) Mitarbeiter im Jahresdurchschnitt;;2016;GASAG AG;Jahresabschluss;EY
(ohne Auszubildende, Vorstand und ruhende Arbeitsverhältnisse);;2016;GASAG AG;Jahresabschluss;EY
"Anzahl
2015.
Anzahl
Frauen 196 200
Männer 215 204
411 404
davon in passiver Phase der Altersteilzeit 15 19"; 80 ;2016;GASAG AG;Jahresabschluss;EY
(27) Angaben zu den Geschäften größeren Umfangs gemäß § 6b Abs. 2 EnWG mit verbundenen oder assoziierten Unternehmen;;2016;GASAG AG;Jahresabschluss;EY
Im Geschäftsjahr 2016 wurden nachfolgende Geschäfte größeren Umfangs getätigt:;;2016;GASAG AG;Jahresabschluss;EY
"Verbundene und assoziierte Unternehmen als Auftraggeber
Dienstleistungen 16.660
Ausreichung Gesellschafterdarlehen 12.700
Ausreichung Gesellschafterdarlehen (kurzfristige Finanzierung) 4.000
Grundstücks- und Gebäudemieten 2.175
Zinsen für Ausleihungen, Kontenclearing und sonstige Zinsen 1.754
Übernahme VVA-Zahlungen 500
Verbundene und assoziierte Unternehmen als Auftragnehmer
Ablese- und Abrechnungsdienstleistungen 15.679
IT-Leistungen 2.447
Akquisitionsdienstleistungen 2.234
Dienstleistungen 864
Postaufwand 385
Mieten und Pachten 251"; 101 ;2016;GASAG AG;Jahresabschluss;EY
"Kurz- und langfristige Gesellschafterdarlehen wurden an die Stadtwerke Forst GmbH, Forst, die SpreeGas und die GASAG Contracting ausgereicht. Des Weiteren bestehen Cash-Pooling-Verträge, deren Volumina
variieren."; 101 ;2016;GASAG AG;Jahresabschluss;EY
Die Erträge aus Dienstleistungen beinhalten im Wesentlichen IT-Leistungen und Geschäftsbesorgungen.; 101 ;2016;GASAG AG;Jahresabschluss;EY
Aufwendungen für Abrechnungs- und Ablesedienstleistungen bestehen im Wesentlichen gegenüber der BAS Abrechnungsservice GmbH & Co. KG, Berlin.; 101 ;2016;GASAG AG;Jahresabschluss;EY
"Darüber hinaus sind Umsatzerlöse aus der Verpachtung des Gasnetzes an die NBB, Aufwendungen aus Netznutzungsentgelten gegenüber der NBB sowie Umsatzerlöse aus der Verpachtung des Erdgasspeichers
an die BES und Speicherentgelte gegenüber der BES angefallen."; 101 ;2016;GASAG AG;Jahresabschluss;EY
(28) Angaben nach § 160 Abs. 1 Nr. 8 AktG;;2016;GASAG AG;Jahresabschluss;EY
"Die GDF SUEZ Beteiligungs GmbH, Berlin, (im Januar 2016 umfirmiert auf ENGIE Beteiligungs GmbH, Berlin) hat gemäß § 20 Abs. 1 AktG mitgeteilt, dass ihr unmittelbar mehr als der vierte Teil der Aktien
der GASAG gehört.";;2016;GASAG AG;Jahresabschluss;EY
Die Vattenfall GmbH, Berlin, hat gemäß § 20 Abs. 1 AktG mitgeteilt, dass ihr unmittelbar mehr als der vierte Teil der Aktien der GASAG gehört.;;2016;GASAG AG;Jahresabschluss;EY
"Das Königreich Schweden hat gemäß § 20 Abs. 1 AktG mitgeteilt, dass ihm mittelbar mehr als der vierte Teil der Aktien der GASAG gehört. Eine gleiche Mitteilung hat die GASAG von der Vattenfall AB
und der Vattenfall Deutschland GmbH erhalten.";;2016;GASAG AG;Jahresabschluss;EY
Die E.ON Beteiligungen GmbH, Düsseldorf, hat nach § 20 Abs. 1 und 3 AktG mitgeteilt, dass ihr ohne Hinzurechnung nach § 20 Abs. 2 AktG mehr als der vierte Teil der Aktien der GASAG gehört.;;2016;GASAG AG;Jahresabschluss;EY
"Uns liegen Mitteilungen der Vattenfall GmbH nach § 20 Abs. 4 AktG vom 23. Dezember 2015 sowie der GDF SUEZ Beteiligungs GmbH nach § 20 Abs. 4 AktG vom 4. Januar 2016 vor, dass von ihnen gemeinsam
eine Mehrheitsbeteiligung an unserer Gesellschaft gehalten wird. Aufgrund einer weiteren Vereinbarung zwischen den Gesellschaftern liegt keine Abhängigkeit im Sinne des § 312 AktG vor.";;2016;GASAG AG;Jahresabschluss;EY
(29) Nachtragsbericht;;2016;GASAG AG;Jahresabschluss;EY
Nach dem Bilanzstichtag sind keine Vorgänge von besonderer Bedeutung eingetreten, die wesentliche finanzielle Auswirkungen haben.; 85 ;2016;GASAG AG;Jahresabschluss;EY
(30) Organe der Gesellschaft;;2016;GASAG AG;Jahresabschluss;EY
Aufsichtsrat;;2016;GASAG AG;Jahresabschluss;EY
Dem Aufsichtsrat gehörten im Geschäftsjahr 2016 folgende Personen an:;;2016;GASAG AG;Jahresabschluss;EY
"Dr. Lothar Kramm (Vorsitzender des Aufsichtsrats) Unternehmensberater, Berlin
Andreas Otte (Stellv. Vorsitzender des Aufsichtsrats) Angestellter (Betriebsratsvorsitzender) der GASAG
Berliner Gaswerke Aktiengesellschaft, Berlin
Ingo Breite Angestellter der BAS Abrechnungsservice GmbH & Co. KG, Berlin
Stefan Dohler Chief Financial Officer der Vattenfall AB, Stockholm
Georg Friedrichs Geschäftsführer der Vattenfall Europe Windkraft GmbH, Hamburg
Marian Goetz (bis 18.03.2016) Vorstandsmitglied der ENGIE Deutschland AG, Berlin
Thomas Henn (ab dem 01.07.2016) Kaufmännischer Leiter Energie & Leiter Betrieb Erneuerbare Energien ENGIE Deutschland
GmbH, Berlin
Gerhard Jochum (bis 30.06.2016) Unternehmensberater, Berlin
Peter Kamin Angestellter der NBB Netzgesellschaft Berlin-Brandenburg mbH & Co. KG, Berlin
Dr. Karl Kauermann Vorstandsvorsitzender der K.M.T. Immobilien AG, Berlin
Dr. Thomas König Mitglied der Geschäftsführung der E.ON Deutschland/E.ON SE, Essen
Thomas Kokegei Bereichsleiter der GASAG Berliner Gaswerke Aktiengesellschaft, Berlin
Dr. Uwe Kolks Mitglied der Geschäftsführung der E.ON Energie Deutschland GmbH, München
Annette Krafscheck Angestellte der GASAG Berliner Gaswerke Aktiengesellschaft, Berlin
Anke Langner (bis 29.02.2016) Geschäftsführende Direktorin der Enovos Deutschland SE, Saarbrücken
Thorsten Neumann Angestellter der NBB Netzgesellschaft Berlin-Brandenburg mbH & Co. KG, Berlin
Manfred Schmitz (ab dem 15.03.2016) Vorstandsvorsitzender der ENGIE Deutschland AG, Berlin
Can Sekertekin Angestellter der GASAG Berliner Gaswerke Aktiengesellschaft, Berlin
Marcus Sohns (ab dem 15.03.2016) Ressortleiter Strategische Kooperationen der ENGIE Deutschland AG, Berlin
Norbert Speckmann (ab dem 19.03.2016) Geschäftsbereichsleiter Energie Services der ENGIE Deutschland GmbH, Bochum
Susanne Stumpenhusen Landesbezirksleiterin, ver.di, Vereinte Dienstleistungsgewerkschaft Landesbezirk Berlin-
Brandenburg, Berlin
Andreas Tabor Angestellter der BAS Abrechnungsservice GmbH & Co. KG, Berlin
Lutz Wegner Leiter Legal Distribution, Sales & Heat Germany der Vattenfall GmbH, Berlin
Ewald Woste Unternehmensberater Gmund am Tegernsee"; 102 ;2016;GASAG AG;Jahresabschluss;EY
Vorstand;;2016;GASAG AG;Jahresabschluss;EY
Zu Beginn des Geschäftsjahres 2016 stellten sich die Geschäftsbereiche des Vorstands wie folgt dar:;;2016;GASAG AG;Jahresabschluss;EY
"Geschäftsbereich I (Vorsitzende): Vera Gäde-Butzlaff Unternehmensentwicklung, Recht (einschl. Gremienmanagement), Kommunikation (inkl.
Marketingkommunikation), Personal, Immobilienmanagement, Arbeitssicherheit, Compliance,
Ganzheitliche Kundenlösungen, IT, Revision und Datenschutz.
Geschäftsbereich II (Handel und Vertrieb): Energieeinkauf/ -handel, Vertrieb, Contracting, Erneuerbare Energien, Kundenbetreuung
und Energieabrechnung.
Geschäftsbereich III (Kaufmännisches und Netze): Dr. Jürgen Schmidberger Rechnungswesen, Controlling, Finanzen, Einkauf, Risikomanagement, Metering, Erdgasspeicher
und Netze.
Aufgrund des Ausscheidens des Vertriebsvorstands mit Wirkung zum Ablauf des 31. Dezember 2015 wurde der Geschäftsbereich II (Handel und Vertrieb) und der Bereich IT (vorher Geschäftsbereich I) unter
Berücksichtigung der originären Geschäftsverteilung kommissarisch von den übrigen Mitgliedern des Vorstands wie folgt aufgeteilt:
Geschäftsbereich I (Vorsitzende): Vera Gäde-Butzlaff Vertrieb, Erneuerbare Energien, Contracting, Kundenbetreuung und Energieabrechnung.
Geschäftsbereich III (Kaufmännisches und Netze): Dr. Jürgen Schmidberger Energieeinkauf/ -handel und IT.
Mit Wirkung zum 1. September 2016 hat der Aufsichtsrat Herrn Matthias Trunk zum weiteren Mitglied des Vorstands der GASAG Berliner Gaswerke Aktiengesellschaft bestellt. Herr Matthias Trunk hat den
Geschäftsbereich II (Handel und Vertrieb) in der jeweiligen Vorstandsstruktur übernommen, sodass die Mitglieder des Vorstands ihre originär zugeordneten Geschäftsbereiche wieder übernommen haben.
Aufgrund des Neuzugangs im Vorstand und organisatorischen Veränderungen, wurde die Geschäftsverteilung des Vorstands mit Wirkung zum 7. Oktober 2016 neu geregelt und der Wortlaut der Geschäftsverteilung
an dem Wortlaut der Geschäftsbereiche innerhalb der GASAG Berliner Gaswerke Aktiengesellschaft angepasst, sodass sich die Geschäftsbereiche wie folgt darstellen:
Geschäftsbereich I (Vorsitzende): Vera Gäde-Butzlaff Unternehmensentwicklung; Vorstandsbüro und strategisches Management; Beteiligungsmanagement;
Personal (einschl. Arbeitsschutz & Gesundheitsschutz) und Recht; Konzernkommunikation
inkl. Marketing; Compliance; Netze.
Geschäftsbereich II (Vertrieb): Matthias Trunk (ab dem 01.09.2016) Vertrieb; Energiebeschaffung; Energiedienstleistungen (inkl. Contracting und Metering); Erneuerbare
Energien; Kundenbetreuung und Energieabrechnung; Informationstechnologie.
Geschäftsbereich III (Finanzen): Dr. Jürgen Schmidberger Rechnungswesen; Controlling (inkl. Finanzierung); Einkauf; Konzernrisikomanagement;
Revision und Datenschutz; Immobilienmanagement und Erdgasspeicher."; 102 ;2016;GASAG AG;Jahresabschluss;EY
(31) Gewinnverwendungsvorschlag;;2016;GASAG AG;Jahresabschluss;EY
Der Vorstand der GASAG schlägt vor, den Bilanzgewinn in Höhe von 7.751 Tsd.€ in voller Höhe für eine Dividende in Höhe von 0,96 € je Aktie zu verwenden.; 84 ;2016;GASAG AG;Jahresabschluss;EY
(32) Konzernabschluss;;2016;GASAG AG;Jahresabschluss;EY
"Die GASAG Berliner Gaswerke Aktiengesellschaft, Berlin, stellt zum 31. Dezember 2016 einen Konzernabschluss nach den International Financial Reporting Standards (IFRS), gültig für die Europäische Union,
auf.";;2016;GASAG AG;Jahresabschluss;EY
Berlin, den 17. Februar 2017;;2016;GASAG AG;Jahresabschluss;EY
"GASAG Berliner Gaswerke Aktiengesellschaft
Der Vorstand
gez. Vera Gäde-Butzlaff
gez. Dr. Jürgen Schmidberger
gez. Matthias Trunk";;2016;GASAG AG;Jahresabschluss;EY
Anlagenspiegel der GASAG Berliner Gaswerke Aktiengesellschaft, Berlin für die Zeit vom 1.1.2016 bis 31.12.2016; 15 ;2016;GASAG AG;Jahresabschluss;EY
"Anschaffungs- und Herstellungskosten
Posten des Anlagevermögens
Anfangsstand Zugänge Abgänge Umbuchungen Endstand
1 T€ 2 T€ 3 T€ 4 T€ 5 T€ 6
I. Immaterielle Vermögensgegenstände
1. Entgeltlich erworbene
Konzessionen, gewerbliche
Schutzrechte
und ähnliche Rechte und
Werte
52.914 1.811 1.147 + 1.367 54.945
2. Geleistete Anzahlungen
1.524 941 0 ./. 1.367 1.098
54.438 2.752 1.147 + 1.367 56.043
./. 1.367
II. Sachanlagen
1. Grundstücke mit Geschäfts-,
Betriebs- und
anderen Bauten
29.814 378 2.112 + 3.317 31.397
2. Grundstücke mit Bauten
der Betreuung
765 0 623 0 142
3. Grundstücke mit
Wohnbauten
93 0 0 0 93
4. Bauten auf fremden
Grundstücken
3.740 0 0 0 3.740
5. Erzeugungs- und Bezugsanlagen
11.827 576 261 + 8 12.150
6. Verteilungsanlagen 1.177.280 21.825 7.137 + 25.704 1.217.672
7. Andere Technische
Anlagen und Maschinen
2 0 0 0 2
8. Betriebs- und Geschäftsausstattung
4.349 163 389 0 4.123
9. Geleistete Anzahlungen
und Anlagen im Bau
37.388 15.048 7 ./. 29.029 23.400
1.265.258 37.990 10.529 + 29.029 1.292.719
./. 29.029
III. Finanzanlagen
1. Anteile an verbundenen
Unternehmen
316.056 4.133 0 0 320.189
2. Ausleihungen an verb.
Unternehmen
38.880 12.700 5.980 0 45.600
3. Beteiligungen 1.075 350 0 0 1.425
4. Sonstige Ausleihungen 1.019 0 55 0 964
357.030 17.183 6.035 + 0 368.178
./. 0
1.676.726 57.925 17.711 + 30.396 1.716.940
./. 30.396"; 15 ;2016;GASAG AG;Jahresabschluss;EY
"Abschreibungen
Posten des Anlagevermögens
Anfangsstand
Zuschreibungen im
Geschäftsjahr Abschreibungen im Geschäftsjahr
angesammelte Abschreibungen
auf
Abgänge der Spalte
4
Umbuch-.
ungen Umbuchungen Endstand
1 T€ 7 T€ 8 T€ 9 T€ 10 T€ 11 T€ 12
I. Immaterielle
Vermögensgegenstände
1. Entgeltlich erworbene
Konzessionen,
gewerbliche
Schutzrechte
und ähnliche Rechte
und Werte
17.339 0 2.538 1.147 0 18.730
2. Geleistete Anzahlungen
0 0 0 0 0 0
17.339 0 2.538 1.147 + 0 18.730
./. 0
II. Sachanlagen
1. Grundstücke mit
Geschäfts-, Betriebs-
und anderen
Bauten
15.230 0 497 2.112 0 13.615
2. Grundstücke mit
Bauten der Betreuung
368 0 1 296 0 73
3. Grundstücke mit
Wohnbauten
85 0 0 0 0 85
4. Bauten auf fremden
Grundstücken
1.546 0 199 0 0 1.745
5. Erzeugungs- und
Bezugsanlagen
2.251 0 706 130 0 2.827
6. Verteilungsanlagen
436.060 0 111.864 7.060 0 540.864
a) 61.390
7. Andere Technische
Anlagen und
Maschinen
2 0 0 0 0 2
8. Betriebs- und
Geschäftsausstattung
3.349 0 240 336 0 3.253
9. Geleistete Anzahlungen
und Anlagen
im Bau
0 0 0 0 0 0
458.891 0 113.507 9.934 + 0 562.464
a) 61.390 ./. 0
III. Finanzanlagen
1. Anteile an verbundenen
Unternehmen
11.406 2.368 8.000 0 0 17.038
a) 8.000
2. Ausleihungen an
verb. Unternehmen
0 0 0 0 0 0
3. Beteiligungen 0 0 0 0 0 0
4. Sonstige Ausleihungen
0 0 0 0 0 0
11.406 2.368 8.000 0 + 0 17.038
a) 8.000 ./. 0
487.636 2.368 124.045 11.081 + 0 598.232
a) 69.390 ./. 0"; 15 ;2016;GASAG AG;Jahresabschluss;EY
"Posten des Anlagevermögens Restbuchwerte am 31.12.2016
Restbuchwerte am Ende des vorangegangenen Geschäftsjahres
1 T€ 13 T€ 14
I. Immaterielle Vermögensgegenstände
1. Entgeltlich erworbene Konzessionen, gewerbliche Schutzrechte
und ähnliche Rechte und Werte
36.215 35.575
2. Geleistete Anzahlungen 1.098 1.524
37.313 37.099
II. Sachanlagen
1. Grundstücke mit Geschäfts-, Betriebs- und anderen Bauten 17.782 14.584
2. Grundstücke mit Bauten der Betreuung 69 397
3. Grundstücke mit Wohnbauten 8 8
4. Bauten auf fremden Grundstücken 1.995 2.194
5. Erzeugungs- und Bezugsanlagen 9.323 9.576
6. Verteilungsanlagen 676.808 741.220
7. Andere Technische Anlagen und Maschinen 0 0
8. Betriebs- und Geschäftsausstattung 870 1.000
9. Geleistete Anzahlungen und Anlagen im Bau 23.400 37.388
730.255 806.367
III. Finanzanlagen
1. Anteile an verbundenen Unternehmen 303.151 304.650
2. Ausleihungen an verb. Unternehmen 45.600 38.880
3. Beteiligungen 1.425 1.075
4. Sonstige Ausleihungen 964 1.019
351.140 345.624
1.118.708 1.189.090
a) davon außerplanmäßige Abschreibungen"; 15 ;2016;GASAG AG;Jahresabschluss;EY
