Ab S. 22; Annotierung (Angabe Nummer in Anahngscheckliste) ;Gesch„ftsjahr;Gesellschaft;Abschlussart;Prfer
Konzernanhang fr das Gesch„ftsjahr 2016;;2016;VERIANOS Real Estate AG;Konzernabschluss;KPMG
I. Allgemeine Angaben;;2016;VERIANOS Real Estate AG;Konzernabschluss;KPMG
"Nach den Verh„ltnissen am Bilanzstichtag ist die VERIANOS Real Estate Aktiengesellschaft gem„á õ 290 HGB als Mutterunternehmen eines Konzerns mit Sitz im Inland anzusehen. Sitz des Mutterunternehmens
ist K”ln, dieses ist unter der Nummer HRB 56319 im Handelsregister des Amtsgerichts K”ln eingetragen."; 88 ;2016;VERIANOS Real Estate AG;Konzernabschluss;KPMG
"Der freiwillig erstellte Konzernjahresabschluss der VERIANOS Real Estate Aktiengesellschaft fr das Gesch„ftsjahr 2016 wurde nach den fr groáe Kapitalgesellschaften geltenden Vorschriften des HGB und des
Aktienrechts (AktG) erstellt. Dabei wurden auch die Rechnungslegungsstandards des DRSC beachtet, sofern diese nicht ber die gesetzlichen Vorschriften hinausgehen (keine Anwendung der Neubewertungsmethode
fr Erwerbsvorg„nge bis zum 31. Dezember 2009 DRS 4, Tz. 23 ff bzw. DRS 4, Tz. 3 f, sondern Anwendung der šbergangsvorschriften in Art. 66 Abs. 3 Satz 4 EGHGB bzw. Verzicht auf zus„tzlichen
Anhangsangaben zu latenten Steuern gem„á DRS 18 Tz. 66 und 67). Aufgrund der T„tigkeit des Konzerns wurde fr die Gliederung der Bilanz und der Gewinn- und Verlustrechnung das vorgeschriebene Formblatt
fr Wohnungsunternehmen vom 25. Mai 2009 zugrunde gelegt. Die Gewinn- und Verlustrechnung wurde nach dem Gesamtkostenverfahren aufgestellt. Erstmals fr das Jahr 2016 wurden die Vorschriften des
HGB in der Fassung des Bilanzrichtlinie-Umsetzungsgesetzes (BilRUG) angewendet, sodass insbesondere bei der Gliederung der Gewinn- und Verlustrechnung Abweichungen zum Vorjahr gegeben sind. Durch
die Ausweitung der Umsatzerl”sdefinition wurden einzelne Ertr„ge, die im Vorjahr unter den sonstigen betrieblichen Ertr„gen ausgewiesen wurden, in die Umsatzerl”se aus anderen Lieferungen und Leistungen
umgegliedert. Die Vorjahreszahlen wurden entsprechend angepasst (Auswirkung TEUR 87,5)."; 2,3,4,48 ;2016;VERIANOS Real Estate AG;Konzernabschluss;KPMG
Befreiende Wirkung;;2016;VERIANOS Real Estate AG;Konzernabschluss;KPMG
"Der Konzernabschluss hat gem„á õ 264 Abs. 3 HGB fr die VERIANOS Capital Partners GmbH, die VERIANOS Investment Management GmbH, die REAL2 Projektentwicklung GmbH und die VERIANOS
Advisory GmbH eine befreiende Wirkung unter anderem fr die Offenlegung. Der Konzernabschluss wird im elektronischen Bundesanzeiger ver”ffentlicht."; 105 ;2016;VERIANOS Real Estate AG;Konzernabschluss;KPMG
Konsolidierungskreis;;2016;VERIANOS Real Estate AG;Konzernabschluss;KPMG
"In den Konzernabschluss sind neben der VERIANOS Real Estate Aktiengesellschaft alle Tochterunternehmen einbezogen, bei denen die VERIANOS Real Estate Aktiengesellschaft unmittelbar oder mittelbar
ber die Kontrolle verfgt oder bei denen der Konzern auf sonstige Weise die Finanz- und Gesch„ftspolitik bestimmen kann, um daraus den entsprechenden Nutzen ziehen zu k”nnen. Die Einbeziehung der
Tochterunternehmen beginnt zu dem Zeitpunkt, ab dem die M”glichkeit der Beherrschung besteht. Sie endet, wenn die M”glichkeit der Beherrschung durch das Mutterunternehmen nicht mehr gegeben ist."; 90 ;2016;VERIANOS Real Estate AG;Konzernabschluss;KPMG
"LAGEBERICHT
KONZERNABSCHLUSS
KONZERNBILANZ
KONZERNGEWINN- UND VERLUSTRECHNUNG
KONZERNEIGENKAPITALSPIEGEL
KONZERNKAPITALFLUSSRECHNUNG
KONZERNANHANG
ENTWICKLUNG DES ANLAGEVERM™GENS
BESTTIGUNGSVERMERK DES ABSCHLUSSPRšFERS
WEITERE INFORMATIONEN";;2016;VERIANOS Real Estate AG;Konzernabschluss;KPMG
Der Konsolidierungskreis hat sich in 2016 wie folgt ver„ndert:; 90 ;2016;VERIANOS Real Estate AG;Konzernabschluss;KPMG
"Mit Datum vom 30. August 2016 hat die VERIANOS Capital Partners GmbH als alleinige Kommanditistin die Grzenich Capital GmbH & Co. KG als Vorratsgesellschaft gegrndet. Somit h„lt die
VERIANOS Real Estate Aktiengesellschaft zum Bilanzstichtag eine mittelbare Beteiligung an der Grzenich Capital GmbH & Co. KG in H”he von 100 %..
Da bei vollst„ndig eingeforderten Einlagen in H”he von EUR 200,00 eine operative Gesch„ftst„tigkeit bis zum Abschlussstichtag nicht aufgenommen worden ist, wird die Gesellschaft wegen untergeordneter
Bedeutung fr die Vermittlung eines den tats„chlichen Verh„ltnissen entsprechenden Bildes der Verm”gens-Finanz- und Ertragslage gem„á õ 296 Abs. 2 HGB nicht in den Konzernabschluss einbezogen."; 69,90,94 ;2016;VERIANOS Real Estate AG;Konzernabschluss;KPMG
Unter den assoziierten Unternehmen haben sich folgende Ver„nderungen ergeben:;;2016;VERIANOS Real Estate AG;Konzernabschluss;KPMG
"
?Mit Datum vom 29. Februar 2016 und Wirkung zum 1. M„rz 2016 wurde die SMC 2 GmbH & Co. KG mit der Kommanditistin VERIANOS Capital Partners GmbH gegrndet. Durch den geplanten Eintritt
eines weiteren Kommanditisten h„lt seit dem 20. Dezember 2016 die VERIANOS Real Estate Aktiengesellschaft zum Bilanzstichtag mittelbar einen Kommanditanteil von 50 % und hat die Gesellschaft
damit erstmalig als assoziiertes Unternehmen in den Konzernabschluss einbezogen.
?Mit Datum vom 30. Mai 2016 und Wirkung zum 1. Juni 2016 wurde die LCBH GmbH & Co. KG mit der Kommanditistin VERIANOS Capital Partners GmbH gegrndet. Nach dem Beitritt weiterer Kommanditisten
h„lt die VERIANOS Real Estate Aktiengesellschaft zum Bilanzstichtag eine mittelbare Beteiligung an der LCBH GmbH & Co. KG in H”he von 25 %. Durch die Regelungen des Gesellschaftsvertrags
bt der Konzern keinen maágeblichen Einfluss auf die Gesellschaft aus, sodass die Anteile zum 31. Dezember 2016 unter dem Posten Beteiligungen zu Anschaffungskosten ausgewiesen werden.
?Mit Datum vom 28. Juli 2016 und Wirkung zum 1. August 2016 wurde die KAP 12 GmbH & Co. KG mit der Kommanditistin VERIANOS Capital Partners GmbH gegrndet. Durch den Eintritt weiterer
Kommanditisten h„lt die VERIANOS Real Estate Aktiengesellschaft zum Bilanzstichtag eine mittelbare Beteiligung an der KAP 12 GmbH & Co. KG in H”he von 20,2 %. Ebenfalls bei dieser Gesellschaft
erfolgte durch die Festlegungen im Gesellschaftsvertrag, dass der Konzern keinen maágeblichen Einfluss auf die Gesellschaft ausbt, sodass die Anteile zum 31. Dezember 2016 unter dem Posten Beteiligungen
zu Anschaffungskosten ausgewiesen werden.
?Nach dem Beitritt weiterer Kommanditisten h„lt die VERIANOS Real Estate Aktiengesellschaft an der SMC 1 GmbH & Co. KG zum Bilanzstichtag nunmehr eine mittelbare Beteiligung in H”he von 25 %.
?Mit Datum vom 18. Juni 2016 und Wirkung zum 6. September 2016 hat die VERIANOS Capital Partners GmbH s„mtliche von ihr gehaltenen Anteile an der HWZ GbR sowie der ausgewiesenen Forderungen
zum Buchwert ver„uáert..
Die unter dem Posten Beteiligungen bilanzierten Unternehmen Graf Wanheim GmbH & Co. geschlossene InvKG, 1828 KKR GmbH & Co. geschlossene InvKG, SMC1 GmbH & Co. KG, LCBH GmbH &
Co. KG und KAP 12 GmbH & Co. KG stellen aufgrund ihrer gesellschaftsrechtlichen Struktur jeweils eine Zweckgesellschaft nach õ 290 Abs. 2 Nr. 4 HGB dar. Auf die Einbeziehung in den Konzernabschluss
wurde nach õ 296 Abs. 1 Nr. 1 HGB verzichtet, da erhebliche und andauernde Beschr„nkungen die Ausbung der Rechte des Mutterunternehmens in Bezug auf das Verm”gen oder die Gesch„ftsfhrung
des Unternehmens nachhaltig beeintr„chtigen und die Mehrheit der Risiken und Chancen nicht von der VERIANOS Real Estate Aktiengesellschaft oder einer ihrer Tochterunternehmen zu tragen sind."; 101 ;2016;VERIANOS Real Estate AG;Konzernabschluss;KPMG
Die folgende Darstellung zeigt die Entwicklung der Anzahl der Gesellschaften ber den Berichts- sowie Vergleichszeitraum, die in den Konsolidierungskreis einbezogen werden.;;2016;VERIANOS Real Estate AG;Konzernabschluss;KPMG
"2016.
Anzahl
2015.
Anzahl
Vollkonsolidierte Unternehmen 7 7
Assoziierte Unternehmen 8 8
Nicht konsolidierte verbundene Unternehmen 1 0
Beteiligungen 5 3
Summe Gesellschaften 21 18"; 3 ;2016;VERIANOS Real Estate AG;Konzernabschluss;KPMG
Konsolidierungsgrunds„tze;;2016;VERIANOS Real Estate AG;Konzernabschluss;KPMG
"Die Jahresabschlsse der Tochterunternehmen und der assoziierten Unternehmen werden unter Anwendung der bei der VERIANOS Real Estate Aktiengesellschaft geltenden konzerneinheitlichen Bilanzierungsund
Bewertungsvorschriften aufgestellt. Der Bilanzstichtag der konsolidierten Gesellschaften entspricht dem der Muttergesellschaft."; 98,99 ;2016;VERIANOS Real Estate AG;Konzernabschluss;KPMG
"Die Kapitalkonsolidierung erfolgte fr Erwerbsvorg„nge bis zum 31. Dezember 2009 gem„á õ 301 HGB (a. F.) zum Zeitpunkt des Erwerbs der Anteile bzw. zum Zeitpunkt der erstmaligen Einbeziehung in
der Form der Buchwertmethode. Fr Erwerbsvorg„nge ab dem Gesch„ftsjahr 2010 erfolgt die Kapitalkonsolidierung gem„á õ 301 HGB nach der Neubewertungsmethode. Dabei wird das Eigenkapital der
erworbenen Tochterunternehmen zum Erwerbszeitpunkt unter Bercksichtigung der beizulegenden Zeitwerte der identifizierbaren Verm”gensgegenst„nde, Schulden und Eventualverbindlichkeiten zu diesem
Zeitpunkt ermittelt."; 2 ;2016;VERIANOS Real Estate AG;Konzernabschluss;KPMG
"Die sich aus der Kapitalkonsolidierung ergebenden aktiven Unterschiedsbetr„ge werden als Gesch„fts- oder Firmenwert erfasst und planm„áig ber eine betriebsgew”hnliche Nutzungsdauer von fnf Jahren, die
sich an den aus den erworbenen Advisory-Auftr„gen abgeleiteten Ertr„gen orientiert, abgeschrieben bzw. bei Einzelwerten unter TEUR 5 im Jahr der Erstkonsolidierung vollst„ndig abgeschrieben."; 102 ;2016;VERIANOS Real Estate AG;Konzernabschluss;KPMG
"Konzerninterne Gesch„ftsvorf„lle werden eliminiert. Forderungen und Verbindlichkeiten zwischen den konsolidierten Gesellschaften werden gegeneinander aufgerechnet, Zwischenergebnisse eliminiert und
konzerninterne Ertr„ge mit den korrespondierenden Aufwendungen verrechnet. Bei Lieferungen an assoziierte Unternehmen werden Zwischenergebnisse grunds„tzlich im Umfang der Beteiligung am assoziierten
Unternehmen eliminiert. Soweit der Anteil am assoziierten Unternehmen auf null abgewertet ist, unterbleibt die Eliminierung. Der nicht eliminierte Betrag wird mit zuknftigen Gewinnen des assoziierten
Unternehmens verrechnet."; 104 ;2016;VERIANOS Real Estate AG;Konzernabschluss;KPMG
"Gesellschaften, bei denen ein maágeblicher Einfluss besteht (assoziierte Unternehmen), werden grunds„tzlich nach der Equity-Methode bilanziert. Dieser wird bei einer Beteiligung mit einem Stimmrechtsanteil
zwischen 20 % und 50 % regelm„áig vermutet. Fr assoziierte Unternehmen, deren Anteile vor dem 31. Dezember 2009 erworben wurden, wurde die Equity-Methode nach der Buchwertmethode gem„á
õ 312 Abs. 1 Nr. 1 HGB a. F. zum Zeitpunkt der erstmaligen Einbeziehung angewendet. Fr Erwerbsvorg„nge nach dem 31. Dezember 2009 wird ausgehend von den Anschaffungskosten (einschlieálich
Anschaffungsnebenkosten) zum Zeitpunkt des Erwerbs der Anteile der jeweilige Beteiligungsbuchwert um Eigenkapitalver„nderungen des assoziierten Unternehmens erh”ht oder vermindert, soweit diese auf die
Anteile der VERIANOS Real Estate Aktiengesellschaft entfallen und der resultierende Buchwert nicht negativ wird."; 11,103 ;2016;VERIANOS Real Estate AG;Konzernabschluss;KPMG
Latente Steuern;;2016;VERIANOS Real Estate AG;Konzernabschluss;KPMG
"Latente Steuern werden grunds„tzlich auf tempor„re Unterschiede zwischen den Wertans„tzen von Verm”gensgegenst„nden und Schulden in der Handelsbilanz und der Steuerbilanz, auf Konsolidierungsmaánahmen
sowie auf wahrscheinlich nutzbare Verlustvortr„ge ermittelt."; 24 ;2016;VERIANOS Real Estate AG;Konzernabschluss;KPMG
II. ERLUTERUNG ZU DEN BILANZIERUNGS- UND BEWERTUNGSMETHODEN; 9 ;2016;VERIANOS Real Estate AG;Konzernabschluss;KPMG
Aktiva; 9 ;2016;VERIANOS Real Estate AG;Konzernabschluss;KPMG
"Die erworbenen immateriellen Verm”gensgegenst„nde werden zu Anschaffungskosten, vermindert um planm„áige Abschreibungen entsprechend der voraussichtlichen Nutzungsdauer, bewertet. Die Gesch„ftsoder
Firmenwerte aus der Kapitalkonsolidierung werden grunds„tzlich linear ber einen Zeitraum von fnf Jahren abgeschrieben bzw. bei Einzelwerten unter TEUR 5 im Jahr der Erstkonsolidierung vollst„ndig
abgeschrieben."; 9.2 ;2016;VERIANOS Real Estate AG;Konzernabschluss;KPMG
"Das Sachanlageverm”gen wird zu Anschaffungs- oder Herstellungskosten und, soweit abnutzbar, vermindert um planm„áige Abschreibungen, angesetzt. Auáerplanm„áige Abschreibungen auf den am Stichtag
beizulegenden niedrigeren Wert werden vorgenommen bei einer voraussichtlichen dauernden Wertminderung."; 9.7 ;2016;VERIANOS Real Estate AG;Konzernabschluss;KPMG
Die der Abschreibungsberechnung zugrunde gelegten Abschreibungss„tze entsprechen den voraussichtlichen betriebsgew”hnlichen Nutzungsdauern.; 9.1 ;2016;VERIANOS Real Estate AG;Konzernabschluss;KPMG
Folgende Abschreibungss„tze kommen zum Ansatz:; 9.1 ;2016;VERIANOS Real Estate AG;Konzernabschluss;KPMG
"Rechte 20,0 bis 33,3
Gesch„fts- oder Firmenwerte 20,0
Gesch„ftsbauten 4,0
Broeinrichtung 7,7
Sonstige 10,0 bis 33,3
Geringwertige Anlagegter 100,0"; 9.1 ;2016;VERIANOS Real Estate AG;Konzernabschluss;KPMG
Die Beteiligungen an assoziierten Unternehmen sind nach der Equity-Methode bilanziert.; 9.15 ;2016;VERIANOS Real Estate AG;Konzernabschluss;KPMG
Die Beteiligungen werden zu Anschaffungskosten einschlieálich Anschaffungsnebenkosten bilanziert.; 9.15 ;2016;VERIANOS Real Estate AG;Konzernabschluss;KPMG
Sonstige Ausleihungen des Anlageverm”gens sind zu Anschaffungskosten (Nominalwerten) unter der Bercksichtigung von auáerplanm„áigen Abschreibungen auf den niedrigeren beizulegenden Wert bilanziert.; 9.18 ;2016;VERIANOS Real Estate AG;Konzernabschluss;KPMG
Zum Verkauf bestimmte Grundstcke werden zu Anschaffungskosten einschlieálich Anschaffungsnebenkosten unter Beachtung des strengen Niederstwertprinzips angesetzt.; 9.20 ;2016;VERIANOS Real Estate AG;Konzernabschluss;KPMG
Die Forderungen und sonstigen Verm”gensgegenst„nde sowie die flssigen Mittel werden grunds„tzlich zu Nominalwerten bilanziert. Erkennbare Risiken werden durch Einzelwertberichtigungen bercksichtigt.; 9.25 ;2016;VERIANOS Real Estate AG;Konzernabschluss;KPMG
Die im Umlaufverm”gen ausgewiesenen sonstigen Wertpapiere werden zu Anschaffungskosten einschlieálich Anschaffungsnebenkosten unter Beachtung des strengen Niederstwertprinzips angesetzt.; 9.32 ;2016;VERIANOS Real Estate AG;Konzernabschluss;KPMG
"Die aktiven latenten Steuern werden auf Basis der Bewertungsunterschiede zwischen Handels- und Steuerbilanz, auf Konsolidierungsmaánahmen sowie bestehender steuerlicher Verlustvortr„ge und den voraussichtlich
erzielbaren steuerlichen Ergebnissen ermittelt."; 9.35 ;2016;VERIANOS Real Estate AG;Konzernabschluss;KPMG
Passiva; 9 ;2016;VERIANOS Real Estate AG;Konzernabschluss;KPMG
"Die Rckstellungen fr Pensionen und „hnliche Verpflichtungen werden entsprechend den Regelungen des Bilanzrechtsmodernisierungsgesetzes zum Anwartschaftsbarwert sowie des õ 253 HGB in der Fassung
des Gesetzes zur Umsetzung der Wohnimmobilienkreditrichtlinie zur nderung handelsrechtlicher Vorschriften zu Bewertungsstichtag 31. Dezember 2016 angesetzt. Der Wert wird gem„á õ 253 Abs. 2 HGB nach
der Pro-jected-Unit-Credit-Methode unter Zugrundelegung eines Zinssatzes von 4,01 % (i. Vj. 4,30 %) ermittelt. Den versicherungsmathematischen Rckstellungsberechnungen liegen als Rechnungsgrundlage
die Richttafeln 2005 G von Prof. Dr. Klaus Heubeck zugrunde."; 9.48,34 ;2016;VERIANOS Real Estate AG;Konzernabschluss;KPMG
"Die Steuerrckstellungen sowie die Sonstigen Rckstellungen wurden in H”he des nach vernnftiger kaufm„nnischer Beurteilung notwendigen Erfllungsbetrags fr alle erkennbaren Risiken und ungewissen
Verpflichtungen gebildet."; 9.50 ;2016;VERIANOS Real Estate AG;Konzernabschluss;KPMG
Verbindlichkeiten sind mit dem Erfllungsbetrag angesetzt.; 9.51 ;2016;VERIANOS Real Estate AG;Konzernabschluss;KPMG
III. Erl„uterungen zur Bilanz;;2016;VERIANOS Real Estate AG;Konzernabschluss;KPMG
Die Gliederung und Entwicklung des Anlageverm”gens ist im Anlagenspiegel (Anlage zum Anhang) dargestellt.;;2016;VERIANOS Real Estate AG;Konzernabschluss;KPMG
1. IMMATERIELLE VERM™GENSGEGENSTNDE UND SACHANLAGEVERM™GEN; 5.2,5.7 ;2016;VERIANOS Real Estate AG;Konzernabschluss;KPMG
Als Anschaffungs- und Herstellungskosten sind grunds„tzlich die historischen Werte angesetzt.; 5.2,5.7 ;2016;VERIANOS Real Estate AG;Konzernabschluss;KPMG
"Die ausgewiesenen Gesch„fts- oder Firmenwerte umfassen den auf einen Erinnerungsbetrag abgeschriebenen Gesch„fts- oder Firmenwert aus der Erstkonsolidierung von 75 % an der REAL2 Immobilien Makler
K”ln GmbH (durch Verschmelzung in Vorjahren nunmehr VERIANOS Advisory GmbH), (ursprnglicher aktivischer Unterschiedsbetrag von TEUR 383) und den Gesch„fts- oder Firmenwert aus den im Jahr 2012 erworbenen restlichen Anteile (25 %) der REAL2 Immobilien Makler K”ln GmbH (durch Verschmelzung in Vorjahren nunmehr VERIANOS Advisory GmbH) (ursprnglicher aktivischer Unterschiedsbetrag von
TEUR 48) sowie den Gesch„fts- oder Firmenwert aus dem Jahr 2013 an der Verianos AG (nach Umfirmierung im Vorjahr nunmehr VERIANOS Advisory GmbH), (ursprnglicher aktivischer Unterschiedsbetrag
von TEUR 209)."; 2,3,5.2,5.7 ;2016;VERIANOS Real Estate AG;Konzernabschluss;KPMG
2. Finanzanlagen; 5.12 ;2016;VERIANOS Real Estate AG;Konzernabschluss;KPMG
Aufstellung ber den Anteilsbesitz der Muttergesellschaft zum 31. Dezember 2016:; 5.31 ;2016;VERIANOS Real Estate AG;Konzernabschluss;KPMG
"Eigenkapital der Gesell-
Anteil 2016 schaft des letzten Gesch„ftsjahres .
% TEUR TEUR
A. ANTEILE AN VOLLKONSOLIDIERTEN VERBUNDENEN UNTERNEHMEN
VERIANOS Capital Partners GmbH, K”ln 100,00
REAL2 Projektentwicklung GmbH, K”ln 100,00
VERIANOS Investment Management GmbH, K”ln 100,00
LIVING ON GREEN Verwaltung GmbH, K”ln 100,00
VERIANOS Advisory GmbH, Frankfurt am Main 100,00
VERIANOS Finance GmbH, K”ln 100,00
Graf Wanheim Verwaltung GmbH, K”ln 100,00
B. NICHT KONSOLIDIERTE VERBUNDENE UNTERNEHMEN
Grzenich Capital GmbH & Co. KG, K”ln 100,00 -1.215,41 -1.415,41
C. ASSOZIIERTE AT EQUITY BEWERTETE UNTERNEHMEN 1
BAUQUADRAT GmbH & Co. KG, K”ln 50,00
REALNET Verwaltung GmbH, K”ln 50,00
REALNET Projektentwicklung GmbH & Co. KG, K”ln 50,00
REAL2 Verm”gensanlagen GmbH, K”ln 49,00
Siebenburgen Verwaltungs GmbH, K”ln 50,00
GšRZENICH Ventures GmbH & Co. KG, K”ln 50,00
SMC 2 GmbH & Co. KG, K”ln 50,00
LIVING ON GREEN GmbH & Co. KG, K”ln 50,00
D. BETEILIGUNGEN
Graf Wanheim GmbH & Co. geschlossene InvKG, K”ln 25,00 4.5522 -1.1552
1828 KKR GmbH & Co. geschlossene InvKG, K”ln 30,00 1.5712 2502
SMC 1 GmbH & Co. KG, K”ln 25,00 2.8012 -1022
LCBH GmbH & Co. KG, K”ln 25,00 3
KAP 12 GmbH & Co. KG, K”ln 20,20 3
1 Kapitalanteile der assoziierten Unternehmen entsprechen Stimmrechtsanteil.
2 Eigenkapital und Ergebnis zum 31. Dezember 2015
3 Gesellschaften wurden in 2016 gegrndet; Jahresabschlsse liegen noch nicht vor."; 5.31,69,70,71,7273 ;2016;VERIANOS Real Estate AG;Konzernabschluss;KPMG
"Zusammengefasst werden die wichtigsten Finanzkennzahlen der wesentlichen assoziierten Gesellschaften fr den Berichtszeitraum 2016 mit Anlage- und Umlaufverm”gen, den Rckstellungen und Verbindlichkeiten
und die jeweiligen Ertr„ge und Aufwendungen sowie Jahresergebnisse in der folgenden Tabelle dargestellt:"; 5.31 ;2016;VERIANOS Real Estate AG;Konzernabschluss;KPMG
"BAUQUADRAT GmbH
& Co. KG
REALNET Projektentwicklung
GmbH & Co.
KG
Siebenburgen Verwaltungs
GmbH
Living on Green GmbH
& Co. KG SMC 2 GmbH & Co. KG
Grzenich Ventures
GmbH & Co. KG
TEUR TEUR TEUR TEUR TEUR TEUR
Anlageverm”gen 27 0 0 0 0 0
Umlaufverm”gen 4.134 5.814 58 1.495 5.877 6.318
Eigenkapital 10 -388 50 -217 -348 -2
Rckstellungen 2.253 677 7 3 2 2
Verbindlichkeiten 1.870 5.525 1 1.709 6.223 6.318
Umsatzerl”se 23.392 0 0 11 0 0
Bestandsver„nderungen -8.268 3.027 0 15 5.781 0
Aufwendungen fr bezogene
Lieferungen und
Leistungen
-11.366 --3.120 0 15 5.849 0
Sonstige Aufwendungen
und Ertr„ge (inkl. Steuern)
(Saldo)
-538 -42 17 -50 -281 -2
Jahresergebnis 3.220 -135 17 -39 -349 -2"; 5.31 ;2016;VERIANOS Real Estate AG;Konzernabschluss;KPMG
"Die Summe der negativen Equity-Werte der REALNET Projektentwicklung GmbH & Co. KG, der Grzenich Ventures GmbH & Co. KG, der LIVING ON GREEN GmbH & Co. KG sowie der SMC 2 GmbH &
Co. KG betr„gt EUR 574.451,28. In den Folgejahren werden die Gewinne von diesen Unternehmen zun„chst zur vollst„ndigen Kompensation der in einer Nebenrechnung vorgetragenen Verlustanteile verwendet."; 5.31 ;2016;VERIANOS Real Estate AG;Konzernabschluss;KPMG
3. ZUM VERKAUF BESTIMMTE GRUNDSTšCKE UND ANDERE VORRTE; 5.20 ;2016;VERIANOS Real Estate AG;Konzernabschluss;KPMG
Unter den zum Verkauf bestimmten Grundstcken und grundstcksgleichen Rechten mit fertigen Bauten werden zwei Garagen in Bergisch Gladbach, Falltorstr. (TEUR 7) ausgewiesen.; 5.20 ;2016;VERIANOS Real Estate AG;Konzernabschluss;KPMG
4. Forderungen und sonstige Verm”gensgegenst„nde; 5.25 ;2016;VERIANOS Real Estate AG;Konzernabschluss;KPMG
"2016 2015
TEUR TEUR
Forderungen
aus Grundstcksverk„ufen 137,4 137,4
aus anderen Lieferungen und Leistungen 24,4 84,1
gegen verbundene Unternehmen 0,2 0
gegen assoziierte Unternehmen 8.979,0 6.972,2
gegen Unternehmen, mit denen ein Beteiligungsverh„ltnis besteht 3.116,5 76,8
Sonstige Verm”gensgegenst„nde 157,4 218,8
? davon mit einer Restlaufzeit von mehr als einem Jahr? 47,3 52,7
12.414,9 7.489,3"; 5.25 ;2016;VERIANOS Real Estate AG;Konzernabschluss;KPMG
"Die Forderungen gegen assoziierte Unternehmen betreffen die BAUQUADRAT GmbH & Co. KG (TEUR 943,1), die Grzenich Ventures GmbH & Co. KG (TEUR 6.318,1), die REALNET Projektentwicklung
GmbH & Co. KG (TEUR 364,0), die LIVING ON GREEN GmbH & Co. KG (TEUR 653,4) und die SMC 2 GmbH & Co. KG (TEUR 700,4)."; 5.27 ;2016;VERIANOS Real Estate AG;Konzernabschluss;KPMG
"Die Forderungen gegen Unternehmen, mit denen ein Beteiligungsverh„ltnis besteht, betreffen die Graf Wan-heim GmbH & Co. geschl. InvKG (TEUR 889,9), die 1828 KKR GmbH & Co. geschl. InvKG (TEUR
603,3), die SMC 1 GmbH & Co. KG (TEUR 64,6), die LCBH GmbH & Co. KG (TEUR 1.002,0) und die KAP 12 GmbH & Co. KG (TEUR 556,7)."; 5.28 ;2016;VERIANOS Real Estate AG;Konzernabschluss;KPMG
"Die sonstigen Verm”gensgegenst„nde enthalten im Wesentlichen Steuererstattungsansprche (TEUR 9), geleistete Mietkautionen (TEUR 48), Forderungen gegen die FORTUNAREAL GmbH & Co. KG (TEUR
8) und Darlehensforderungen (TEUR 88)."; 5.29 ;2016;VERIANOS Real Estate AG;Konzernabschluss;KPMG
"Die Forderungen mit einer Restlaufzeit von mehr als einem Jahr resultieren aus gezahlten Kautionen (TEUR 47,3; i. Vj. TEUR 51,2)."; 5.25 ;2016;VERIANOS Real Estate AG;Konzernabschluss;KPMG
5. Wertpapiere; 5.30 ;2016;VERIANOS Real Estate AG;Konzernabschluss;KPMG
Die sonstigen Wertpapiere des Umlaufverm”gens bercksichtigen Aktien der LUWAG LEBEN WOHN AG (vormals Nau Real Estate Group AG) in H”he des beizulegenden Wertes.; 5.32 ;2016;VERIANOS Real Estate AG;Konzernabschluss;KPMG
6. Kassenbestand und Guthaben bei Kreditinstituten; 5.33 ;2016;VERIANOS Real Estate AG;Konzernabschluss;KPMG
Die flssigen Mittel betreffen im Wesentlichen Guthaben bei Kreditinstituten (TEUR 1.853,9).; 5.33 ;2016;VERIANOS Real Estate AG;Konzernabschluss;KPMG
7. Rechnungsabgrenzungsposten; 5.34 ;2016;VERIANOS Real Estate AG;Konzernabschluss;KPMG
Die Rechnungsabgrenzungsposten beinhalten Abgrenzungen von Versicherungsbeitr„gen und sonstige Vorauszahlungen fr 2017.; 5.34 ;2016;VERIANOS Real Estate AG;Konzernabschluss;KPMG
8. Aktive latente Steuern; 5.35,24 ;2016;VERIANOS Real Estate AG;Konzernabschluss;KPMG
"Der Posten ist im Einzelabschluss der Konzernobergesellschaft identisch zum Konzernabschluss; er beinhaltet latente Steuern auf steuerliche Verlustvortr„ge sowie Bewertungsdifferenzen zwischen Handelsund
Steuerbilanz, fr die aus heutiger Sicht wahrscheinlich ist, dass eine Verrechnung mit geplanten steuerlichen Gewinnen der Gesch„ftsjahre 2017 bis 2019 m”glich ist. In H”he der aktiven latenten Steuern
besteht auf Ebene der Konzernobergesellschaft eine Ausschttungssperre nach õ 268 Abs. 8 HGB."; 5.35,24 ;2016;VERIANOS Real Estate AG;Konzernabschluss;KPMG
9. Gezeichnetes Kapital; 5.38 ;2016;VERIANOS Real Estate AG;Konzernabschluss;KPMG
Das Grundkapital der VERIANOS Real Estate Aktiengesellschaft betr„gt zum Bilanzstichtag EUR 9.425.000 eingeteilt in 9.425.000 auf den Inhaber lautende Stckaktien.; 5.38,21 ;2016;VERIANOS Real Estate AG;Konzernabschluss;KPMG
"Durch Beschluss der Hauptversammlung vom 16. Juli 2015 wurde das bisher genehmigte Kapital in H”he von EUR 4.290.000,00 aufgehoben und ein neues genehmigtes Kapital in H”he von EUR 4.712.500,00
beschlossen. Dieses genehmigte Kapital 2015 kann bis zum 16. Juli 2020 einmalig oder mehrmalig um bis zu insgesamt EUR 4.712.500,00 durch Ausgabe von bis zu 4.712.500 neuen Aktien durch Bar- und /
oder Sacheinlagen ausgenutzt werden. Den Aktion„ren steht grunds„tzlich ein Bezugsrecht zu. Die Aktien k”nnen auch von einem oder mehreren Kreditinstituten mit der Verpflichtung bernommen werden, sie
den Aktion„ren zum Bezug anzubieten. Der Vorstand ist jedoch erm„chtigt, mit Zustimmung des Aufsichtsrates das gesetzliche Bezugsrecht der Aktion„re in bestimmten F„llen auszuschlieáen. Der Vorstand ist
erm„chtigt, mit Zustimmung des Aufsichtsrats den weiteren Inhalt der Aktienrechte und die Bedingungen der Aktienausgabe festzulegen."; 2,5.38,21 ;2016;VERIANOS Real Estate AG;Konzernabschluss;KPMG
10. Kapitalrcklage; 5.39 ;2016;VERIANOS Real Estate AG;Konzernabschluss;KPMG
Die Kapitalrcklage betr„gt unver„ndert EUR 1.593,20.; 5.39 ;2016;VERIANOS Real Estate AG;Konzernabschluss;KPMG
11. Gewinnrcklagen; 5.40 ;2016;VERIANOS Real Estate AG;Konzernabschluss;KPMG
"Die unter den Gewinnrcklagen ausgewiesene gesetzliche Rcklage wurde im Gesch„ftsjahr 2016 gem„á õ 150 Abs. 2 AktG um den zwanzigsten Teil des Jahresberschusses der VERIANOS Real Estate
Aktiengesellschaft um EUR 82.253,00 erh”ht."; 5.40 ;2016;VERIANOS Real Estate AG;Konzernabschluss;KPMG
12. Bilanzgewinn;;2016;VERIANOS Real Estate AG;Konzernabschluss;KPMG
"Unter Bercksichtigung des Konzernjahresberschusses des laufenden Gesch„ftsjahres in H”he von EUR 1.559.514,77 und der Zufhrung zu der gesetzlichen Rcklage in H”he von EUR 82.253,00 ermittelt sich
zum Bilanzstichtag ein Bilanzgewinn in H”he von EUR 1.291.443,13 (davon Verlustvortrag EUR 185.818,64)."; 32 ;2016;VERIANOS Real Estate AG;Konzernabschluss;KPMG
13. Rckstellungen; 5.47 ;2016;VERIANOS Real Estate AG;Konzernabschluss;KPMG
Entwicklung der Rckstellungen; 5.47 ;2016;VERIANOS Real Estate AG;Konzernabschluss;KPMG
"1.1.2016 BiIMoG- Anpassung Inanspruchnahme Aufl”sungen
Zufhrung Zinsaufwand
Zufhrungen 31.12.2016
EUR EUR EUR EUR EUR EUR EUR
Rckstellungen fr
Pensionen und „hnliche
Verpflichtungen
Pensionen 1.521.526,00 27.497,00 91.482,00 0,00 131.970,00 0,00 1.589.511,00
Steuerrckstellungen
K”rperschaftsteuer 6.987,00 0,00 1.922,00 0,00 0,00 64.224,00 69.289,00
Solidarit„tszuschlag 383,75 0,00 105,75 0,00 0,00 3.533,00 3.811,00
Sonstige Rckstellungen
510.325,63 0,00 415.664,81 65.460,82 0,00 1.128.520,21 1.157.720,21
2.039.222,38 27.497,00 509.174,56 65.460,82 131.970,00 1.196.277,21 2.820.331,21"; 4,5.47 ;2016;VERIANOS Real Estate AG;Konzernabschluss;KPMG
Bei der Ermittlung der Rckstellung fr Pensionen und „hnliche Verpflichtungen wurden folgende Berechnungsgrunds„tze und Rechnungsgrundlagen angewandt:; 5.48,34 ;2016;VERIANOS Real Estate AG;Konzernabschluss;KPMG
"Bewertungsverfahren Projected Unit Credit (PUC)
Rechnungszins 4,01 % p. a
Biometrie Richttafeln 2005 G
Trend Renten 1,0 % p. a.
Bewertung Witwen-/Witwerrenten Kollektive Methode"; 5.48,34 ;2016;VERIANOS Real Estate AG;Konzernabschluss;KPMG
"Grunds„tzlich sind die Rckstellungen mit einer Restlaufzeit von mehr als einem Jahr gem„á õ 253 Abs. 2 HGB mit dem ihrer Restlaufzeit entsprechenden durchschnittlichen Marktzinssatz der vergangenen
sieben Jahre abzuzinsen. Der in Folge des ?Gesetzes zur Umsetzung der Wohnimmobilienkreditrichtlinie und zur nderung handelsrechtlicher Vorschriften"" erfolgten Anpassung der Durchschnittsbetrachtung
von sieben auf zehn Gesch„ftsjahre entstehende Unterschiedsbetrag bel„uft sich fr 2016 auf EUR 170.849 und unterliegt auf Ebene der Konzernobergesellschaft einer Ausschttungssperre. Der Aufwand aus
der Zins„nderung fr das Gesch„ftsjahr 2016 wurde im Zinsaufwand ausgewiesen."; 2,5.48,34,35 ;2016;VERIANOS Real Estate AG;Konzernabschluss;KPMG
Der handelsrechtliche Rechnungszins ergibt sich aus der Ver”ffentlichung der Deutschen Bundesbank auf Grundlage einer durchschnittlichen mittleren Restlaufzeit von 15 Jahren.; 5.47,34 ;2016;VERIANOS Real Estate AG;Konzernabschluss;KPMG
"Aufgrund der Anwendung der Bewertungsvorschriften des Bilanzrechtsmodernisierungsgesetzes zum 1. Januar 2010 ergab sich ein Zufhrungsbedarf zur Pensionsrckstellung gem„á Art. 67 Abs. 1 EGHGB
in H”he von EUR 412.444,00. Die Gesellschaft hat entschieden, den Anpassungsbetrag unter Anwendung der Regelung des Art. 67 Abs. 1 Satz 1 EGHGB auf 15 Jahre verteilt der Rckstellung zuzufhren
(Mindestzufhrungsbetrag). Fr das Gesch„ftsjahr 2016 ergibt sich demnach eine Zufhrung in H”he von EUR 27.497,00, die im Gesch„ftsjahr unter den sonstigen betrieblichen Aufwendungen ausgewiesen wird."; 3,5.48,38 ;2016;VERIANOS Real Estate AG;Konzernabschluss;KPMG
"Die durch Anwendung des Art. 67 Abs. 1 Satz 1 EGHGB in der Bilanz nicht ausgewiesene Rckstellung fr laufende Pensionen, Anwartschaften auf Pensionen und „hnliche Verpflichtungen betr„gt EUR
219.665,00 (Art. 67 Abs. 2 EGHGB)."; 5.48,33 ;2016;VERIANOS Real Estate AG;Konzernabschluss;KPMG
Die Steuerrckstellungen bercksichtigen den ermittelten Steueraufwand des laufenden Gesch„ftsjahres unter der Anrechnung bestehender steuerlicher Verlustvortr„ge.; 5.49 ;2016;VERIANOS Real Estate AG;Konzernabschluss;KPMG
"Die sonstigen Rckstellungen beinhalten im Wesentlichen Rckstellungen fr Personalverpflichtungen (TEUR 981), fr externe Jahresabschlusskosten (TEUR 81) sowie fr ausstehende Betriebs- und Verwaltungskosten
(TEUR 83). Die Ermittlung der Rckstellungen erfolgte auf der Grundlage von Erfahrungswerten, getroffenen Vereinbarungen und vorliegenden Angeboten."; 5.50 ;2016;VERIANOS Real Estate AG;Konzernabschluss;KPMG
14. Verbindlichkeiten; 5.51 ;2016;VERIANOS Real Estate AG;Konzernabschluss;KPMG
"31.12.2016 bis ein Jahr mehr als einem Jahr 31.12.2015 bis ein Jahr mehr als einem Jahr
TEUR TEUR TEUR TEUR TEUR TEUR
Anleihen 5.000 0 5.000 0 0 0
davon konvertibel 0 0 0 0 0 0
Verbindlichkeiten gegenber
Kreditinstituten
0,2 0,2 0 175,4 175,4 0
Verbindlichkeiten gegenber
anderen Kreditgebern
0,0 0,0 0 1.600,0 1.600,0 0
Erhaltene Anzahlungen 1,0 1,0 0 50,3 50,3 0
Verbindlichkeiten aus
Lieferungen und Leistungen
88,9 88,9 0 237,3 237,3 0
Verbindlichkeiten gegenber
assoziierten Unternehmen
und Beteiligungsunternehmen
63,5 63,5 0 43,7 43,7 0
Sonstige Verbindlichkeiten
627,8 627,7 0 833,8 833,8 0
davon aus Steuern 517,4 517,4 0 42,3 42,3 0
davon im Rahmen
der sozialen Sicherheit 2,5 2,5 0 4,3 4,3 0
5.781,4 781,4 5.000 2.940,5 2.940,5 0"; 5.51 ;2016;VERIANOS Real Estate AG;Konzernabschluss;KPMG
"Im Jahr 2016 hat die Verianos Finance GmbH eine Anleihe mit auf den Inhaber lautende, untereinander gleichberechtigte Teilschuldverschreibungen im Nennbetrag von jeweils EUR 100.000,00 mit einem
Gesamtnennbetrag von EUR 5.000.000,00 ausgegeben, die vollst„ndig gezeichnet worden ist. Die Schuldverschreibungen werden am 15. September 2019 zum Nennbetrag zuzglich bis zum Rckzahlungstag
aufgelaufener Zinsen zurckgezahlt. Diese werden dabei ab dem 15. September 2016 mit j„hrlich 7,25 % auf ihren Nennbetrag verzinst. Die Zinsen sind j„hrlich nachtr„glich am 15. September eines jeden Jahres,
erstmals am 15. September 2017, zahlbar."; 5.52,40 ;2016;VERIANOS Real Estate AG;Konzernabschluss;KPMG
"Die Anleihe ist durch eine Sicherungsabtretung von Ansprchen der VERIANOS Real Estate Aktiengesellschaft gegen die VERIANOS Capital Partners GmbH aus dem Beherrschungs- und Gewinnabfhrungsvertrag
bis zu EUR 6 Mio. besichert. Darber hinaus hat die VERIANOS Real Estate Aktiengesellschaft eine unbedingte und unwiderrufliche Garantie zugunsten der Anleihegl„ubiger in Bezug auf die ordnungsgem„áe
und pnktliche Zahlung des Kapitals und der Zinsen bernommen."; 5.52,42 ;2016;VERIANOS Real Estate AG;Konzernabschluss;KPMG
"Die im Vorjahr ausgewiesenen Verbindlichkeiten gegenber anderen Kreditgebern waren durch eine Brgschaft sowie einer Sicherungsabtretung von Ansprchen der VERIANOS Real Estate Aktiengesellschaft
be-sichert."; 5.51,42 ;2016;VERIANOS Real Estate AG;Konzernabschluss;KPMG
Die brigen Verbindlichkeiten sind unbesichert.; 5.51,42 ;2016;VERIANOS Real Estate AG;Konzernabschluss;KPMG
15. Latente Steuern; 5.35,5.64,24 ;2016;VERIANOS Real Estate AG;Konzernabschluss;KPMG
"Bei den Rckstellungen fr Pensionen bestehen zum Abschluss-Stichtag tempor„re Differenzen zwischen den Wertans„tzen in der Handelsbilanz und den steuerlichen Wertans„tzen in H”he von TEUR 233, die
sich in sp„teren Gesch„ftsjahren abbauen und am Bilanzstichtag zu aktiven latenten Steuern fhren."; 5.35,24 ;2016;VERIANOS Real Estate AG;Konzernabschluss;KPMG
"Darber hinaus verfgt der Konzern ber k”rperschaft- und gewerbesteuerliche Verlustvortr„ge. Auf Basis der aktuellen Unternehmensplanungs- und Steuerplanungsrechnungen und der sich hieraus abgeleiteten
teilweisen Nutzungsm”glichkeit der steuerlichen Verlustvortr„ge und tempor„ren Differenzen ergeben sich aktive latente Steuern. Die Bewertung der aktiven latenten Steuern auf bestehende Differenzen sowie
steuerliche Verlustvortr„ge erfolgt mit einem Steuersatz von 32,45 %."; 5.35,24 ;2016;VERIANOS Real Estate AG;Konzernabschluss;KPMG
Es wurden dementsprechend zum 31. Dezember 2016 die aktiven latenten Steuern mit insgesamt TEUR 539 bewertet.; 5.35,24 ;2016;VERIANOS Real Estate AG;Konzernabschluss;KPMG
In H”he der aktiven latenten Steuern besteht eine Ausschttungssperre auf Ebene der Konzernobergesellschaft im Sinne des õ 268 Abs. 8 HGB.; 5.35,24 ;2016;VERIANOS Real Estate AG;Konzernabschluss;KPMG
16. Haftungsverh„ltnisse;;2016;VERIANOS Real Estate AG;Konzernabschluss;KPMG
"31.12.2016 31.12.2015
TEUR TEUR
Aus Brgschaften 13.000 8.020
davon betreffend die Altersversorgung 0 0
davon gegenber verbundenen Unternehmen 0 0
davon gegenber assoziierten Unternehmen 300 3.560
davon gegenber Beteiligungsunternehmen 12.700 4.460
Aus sonstigen Haftungsverh„ltnissen 5.676 0
davon betreffend die Altersversorgung 0 0
davon gegenber verbundenen Unternehmen 0 0
davon gegenber assoziierten Unternehmen 5.676 0
davon gegenber Beteiligungsunternehmen 0 0"; 43 ;2016;VERIANOS Real Estate AG;Konzernabschluss;KPMG
"Bei den Brgschaften und sonstigen Haftungsverh„ltnissen handelt es sich um Verpflichtungen der VERIA-NOS Real Estate Aktiengesellschaft zugunsten Dritter fr Verpflichtungen von assoziierten Unternehmen
bzw. Beteiligungsunternehmen (TEUR 18.676) im Zusammenhang mit Projektfinanzierungen. Fr die bernommenen Brgschaften besteht am Abschlussstichtag kein Risiko einer Inanspruchnahme. Die
Einsch„tzung des Risikos sttzt sich auf die Prognosen ber die erwarteten Projektergebnisse der assoziierten Unternehmen bzw. Beteiligungsunternehmen."; 43,44 ;2016;VERIANOS Real Estate AG;Konzernabschluss;KPMG
17. Sonstige finanzielle Verpflichtungen;;2016;VERIANOS Real Estate AG;Konzernabschluss;KPMG
"31.12.2016 31.12.2015
TEUR TEUR
Verpflichtungen aus Miet- und Leasingvertr„gen f„llig 2017 (i. Vj. 2016) 324 360
F„llig 2018 bis 2021 (i. Vj. 2016 bis 2020) 413 407
F„llig nach 2021 (i. Vj. nach 2020) 343 0
1.080 767"; 62 ;2016;VERIANOS Real Estate AG;Konzernabschluss;KPMG
IV. Angaben zur Gewinn- und Verlustrechnung;;2016;VERIANOS Real Estate AG;Konzernabschluss;KPMG
1. Umsatzerl”se; 5.66 ;2016;VERIANOS Real Estate AG;Konzernabschluss;KPMG
Die Aufgliederung der im Inland entstandenen Umsatzerl”se nach T„tigkeitsbereichen ergibt sich aus dem Gliederungsschema der Gewinn- und Verlustrechnung.; 5.66,47 ;2016;VERIANOS Real Estate AG;Konzernabschluss;KPMG
2. Sonstige betriebliche Ertr„ge; 5.69 ;2016;VERIANOS Real Estate AG;Konzernabschluss;KPMG
"Die sonstigen betrieblichen Ertr„ge (TEUR 3.480) beinhalten im Wesentlichen Ertr„ge aus der Abtretung von Ertragsansprchen (TEUR 3.200), Ertr„ge aus Sachbezug (TEUR 102), Ertr„ge aus Haftungsvergtung
(TEUR 37), Ertr„ge aus Versicherungsentsch„digungen (TEUR 7), periodenfremde Ertr„ge aus der Aufl”sung von sonstigen Rckstellungen (TEUR 65) sowie aus dem Abgang von Anlageverm”gen (TEUR 17)."; 5.69,51 ;2016;VERIANOS Real Estate AG;Konzernabschluss;KPMG
3. Abschreibungen auf immaterielle Verm”gensgegenst„nde des Anlageverm”gens und Sachanlagen; 5.78,14 ;2016;VERIANOS Real Estate AG;Konzernabschluss;KPMG
Die Aufteilung der Abschreibungen ist aus dem Anlagenspiegel (Anlage zum Anhang) ersichtlich.; 5.78 ;2016;VERIANOS Real Estate AG;Konzernabschluss;KPMG
4. Sonstige betriebliche Aufwendungen; 5.80 ;2016;VERIANOS Real Estate AG;Konzernabschluss;KPMG
"Die sonstigen betrieblichen Aufwendungen von insgesamt TEUR 1.910 enthalten die folgenden wesentlichen Posten: Rechts- und Beratungskosten sowie Prozess- und Gerichtskosten (TEUR 529), Mieten
und Raumkosten (TEUR 269), Kfz-Kosten (TEUR 143), EDV- und Softwarekosten (TEUR 72), Buchhaltung und Betreuung (TEUR 85), Werbe- und Reisekosten (TEUR 129), Versicherungen und Beitr„ge
(TEUR 48), Leasingkosten (TEUR 31), Umzugskosten (TEUR 42), Kosten des Aufsichtsrats (TEUR 31), B”rsendienste (TEUR 31), Kosten fr Gesch„ftsbericht, Hauptversammlung und Ver”ffentlichung
(TEUR 33), Wertberichtigungen auf Forderungen und sonstigen Verm”gensgegenst„nden (TEUR 210), Porto/Telefon/Internet (TEUR 29), Bromaterial und Fachliteratur (TEUR 11) sowie Jahresabschluss- und
Steuerberatungskosten (TEUR 90). Darber hinaus werden periodenfremde Aufwendungen aus Verlusten aus dem Abgang von Gegenst„nden des Anlageverm”gens (TEUR 3) sowie sonstigen periodenfremden
Aufwendungen (TEUR 4) ausgewiesen."; 5.80,51 ;2016;VERIANOS Real Estate AG;Konzernabschluss;KPMG
5. Sonstige Zinsen und „hnliche Ertr„ge; 5.85 ;2016;VERIANOS Real Estate AG;Konzernabschluss;KPMG
"Die sonstigen Zinsen und „hnliche Ertr„ge enthalten im Wesentlichen Zinsen in H”he von TEUR 60 aus Darlehen an assoziierte Unternehmen sowie Verzugszinsen in Zusammenhang mit der Ver„uáerung der
Anteile an der HWZ GbR in H”he TEUR 6."; 5.85 ;2016;VERIANOS Real Estate AG;Konzernabschluss;KPMG
6. Abschreibungen auf Finanzanlagen; 5.87 ;2016;VERIANOS Real Estate AG;Konzernabschluss;KPMG
"Bei dem unter den sonstigen Ausleihungen gefhrten langfristigen Darlehen an die Realwert Rheinland Immobilien Beteiligungsgesellschaft mbH, K”ln wurde in 2016 aufgrund bestehender Bonit„tsrisiken eine
auáerplanm„áige Abschreibung in H”he von TEUR 745 auf den beizulegenden Wert von EUR 1 vorgenommen."; 5.87 ;2016;VERIANOS Real Estate AG;Konzernabschluss;KPMG
7. Zinsen und „hnliche Aufwendungen; 5.88 ;2016;VERIANOS Real Estate AG;Konzernabschluss;KPMG
"Die Zinsen und „hnliche Aufwendungen enthalten im Wesentlichen Aufwendungen in H”he von TEUR 132 (i. Vj. TEUR 128) aus der Aufzinsung der Pensionsverpflichtungen, Entgelte aus den Verbindlichkeiten
gegenber anderen Kreditgebern in H”he von TEUR 218 (i. Vj. TEUR 0) sowie aus der Ausgabe der Anleihe in H”he von 117 (i. Vj. TEUR 0)."; 5.88,52 ;2016;VERIANOS Real Estate AG;Konzernabschluss;KPMG
8. Steuern vom Einkommen und vom Ertrag; 5.90 ;2016;VERIANOS Real Estate AG;Konzernabschluss;KPMG
"Die Steuern vom Einkommen und vom Ertrag enthalten mit TEUR 53 Aufwendungen aufgrund der Fortschreibung aktiver latenter Steuern sowie die K”rperschaftsteuer sowie den Solidarit„tszuschlag 2016
mit TEUR 67."; 5.90, 55 ;2016;VERIANOS Real Estate AG;Konzernabschluss;KPMG
9. Sonstige Steuern; 5.92 ;2016;VERIANOS Real Estate AG;Konzernabschluss;KPMG
Die sonstigen Steuern betreffen im Wesentlichen Kfz-Steuern.; 5.92 ;2016;VERIANOS Real Estate AG;Konzernabschluss;KPMG
V. Sonstige Angaben;;2016;VERIANOS Real Estate AG;Konzernabschluss;KPMG
1. Kapitalflussrechnung;;2016;VERIANOS Real Estate AG;Konzernabschluss;KPMG
"Der in der Kapitalflussrechnung ausgewiesene Finanzmittelfonds zum Bilanzstichtag (TEUR 1.854) setzt sich aus Kassenbest„nde (TEUR 0,01) und Guthaben bei Kreditinstituten (TEUR 1.854) zusammen und
entspricht dem Posten ?Flssige Mittel"" in der Konzernbilanz.";;2016;VERIANOS Real Estate AG;Konzernabschluss;KPMG
"Bedeutende zahlungsunwirksame Transaktionen betreffen die Ertr„ge aus der Abtretung von Ertragsansprchen (TEUR 3.200), Zufhrung bzw. Aufl”sung von Rckstellungen (Saldo TEUR 1.064) sowie
Wertberichtigungen auf Forderungen bzw. sonstigen Verm”gensgegenst„nden (TEUR 210).";;2016;VERIANOS Real Estate AG;Konzernabschluss;KPMG
2. Arbeitnehmer;;2016;VERIANOS Real Estate AG;Konzernabschluss;KPMG
Im Gesch„ftsjahr 2016 betrug die durchschnittliche Zahl der Arbeitnehmer 25 (Angestellte).; 57 ;2016;VERIANOS Real Estate AG;Konzernabschluss;KPMG
3. Vorstand und Aufsichtsrat;;2016;VERIANOS Real Estate AG;Konzernabschluss;KPMG
Mitglieder des Vorstands;;2016;VERIANOS Real Estate AG;Konzernabschluss;KPMG
"Dem Vorstand geh”ren an:
?Diego Fern„ndez Reumann, Kaufmann, Frankfurt/Main.
Vorsitzender des Vorstands
?Jost-Albrecht Nies, Diplom-Ingenieur, Frankfurt/Main.
Mitglied des Vorstands
?Nikolaus von Blomberg, Diplom-Kaufmann, Dsseldorf (ab 1. Februar 2017).
Mitglied des Vorstands";;2016;VERIANOS Real Estate AG;Konzernabschluss;KPMG
Mitglieder des Aufsichtsrats;;2016;VERIANOS Real Estate AG;Konzernabschluss;KPMG
"Dem Aufsichtsrat geh”ren an:
?Prof. Dr. Ralf F. Krger, Kaufmann, Kronberg/Taunus.
Vorsitzender
?Dr. Giulio Beretti, Kaufmann, Mailand/Italien.
stellvertretender Vorsitzender
?Prof. Dr. Jochen Axer, Wirtschaftsprfer/Steuerberater, K”ln.
Mitglied des Aufsichtsrats";;2016;VERIANOS Real Estate AG;Konzernabschluss;KPMG
"Die Vergtung des Vorstands der Aktiengesellschaft besteht aus einer fixen und einer variablen Vergtung, die erfolgs- und gewinnabh„ngig ist. Hinsichtlich der variablen Vergtung besteht eine Zielvereinbarung
mit dem Aufsichtsrat. Die Zielerreichung wird vom Aufsichtsrat fr das jeweilige Gesch„ftsjahr festgelegt. Der Vorstand erh„lt bliche Sachbezge, die im Wesentlichen aus dem nach den steuerlichen
Bestimmungen anzusetzenden Wert der privaten Dienstwagennutzung besteht. Die Sachbezge waren vom Vorstand selbst zu versteuern.";;2016;VERIANOS Real Estate AG;Konzernabschluss;KPMG
Die Bezge des Vorstands beliefen sich im Gesch„ftsjahr 2016 auf insgesamt TEUR 711 (i. Vj. TEUR 337).; 78 ;2016;VERIANOS Real Estate AG;Konzernabschluss;KPMG
"Darber hinaus hat die Gesellschaft fr leitende Mitarbeiter ein virtuelles Aktienoptionsprogramm angeboten. Dem Vorstand wurden insgesamt 360.000 (i. Vj. 360.000) virtuelle Stcke zum beizulegenden
Zeitwert im Zeitpunkt der Gew„hrung in H”he von EUR 0,925 je Stck (fr 120.000 (i. Vj. 120.000) virtuelle Stcke), EUR 0,954 je Stck (fr weitere 120.000 (i. Vj. 120.000) virtuelle Stcke) sowie in 2016
EUR 0,948 je Stck (fr weitere 120.000 virtuelle Stcke) gew„hrt."; 78,81 ;2016;VERIANOS Real Estate AG;Konzernabschluss;KPMG
Die Bezge des Aufsichtsrats beliefen sich fr das laufende Gesch„ftsjahr auf TEUR 30 (i. Vj. TEUR 30).; 78 ;2016;VERIANOS Real Estate AG;Konzernabschluss;KPMG
4. Nahe stehende Unternehmen und Personen;;2016;VERIANOS Real Estate AG;Konzernabschluss;KPMG
Nahe stehende Unternehmen sind im Gesch„ftsjahr alle Tochtergesellschaften und mittelbare Beteiligungsgesellschaften der VERIANOS Real Estate Aktiengesellschaft, K”ln, sowie die unmittelbaren Gesellschafter.; 76 ;2016;VERIANOS Real Estate AG;Konzernabschluss;KPMG
Nahe stehende Personen sind des Weiteren der Aufsichtsrat, der Vorstand und leitende Mitarbeiter sowie nahe Angeh”rige dieser Personen.; 76 ;2016;VERIANOS Real Estate AG;Konzernabschluss;KPMG
5. Unternehmensvertr„ge;;2016;VERIANOS Real Estate AG;Konzernabschluss;KPMG
"Mit Wirkung ab dem 1. Januar 2006 hat die VERIANOS Real Estate Aktiengesellschaft, K”ln, mit folgenden Tochtergesellschaften Beherrschungs- und Gewinnabfhrungsvertr„ge abgeschlossen:
?VERIANOS Capital Partners GmbH, K”ln
?VERIANOS Investment Management GmbH, K”ln
?REAL2 Projektentwicklung GmbH, K”ln"; 69 ;2016;VERIANOS Real Estate AG;Konzernabschluss;KPMG
"Die Vertr„ge haben jeweils eine Laufzeit von fnf Jahren und konnten erstmals zum Ablauf des 31. Dezember 2010 unter Einhaltung einer Kndigungsfrist von sechs Monaten gekndigt werden. Werden die
Vertr„ge nicht gekndigt, verl„ngern sie sich jeweils um ein Kalenderjahr."; 69 ;2016;VERIANOS Real Estate AG;Konzernabschluss;KPMG
Da keine Tochtergesellschaft eine Kndigung ausgesprochen hat, laufen die Vertr„ge vorerst bis zum 31. Dezember 2017.; 69 ;2016;VERIANOS Real Estate AG;Konzernabschluss;KPMG
"Mit Wirkung zum 1. Januar 2013 hat die VERIANOS Real Estate Aktiengesellschaft, K”ln, mit der VERIANOS Advisory GmbH, Frankfurt/Main, als Tochtergesellschaft einen Beherrschungs- und Gewinnabfhrungsvertrag
abgeschlossen. Der Vertrag ist auf unbestimmte Zeit geschlossen. Er kann ordentlich mit einer Frist von drei Monaten zum Ende eines Gesch„ftsjahres der VERIANOS Advisory GmbH schriftlich
gekndigt werden, erstmals jedoch zum Ende desjenigen Gesch„ftsjahres der VERIANOS Advisory GmbH, das mindestens fnf Zeitjahre nach dem Beginn des Gesch„ftsjahres der VERIANOS Advisory GmbH
endet, in dem der Vertrag wirksam geworden ist."; 69 ;2016;VERIANOS Real Estate AG;Konzernabschluss;KPMG
6. Gesamtvergtung fr die T„tigkeit des Abschlussprfers;;2016;VERIANOS Real Estate AG;Konzernabschluss;KPMG
Die im Gesch„ftsjahr 2016 erfassten Honorare fr die T„tigkeit des Konzernabschlussprfers KPMG betrugen fr Abschlussprfungsleistungen TEUR 52 und fr andere Best„tigungsleistungen TEUR 1.; 66 ;2016;VERIANOS Real Estate AG;Konzernabschluss;KPMG
7. Sonstiges;;2016;VERIANOS Real Estate AG;Konzernabschluss;KPMG
"Ertr„ge und Aufwendungen von auáergew”hnlicher Gr”áenordnung oder auáergew”hnlicher Bedeutung, soweit die Betr„ge nicht von untergeordneter Bedeutung sind, waren im Gesch„ftsjahr durch die Wertberichtigung
der sonstigen Ausleihung mit TEUR 745 zu verzeichnen"; 54 ;2016;VERIANOS Real Estate AG;Konzernabschluss;KPMG
"Die im Vorjahr unter den auáerordentlichen Aufwendungen ausgewiesene Zufhrung zur Pensionsrckstellung als Folge der šbergangsregelung des Art. 67 Abs. 1 EGHGB (TEUR 27) wurden im Berichtsjahr
mit erstmaliger Anwendung des BilRUG unter den sonstigen betrieblichen Aufwendungen ausgewiesen. Das Vorjahr wurde entsprechend angepasst."; 4 ;2016;VERIANOS Real Estate AG;Konzernabschluss;KPMG
VI. Nachtragsbericht;;2016;VERIANOS Real Estate AG;Konzernabschluss;KPMG
"In teilweiser Ausnutzung des genehmigten Kapitals und mit der erfolgten Zustimmung des Aufsichtsrats vom 16. Januar 2017 hat der Vorstand der VERIANOS Real Estate Aktiengesellschaft am 10. Januar 2017
beschlossen, das Grundkapital von EUR 9.425.000,00 um EUR 925.000,00 durch Ausgabe von 925.000 neuen Aktien gegen Bareinlage auf EUR 10.350.000,00 zu erh”hen."; 64 ;2016;VERIANOS Real Estate AG;Konzernabschluss;KPMG
VII. Ergebnis des Gesch„ftsjahres;;2016;VERIANOS Real Estate AG;Konzernabschluss;KPMG
Das Gesch„ftsjahr schlieát mit einem Konzernjahresberschuss in H”he von EUR 1.559.514,77 ab.;;2016;VERIANOS Real Estate AG;Konzernabschluss;KPMG
VIII. Ergebnisverwendungsvorschlag des Mutterunternehmens;;2016;VERIANOS Real Estate AG;Konzernabschluss;KPMG
Der Vorstand schl„gt vor, den Bilanzgewinn des Mutterunternehmens (EUR 1.686.758,48) auf neue Rechnung vorzutragen.; 63 ;2016;VERIANOS Real Estate AG;Konzernabschluss;KPMG
K”ln, den 24. M„rz 2017;;2016;VERIANOS Real Estate AG;Konzernabschluss;KPMG
"VERIANOS Real Estate Aktiengesellschaft
Der Vorstand
Diego Fern„ndez Reumann
Jost-Albrecht Nies
Nikolaus von Blomberg";;2016;VERIANOS Real Estate AG;Konzernabschluss;KPMG
Entwicklung des Anlageverm”gens 2016; 14,15 ;2016;VERIANOS Real Estate AG;Konzernabschluss;KPMG
"Anschaffungs- und Herstellungskosten
1.1.2016 Zug„nge Abg„nge 31.12.2016
EUR EUR EUR EUR
I. IMMATERIELLE VERM™GENSGEGENSTNDE
1. Entgeltlich erworbene Rechte und Werte sowie Lizenzen an solchen
Rechten und Werten
117.016,87 565,68 0,00 117.582,55
2. Gesch„fts- oder Firmenwerte 650.628,20 0,00 0,00 650.628,20
767.645,07 565,68 0,00 768.210,75
II. SACHANLAGEN
1. Grundstcke und grundstcksgleiche Rechte mit Gesch„ftsbauten 991.971,74 0,00 991.971,74 0,00
2. Grundstcke und grundstcksgleiche Rechte ohne Bauten 30.234,48 0,00 30.234,48 0,00
Anschaffungs- und Herstellungskosten
1.1.2016 Zug„nge Abg„nge 31.12.2016
EUR EUR EUR EUR
3. Betriebs- und Gesch„ftsausstattung 562.084,62 25.759,02 18.035,11 569.808,53
1.584.290,84 25.759,02 1.040.241,33 569.808,53
III. FINANZANLAGEN
1. Anteile an verbundenen Unternehmen 0,00 200,00 0,00 200,00
2. Beteiligungen an assoziierten Unternehmen 1.355.591,03 27.555,15 1.301.003,82 82.142,36
3. Beteiligungen 2.215.006,36 4.197.975,00 1.980.000,00 4.432.981,36
4. Sonstige Ausleihungen 745.000,00 0,00 0,00 745.000,00
4.315.597,39 4.225.730,15 3.281.003,82 5.260.323,72
6.667.533,30 4.252.054,85 4.321.245,15 6.598.343,00
Kumulierte Abschreibungen
1.1.2016 Zug„nge Abg„nge 31.12.2016
EUR EUR EUR EUR
I. IMMATERIELLE VERM™GENSGEGENSTNDE
1. Entgeltlich erworbene Rechte und Werte sowie Lizenzen an solchen
Rechten und Werten
116.690,71 790,68 0,00 117.481,39
2. Gesch„fts- oder Firmenwerte 527.466,16 51.517,48 0,00 578.983,64
644.156,87 52.308,16 0,00 696.465,03
II. SACHANLAGEN
1. Grundstcke und grundstcksgleiche Rechte mit Gesch„ftsbauten 744.899,25 1.601,00 746.500,25 0,00
2. Grundstcke und grundstcksgleiche Rechte ohne Bauten 30.233,48 0,00 30.233,48 0,00
3. Betriebs- und Gesch„ftsausstattung 460.043,87 40.848,45 14.646,11 486.246,21
1.235.176,60 42.449,45 791.379,84 486.246,21
III. FINANZANLAGEN
1. Anteile an verbundenen Unternehmen 0,00 0,00 0,00 0,00
2. Beteiligungen an assoziierten Unternehmen 454.850,49 0,00 454.850,49 0,00
3. Beteiligungen 0,00 0,00 0,00 0,00
4. Sonstige Ausleihungen 0,00 744.999,00 0,00 744.999,00
454.850,49 744.999,00 454.850,49 744.999,00
Kumulierte Abschreibungen
1.1.2016 Zug„nge Abg„nge 31.12.2016
EUR EUR EUR EUR
2.334.183,96 839.756,61 1.246.230,33 1.927.710,24
Buchwerte
31.12.2016 31.12.2015
EUR EUR
I. IMMATERIELLE VERM™GENSGEGENSTNDE
1. Entgeltlich erworbene Rechte und Werte sowie Lizenzen an solchen Rechten und Werten 101,16 326,16
2. Gesch„fts- oder Firmenwerte 71.644,56 123.162,04
71.745,72 123.488,20
II. SACHANLAGEN
1. Grundstcke und grundstcksgleiche Rechte mit Gesch„ftsbauten 0,00 247.072,49
2. Grundstcke und grundstcksgleiche Rechte ohne Bauten 0,00 1,00
3. Betriebs- und Gesch„ftsausstattung 83.562,32 102.040,75
83.562,32 349.114,24
III. FINANZANLAGEN
1. Anteile an verbundenen Unternehmen 200,00 0,00
2. Beteiligungen an assoziierten Unternehmen 82.142,36 900.740,54
3. Beteiligungen 4.432.981,36 2.215.006,36
4. Sonstige Ausleihungen 1,00 745.000,00
4.515.324,72 3.860.746,90
4.670.632,76 4.333.349,34"; 14,15,16 ;2016;VERIANOS Real Estate AG;Konzernabschluss;KPMG
