; Annotierung (Angabe Nummer in Anahngscheckliste) ;Geschäftsjahr;Gesellschaft;Abschlussart;Prüfer
Konzernanhang 2016 KONSOLIDIERUNGSKREIS;;2016;MAHLE GmbH;Konzernabschluss;PwC
Der Konzernabschluss umfasst die MAHLE GmbH (Mutterunternehmen), mit Sitz und Amtsgericht in Stuttgart (Handelsregisternummer 638), 25 inländische und 134 ausländische Tochterunternehmen. Darüber hinaus sind 43 Unternehmen quotal einbezogen und neun Unternehmen wurden at-equity bewertet. Die konsolidierten Unternehmen sind aus der Aufstellung des Anteilsbesitzes ersichtlich.; 83 ;2016;MAHLE GmbH;Konzernabschluss;PwC
Im Geschäftsjahr 2016 wurde folgende Gesellschaft erstmals vollkonsolidiert. In den Jahren zuvor wurde diese Gesellschaft aufgrund untergeordneter Bedeutung nicht in den Konzernabschluss einbezogen. ?MAHLE Manufacturing Service Japan Corporation, Japan, zum 1. Januar; 85 ;2016;MAHLE GmbH;Konzernabschluss;PwC
Zum 31.10.2016 schieden im Rahmen der Veräußerung der Sparte Industriefiltration folgende vollkonsolidierten Gesellschaften aus dem Konsolidierungskreis aus: ; 85 ;2016;MAHLE GmbH;Konzernabschluss;PwC
"MAHLE Industriefiltration GmbH, Deutschland
? MAHLE Industrial Filtration (Benelux) B.V., Niederlande
? MAHLE Filtration Industrielle SAS, Frankreich
? MAHLE Industrial Filtration (UK) Ltd., Großbritannien
? MAHLE Industrial Filtration USA, Inc., USA
? MAHLE Filter Systems s.r.o., Tschechien
? MAHLE Industrial Filter Systems (Shanghai) Co., Ltd., China
? MAHLE Industrial Filtration Japan Corporation, Japan
? MAHLE Industrial Filtration SRL, Rumänien"; 85 ;2016;MAHLE GmbH;Konzernabschluss;PwC
Vier Unternehmen wurden im Berichtsjahr auf andere Konzerngesellschaften verschmolzen. Ein Unternehmen wurde im Geschäftsjahr 2016 liquidiert.; 85 ;2016;MAHLE GmbH;Konzernabschluss;PwC
Bei zwei Unternehmen erfolgte ein Wechsel von Vollkonsolidierung auf at-equity-Bewertung.; 85 ;2016;MAHLE GmbH;Konzernabschluss;PwC
Vier verbundene, aufgrund derer untergeordneter Bedeutung nicht vollkonsolidierte, Unternehmen schieden im Berichtsjahr im Rahmen der Veräußerung der Sparte Industriefiltration aus dem Konsolidierungskreis aus.; 85 ;2016;MAHLE GmbH;Konzernabschluss;PwC
Im Berichtsjahr wurde bei elf Unternehmen wegen deren untergeordneter Bedeutung für den Konzernabschluss auf eine Einbeziehung verzichtet. Bei acht Unternehmen wurde aufgrund deren untergeordneten Bedeutung auf eine at-equity-Bewertung verzichtet.; 89, 96 ;2016;MAHLE GmbH;Konzernabschluss;PwC
Wesentliche Veränderungen des Konsolidierungskreises; 85 ;2016;MAHLE GmbH;Konzernabschluss;PwC
Im Berichtsjahr wurde die Sparte Industriefiltration veräußert. Durch den Verkauf sind Vermögensgegenstände, Schulden und Rechnungsabgrenzungsposten mit folgenden Werten zum Veräußerungszeitpunkt aus der MAHLE Konzernbilanz abgegangen:; 85 ;2016;MAHLE GmbH;Konzernabschluss;PwC
"Anlagevermögen TEUR 21.966 Umlaufvermögen TEUR 61.495
Aktive Rechnungsabgrenzungsposten TEUR 693 Aktive latente Steuern TEUR 3.634
Rückstellungen TEUR 26.765 Verbindlichkeiten TEUR 36.126"; 85 ;2016;MAHLE GmbH;Konzernabschluss;PwC
Die Umsatzerlöse sind verkaufsbedingt um ca. TEUR 23.552 gesunken. Bei den übrigen Posten der Gewinn- und Verlustrechnung haben sich entsprechende Veränderungen ergeben.; 85 ;2016;MAHLE GmbH;Konzernabschluss;PwC
Im Rahmen der Korrekturvorschrift des § 301 Abs. 2 S. 2 HGB wurden werterhellende Informationen zum Erwerb der ehemaligen Delphi-Thermal-Einheiten innerhalb von zwölf Monaten nach dem Erstkonso- lidierungszeitpunkt ergebnisneutral berücksichtigt. Dadurch haben sich folgende Veränderungen in der Konzernbilanz ergeben:; 85, 91 ;2016;MAHLE GmbH;Konzernabschluss;PwC
"Anlagevermögen TEUR 2.516 Umlaufvermögen TEUR -7.348
Aktive latente Steuern TEUR 1.040 Eigenkapital TEUR -350
Rückstellungen TEUR 1.179 Verbindlichkeiten TEUR -4.621"; 85, 91 ;2016;MAHLE GmbH;Konzernabschluss;PwC
Da die Vorjahreszahlen nur mit unverhältnismäßigem Aufwand an den neuen Konsolidierungskreis angepasst werden können, werden im Folgenden Angaben gemacht, um den Konzernabschluss des laufenden Jahres mit dem Vorjahresabschluss vergleichen zu können:; 85 ;2016;MAHLE GmbH;Konzernabschluss;PwC
"Konzern-Gewinn- und Verlustrechnung 2016 2016 2015
in TEUR MAHLE Konzern
MAHLE Konzern 6 Monate
erstkonsolidierte Gesellschaften
MAHLE Konzern
Umsatzerlöse 12.321.783 11.778.832 11.486.133
Herstellungskosten der zur Erzielung der Umsatzerlöse erbrachten Leistungen -9.993.960 -9.508.217 -9.334.928
Vertriebskosten -586.809 -573.975 -553.321
Allgemeine Verwaltungskosten -502.326 -468.703 -466.801
Konzern-Gewinn- und Verlustrechnung 2016 2016 2015
in TEUR MAHLE Konzern
MAHLE Konzern 6 Monate
erstkonsolidierte Gesellschaften
MAHLE Konzern
Forschungs- und Entwicklungskosten -753.315 -710.399 -656.953
Sonstige betriebliche Erträge und Aufwendungen -12.569 8.141 37.598
Finanzergebnis -244.734 -238.329 -202.853
Ergebnis der Geschäftstätigkeit 228.070 287.350 308.875
Steuern vom Einkommen und vom Ertrag -132.189 -140.833 -155.842
Ergebnis nach Steuern 95.881 146.517 153.033
Sonstige Steuern -32.875 -32.217 -30.627
Konzern-Jahresüberschuss 63.006 114.300 122.406"; 85 ;2016;MAHLE GmbH;Konzernabschluss;PwC
BEFREIUNGSVORSCHRIFTEN FÜR INLÄNDISCHE GESELLSCHAFTEN; 100, 101 ;2016;MAHLE GmbH;Konzernabschluss;PwC
Die folgenden Tochterunternehmen nehmen die Erleichterungsvorschrift des § 264 Abs. 3 HGB bzw. des § 264b HGB hinsichtlich der Offenlegung ihrer Jahresabschlüsse und/oder der Aufstellung des Lageberichts in Anspruch:; 100, 101 ;2016;MAHLE GmbH;Konzernabschluss;PwC
"MAHLE Aftermarket GmbH, Stuttgart; MAHLE Amovis GmbH, Berlin; MAHLE Beteiligungen GmbH, Stuttgart; MAHLE Filtersysteme GmbH, Stuttgart; MAHLE Immobilien GmbH, Stuttgart; MAHLE Industrial Thermal Systems GmbH & Co. KG, Stuttgart; MAHLE Industriebeteiligungen GmbH, Stuttgart; MAHLE Industriemotoren-Komponenten GmbH, Stuttgart; MAHLE Industry GmbH, Stuttgart; MAHLE International GmbH, Stuttgart; MAHLE Kleinmotoren-Komponenten GmbH & Co. KG, Stuttgart; MAHLE Powertrain GmbH, Stuttgart; MAHLE Brandenburg GmbH, Wustermark; MAHLE Ventiltrieb GmbH, Stuttgart; MAHLE Versicherungsvermittlung GmbH, Stuttgart"; 100, 101 ;2016;MAHLE GmbH;Konzernabschluss;PwC
KONSOLIDIERUNGSMETHODE;;2016;MAHLE GmbH;Konzernabschluss;PwC
Die Konsolidierung der bis zum 31. Dezember 2009 vollkonsolidierten Gesellschaften erfolgte unverändert nach der Buchwertmethode. Danach sind die Beteiligungswerte des Mutterunternehmens zum Zeitpunkt der Erstkonsolidierung, die mit dem Erwerb der Beteiligung vorgenommen wird, mit dem anteiligen buchmäßigen Eigenkapital der Tochterunternehmen zu verrechnen. Bei erstmals ab dem Jahr 2010 einbezogenen Unternehmen wurden die erworbenen Vermögensgegenstände, Schulden und Rechnungsabgrenzungsposten im Rahmen der Kaufpreisallokation zum Zeitpunkt, als das Unternehmen Tochterunternehmen wurde, neu bewertet. Aktive Unterschiedsbeträge werden planmäßig über zehn Jahre abgeschrieben, da die für den MAHLE Konzern relevanten Märkte von einer kleinen Anzahl von Anbietern und hohen Marktein- trittsbarrieren geprägt sind und sich historisch eine Nutzbarkeit der erworbenen Firmenwerte von durchschnittlich zehn Jahren herausgestellt hat. Im Geschäftsjahr wurden außerplanmäßige Abschreibungen auf aktive Unterschiedsbeträge in Höhe von TEUR 400 durchgeführt.; 14, 92 ;2016;MAHLE GmbH;Konzernabschluss;PwC
Der konzerninterne Liefer- und Leistungsaustausch sowie gegenseitige Forderungen und Verbindlichkeiten wurden aufgerechnet, Zwischengewinne wurden eliminiert. Latente Steuern, die durch erfolgswirksame Konsolidierungsmaßnahmen entstehen, wurden mit einem Steuersatz von 24 Prozent bilanziert.; 25 ;2016;MAHLE GmbH;Konzernabschluss;PwC
BILANZIERUNGS- UND BEWERTUNGSGRUNDSÄTZE;;2016;MAHLE GmbH;Konzernabschluss;PwC
Die bisher angewandten Methoden wurden beibehalten und werden auch von den assoziierten Unternehmen angewandt.; 9.0 ;2016;MAHLE GmbH;Konzernabschluss;PwC
Erworbene immaterielle Vermögensgegenstände und Sachanlagen sind mit Anschaffungs- oder Herstellungskosten abzüglich Abschreibungen bewertet. Planmäßige Abschreibungen wurden entsprechend den betriebsgewöhnlichen Nutzungsdauern linear vorgenommen. Waren niedrigere Wertansätze geboten, erfolgten außerplanmäßige Abschreibungen. Selbst geschaffene gewerbliche Schutzrechte und ähnliche Rechte und Werte wurden nicht aktiviert.; 9.4 ;2016;MAHLE GmbH;Konzernabschluss;PwC
Finanzanlagen wurden ebenfalls mit den Anschaffungskosten oder mit den niedrigeren beizulegenden Werten angesetzt, sofern von einer voraussichtlich dauernden Wertminderung auszugehen ist.; 9.12 ;2016;MAHLE GmbH;Konzernabschluss;PwC
Die Vorräte sind mit Anschaffungs- oder Herstellungskosten aktiviert. Unfertige und fertige Erzeugnisse werden unter Einbeziehung angemessener Teile von Material- und Fertigungsgemeinkosten und des Wertverzehrs des Anlagevermögens bewertet. Lagen die Marktpreise oder die beizulegenden Werte unter den Buchwerten oder war die Gängigkeit eingeschränkt, erfolgten in ausreichendem Umfang Abwertungen.; 9.20 ;2016;MAHLE GmbH;Konzernabschluss;PwC
"Forderungen und sonstige Vermögensgegenstände werden mit ihrem Nennbetrag angesetzt. Bei Forderungen, deren Einbringlichkeit mit erkennbaren Risiken behaftet ist, werden angemessene Wertabschläge vorgenommen; zur Abdeckung des allgemeinen Kreditrisikos wird eine Pauschalwertberichtigung gebildet."; 9.25 ;2016;MAHLE GmbH;Konzernabschluss;PwC
Als aktive Rechnungsabgrenzungsposten sind Auszahlungen vor dem Abschlussstichtag angesetzt, soweit sie Aufwand für einen bestimmten Zeitraum nach diesem Zeitpunkt darstellen.; 9.34 ;2016;MAHLE GmbH;Konzernabschluss;PwC
Die Rückstellungen für Steuern und die sonstigen Rückstellungen decken ungewisse Verbindlichkeiten und drohende Verluste aus schwebenden Geschäften angemessen ab. Die Bewertung erfolgt zum Erfüllungs- betrag, notwendige Kostensteigerungen wurden berücksichtigt. Rückstellungen mit einer Restlaufzeit von mehr als einem Jahr wurden mit dem von der Deutschen Bundesbank vorgegebenen durchschnittlichen Marktzinssatz der vergangenen sieben Geschäftsjahre abgezinst.; 9.49 ;2016;MAHLE GmbH;Konzernabschluss;PwC
"Die Rückstellungen für Pensionen und ähnliche Verpflichtungen sind konzernweit nach den versicherungsmathematischen Grundsätzen (entsprechend der projected unit credit method) errechnet und auf den Barwert abgezinst. Der MAHLE Konzern nahm die Möglichkeit der vorzeitigen freiwilligen Anwendung der gesetzlichen Neuregelung des Abzinsungssatzes für Pensionsrückstellungen gemäß § 253 HGB im Geschäftsjahr 2015 in Anspruch. Im Geschäftsjahr 2016 wurden folgende Rechnungszinssätze bei der Berechnung zugrunde gelegt: Inland 3,75 – 4,01 Prozent; Ausland 1,10 – 5,20 Prozent. Das Wahlrecht, eine pauschale restliche Laufzeit von 15 Jahren zu unterstellen, wurde nicht in Anspruch genommen. Erwartete Gehaltssteigerungen wurden mit 0,00 – 5,68 Prozent und erwartete Fluktuationsraten mit 2,03 – 5,75 Prozent berücksichtigt. Bei der Berechnung wurden die im jeweiligen Land anerkannten Sterbetafeln zugrunde gelegt."; 9.48, 35, 37 ;2016;MAHLE GmbH;Konzernabschluss;PwC
Die ausschließlich der Erfüllung der Altersversorgungsverpflichtungen dienenden, dem Zugriff aller übrigen Gläubiger entzogenen Vermögensgegenstände (Deckungsvermögen in Form von handelbaren Wertpa- pieren) wurden mit ihrem beizulegenden Zeitwert mit den Rückstellungen verrechnet. Übersteigende Beträge werden in der Position „Aktiver Unterschiedsbetrag aus der Vermögensverrechnung“ erfasst.; 9.36, 38 ;2016;MAHLE GmbH;Konzernabschluss;PwC
Verbindlichkeiten sind mit ihrem Erfüllungsbetrag angesetzt.; 9.51 ;2016;MAHLE GmbH;Konzernabschluss;PwC
Forderungen, Bankguthaben und Verbindlichkeiten in fremder Währung mit einer Restlaufzeit unter einem Jahr wurden grundsätzlich mit dem Devisenkassamittelkurs zum Bilanzstichtag bewertet. Sofern die Restlaufzeit mehr als ein Jahr betrug, erfolgte die Bewertung grundsätzlich mit dem Anschaffungskurs oder zum niedrigeren bzw. höheren Devisenkurs zum Zeitpunkt der Bilanzierung.; 9.0 ;2016;MAHLE GmbH;Konzernabschluss;PwC
Änderungen von Wechselkursen, Warenpreisschwankungen und Zinssätzen stellen für das operative Geschäft ein nur schwer einschätzbares Risiko dar. Zur Minimierung dieses Risikos werden daher entsprechen- de Sicherungsgeschäfte, wie beispielsweise derivative Finanzinstrumente, eingesetzt. Die Geschäfte werden nur mit bonitätsmäßig einwandfreien Banken abgeschlossen. Ihr Einsatz erfolgt nach einheitlichen Richtlinien, unterliegt strengen internen Kontrollen und bleibt auf die Absicherung des operativen Geschäfts sowie die damit verbundenen Geldanlagen und Finanzierungsvorgänge beschränkt.; 9.0 ;2016;MAHLE GmbH;Konzernabschluss;PwC
Soweit effektive Sicherungsbeziehungen zwischen operativen Grundgeschäften bzw. hochwahrscheinlichen Transaktionen (im Wesentlichen zukünftiger Liefer- und Leistungsverkehr) und dem Sicherungsgeschäft bestanden, wurden diese zu einer Bewertungseinheit zusammengefasst und unter Anwendung der sogenannten Einfrierungsmethode gemeinsam bewertet.; 31 ;2016;MAHLE GmbH;Konzernabschluss;PwC
Als passive Rechnungsabgrenzungsposten sind erhaltene Zahlungen vor dem Abschlussstichtag angesetzt, soweit sie Ertrag für einen bestimmten Zeitraum nach diesem Zeitpunkt darstellen.; 9.63 ;2016;MAHLE GmbH;Konzernabschluss;PwC
Aktive und passive latente Steuern sind für sämtliche temporären und quasi-permanenten Differenzen zwischen den steuerlichen und den bilanziellen Wertansätzen gebildet. Des Weiteren wurden latente Steuern auf steuerliche Verlust- und Zinsvorträge und Steuergutschriften aktiviert, soweit erwartet wurde, diese innerhalb der nächsten fünf Jahre realisieren zu können. Die latenten Steuern wurden auf der Grundlage der Steuersätze ermittelt, die zum Realisierungszeitpunkt erwartet werden. Diese basieren auf den am Bilanzstichtag verabschiedeten Regelungen. Aktive und passive latente Steuern werden saldiert ausgewiesen. Die Steuersätze bewegen sich in einer Bandbreite von 10,00 – 36,88 Prozent.; 9.35, 9.64, 25 ;2016;MAHLE GmbH;Konzernabschluss;PwC
WÄHRUNGSUMRECHNUNG;;2016;MAHLE GmbH;Konzernabschluss;PwC
Die Abschlüsse der ausländischen Unternehmen wurden – sofern sie nicht in Euro aufgestellt sind – wie folgt umgerechnet:; 9.0 ;2016;MAHLE GmbH;Konzernabschluss;PwC
"Eigenkapital:Kurs zum Zeitpunkt des Erwerbs (bzw. der                                                                                                                                  Erstkonsolidierung)
Übrige Bilanzpositionen:    Devisenkassamittelkurs am Bilanzstichtag
Positionen der Gewinn- und Verlustrechnung:  Jahresdurchschnittskurs        "; 9.0 ;2016;MAHLE GmbH;Konzernabschluss;PwC
Im Anlagenspiegel wurden die Umrechnungsdifferenzen aus der Anwendung des Stichtagskursverfahrens als „Währungsumrechnung 01.01.“ gezeigt, Abweichungen aus der Umrechnung der Bewegungen des laufenden Jahres werden in einer separaten Spalte des Anlagenspiegels ausgewiesen.; 9.0 ;2016;MAHLE GmbH;Konzernabschluss;PwC
Der Unterschiedsbetrag aus der differenzierten Umrechnung der Bilanzpositionen in Euro wurde innerhalb des Konzerneigenkapitals unter dem Posten „Eigenkapitaldifferenz aus Währungsumrechnung“ ausge- wiesen.; 9.0 ;2016;MAHLE GmbH;Konzernabschluss;PwC
Die Davon-Vermerke zur Währungsumrechnung in der Gewinn- und Verlustrechnung umfassen sowohl die unrealisierten als auch die realisierten Währungskursdifferenzen. ; 9.0 ;2016;MAHLE GmbH;Konzernabschluss;PwC
ANGABEN ZUR BILANZ DES MAHLE KONZERNS;;2016;MAHLE GmbH;Konzernabschluss;PwC
Forderungen und sonstige Vermögensgegenstände; 5.25 ;2016;MAHLE GmbH;Konzernabschluss;PwC
"in TEUR Bilanzwert 31.12.2016
davon mit einer Restlaufzeit
von mehr als 1 Jahr
Forderungen
aus Lieferungen und Leistungen 1.956.082 184
gegen verbundene Unternehmen 762 0
gegen Unternehmen, mit denen ein Beteiligungsverhältnis besteht 8.706 0
Sonstige Vermögensgegenstände 384.795 10.466
Gesamt 2.350.345 10.650"; 5.25 ;2016;MAHLE GmbH;Konzernabschluss;PwC
Von den Forderungen hatten im Vorjahr Forderungen aus Lieferungen und Leistungen (TEUR 192) sowie sonstige Vermögensgegenstände (TEUR 5.627) eine Restlaufzeit von mehr als einem Jahr.; 5.26, 5.29 ;2016;MAHLE GmbH;Konzernabschluss;PwC
Forderungen aus Lieferungen und Leistungen sind enthalten in Höhe von TEUR 40 (Vorjahr: TEUR 366) gegen verbundene Unternehmen und in Höhe von TEUR 7.108 (Vorjahr: TEUR 10.711) gegen Unternehmen mit denen ein Beteiligungsverhältnis besteht. Von den Forderungen gegenüber Unternehmen, mit denen ein Beteiligungsverhältnis besteht, resultieren TEUR 218 aus Cash-Pooling.; 5.26, 7 ;2016;MAHLE GmbH;Konzernabschluss;PwC
In den sonstigen Vermögensgegenständen sind Forderungen an Gesellschafter in Höhe von TEUR 135 (Vorjahr: TEUR 64) enthalten. Der aktive Rechnungsabgrenzungsposten enthält unter anderem die Unter- schiedsbeträge zwischen der Auszahlungs- und der Rückzahlungssumme von Verbindlichkeiten gegenüber Kreditinstituten (Disagien) in Höhe von TEUR 1.735 (Vorjahr: TEUR 2.079).; 5.29, 19 ;2016;MAHLE GmbH;Konzernabschluss;PwC
Eigenkapital; 5.37 ;2016;MAHLE GmbH;Konzernabschluss;PwC
Der Konzern-Bilanzgewinn entspricht dem Bilanzgewinn der Muttergesellschaft und enthält den Vortrag des Vorjahres in Höhe von TEUR 15. ; 5.45 ;2016;MAHLE GmbH;Konzernabschluss;PwC
Rückstellungen für Pensionen und ähnliche Verpflichtungen sowie sonstige Rückstellungen; 5.48 ;2016;MAHLE GmbH;Konzernabschluss;PwC
Angaben zur Verrechnung nach § 246 Abs. 2 S. 2 HGB; 5.36, 5.48 ;2016;MAHLE GmbH;Konzernabschluss;PwC
"in TEUR Bilanzwert 31.12.2016
Erfüllungsbetrag der verrechneten Schulden 503.688
Anschaffungskosten der Vermögensgegenstände 269.263
Beizulegender Zeitwert der Vermögensgegenstände 372.221
Verrechnete Erträge 49.236
Verrechnete Aufwendungen 65.833"; 5.36, 5.48 ;2016;MAHLE GmbH;Konzernabschluss;PwC
Der Unterschiedsbetrag zur Abzinsung mit dem Sieben-Jahres-Durchschnittssatz gem. § 253 Abs. 6 S. 1 HGB beträgt TEUR 73.597.; 5.48, 36 ;2016;MAHLE GmbH;Konzernabschluss;PwC
Die sonstigen Rückstellungen betreffen im Wesentlichen drohende Verluste aus schwebenden Verkaufsgeschäften, ausstehende Gutschriften und Rabatte sowie ausstehende Eingangsrechnungen. Darüber hinaus sind in dieser Position Verpflichtungen aus Arbeitsverhältnissen, Risiken aus Kartellverfahren sowie Garantie- und Gewährleistungsrisiken enthalten.; 5.50 ;2016;MAHLE GmbH;Konzernabschluss;PwC
Verbindlichkeiten; 5.51 ;2016;MAHLE GmbH;Konzernabschluss;PwC
"in TEUR Bilanzwert 31.12.2016
davon mit einer Restlaufzeit
von bis zu 1 Jahr
davon mit einer Restlaufzeit
von mehr als einem
Jahr
davon mit einer Restlaufzeit
von mehr als 5 Jahren
Anleihen 829.000 0 829.000 500.000
Verbindlichkeiten gegenüber Kreditinstituten 769.332 285.626 483.706 176.335
Erhaltene Anzahlungen auf Bestellungen 5.942 5.934 8 0
Verbindlichkeiten aus Lieferungen und Leistungen 1.256.831 1.256.191 640 0
Verbindlichkeiten aus der Annahme gezogener Wechsel und der Ausstellung
eigener Wechsel
39.125 39.125 0 0
Verbindlichkeiten
gegenüber verbundenen Unternehmen 4.712 4.712 0 0
gegenüber Unternehmen, mit denen ein Beteiligungsverhältnis besteht 17.943 17.943 0 0
Sonstige Verbindlichkeiten 267.595 232.449 35.146 18.509
Gesamt 3.190.480 1.841.980 1.348.500 694.844"; 5.51, 42, 43 ;2016;MAHLE GmbH;Konzernabschluss;PwC
Von den Verbindlichkeiten hatten im Vorjahr die Verbindlichkeiten gegenüber Kreditinstituten (TEUR 353.089), die erhaltenen Anzahlungen auf Bestellungen (TEUR 3.825), die Verbindlichkeiten aus Lieferungen und Leistungen (TEUR 1.095.405), die Wechselverbindlichkeiten (TEUR 37.831), die Verbindlichkeiten gegenüber verbundenen Unternehmen (TEUR 4.287), die Verbindlichkeiten gegenüber Unternehmen, mit denen ein Beteiligungsverhältnis besteht (TEUR 7.101) sowie die sonstigen Verbindlichkeiten (TEUR 230.215) eine Restlaufzeit von unter einem Jahr.; 5.54, 5.55, 5.56, 5.58, 5.59, 5.60 ;2016;MAHLE GmbH;Konzernabschluss;PwC
Von den Verbindlichkeiten gegenüber verbundenen Unternehmen resultieren TEUR 126 (Vorjahr: TEUR 1.688) aus den Verbindlichkeiten aus Lieferungen und Leistungen. Von den Verbindlichkeiten gegenüber Unternehmen, mit denen ein Beteiligungsverhältnis besteht, resultieren TEUR 3.291 (Vorjahr: TEUR 1.726) aus den Verbindlichkeiten aus Lieferungen und Leistungen sowie TEUR 3.038 aus Cash-Pooling.; 5.58, 5.59, 7 ;2016;MAHLE GmbH;Konzernabschluss;PwC
Die sonstigen Verbindlichkeiten enthalten keine Verbindlichkeiten gegenüber Gesellschaftern (Vorjahr: TEUR 0).; 5.60, 19 ;2016;MAHLE GmbH;Konzernabschluss;PwC
Von den Verbindlichkeiten gegenüber Kreditinstituten sind TEUR 0 durch Grundpfandrechte und TEUR 908 durch ähnliche Rechte gesichert. Latente Steuern; 5.54 ;2016;MAHLE GmbH;Konzernabschluss;PwC
Die aktiven latenten Steuern resultieren im Wesentlichen aus unterschiedlichen Bilanzansätzen im immateriellen Vermögen, im Sachanlagevermögen und in den Rückstellungen. Die temporären Differenzen auf Rückstellungen beinhalten im Wesentlichen unterschiedliche Wertansätze zwischen Steuerbilanz und Konzernbilanz bei Pensions- und pensionsähnlichen Rückstellungen sowie aus steuerlich nicht ansetzbaren Rückstellungen wie beispielsweise Drohverlustrückstellungen.; 5.35, 25 ;2016;MAHLE GmbH;Konzernabschluss;PwC
Die passiven latenten Steuern resultieren hauptsächlich aus temporären Differenzen im Sachanlagevermögen aufgrund von unterschiedlichen Wertansätzen und Abschreibungsmethoden in Steuer- und Konzern- bilanz. Ferner führen die stillen Reserven, die im Rahmen der für die Unternehmenserwerbe durchgeführten Kaufpreisallokationen aufgedeckt wurden, zu passiven latenten Steuern, vor allem im immateriellen Vermögen und im Sachanlagevermögen.; 5.64, 25 ;2016;MAHLE GmbH;Konzernabschluss;PwC
Auf innerhalb von fünf Jahren realisierbare steuerliche Verlustvorträge in Höhe von TEUR 323.656 wurden aktive latente Steuern in Höhe von TEUR 62.128 gebildet. Eine Wertberichtigung in Höhe von TEUR; 5.35, 25 ;2016;MAHLE GmbH;Konzernabschluss;PwC
137.386 besteht zum 31. Dezember 2016 für aktive latente Steuern, deren Realisierung nicht für hinreichend wahrscheinlich gehalten wird. Außerbilanzielle Geschäfte; 5.35, 25 ;2016;MAHLE GmbH;Konzernabschluss;PwC
Zum Bilanzstichtag bestehen außerbilanzielle Transaktionen im Rahmen von wesentlichen Miet- und Leasingverträgen für Gebäude und Grundstücke (TEUR 148.331). Des Weiteren bestehen außerbilanzielle Transaktionen im Rahmen von Forderungsverkäufen (TEUR 125.176). Diese tragen zum Bilanzstichtag zu einer Diversifizierung der Finanzierungsquellen bei. Der Finanzmittelabfluss wird durch die Transaktionen meist in die Zukunft verschoben. Aus diesen Geschäften werden keine wesentlichen Risiken erwartet.; 61 ;2016;MAHLE GmbH;Konzernabschluss;PwC
Haftungsverhältnisse; 44 ;2016;MAHLE GmbH;Konzernabschluss;PwC
"in TEUR Bilanzwert 31.12.2016
Wechselobligo 19.903
Bürgschaften 371
davon gegenüber assoziierten Unternehmen 171"; 44 ;2016;MAHLE GmbH;Konzernabschluss;PwC
"Die zugrunde liegenden Verpflichtungen können von den betreffenden Gesellschaften nach unseren Erkenntnissen in allen Fällen erfüllt werden; mit einer Inanspruchnahme ist nicht zu rechnen. Die Haftungsver- hältnisse enthalten TEUR 13.053 von quotenkonsolidierten Gesellschaften."; 45 ;2016;MAHLE GmbH;Konzernabschluss;PwC
Die Haftungsverhältnisse enthalten keine Verpflichtungen, die die Altersversorgung betreffen.; 44 ;2016;MAHLE GmbH;Konzernabschluss;PwC
Sonstige finanzielle Verpflichtungen; 62 ;2016;MAHLE GmbH;Konzernabschluss;PwC
"in TEUR Bilanzwert 31.12.2016
Bestellobligo für Investitionen 324.505
Zahlungsverpflichtungen aus Miet-, Pacht- und Leasingverträgen 55.728
davon gegenüber verbundenen Unternehmen 803
Übrige 72.574
davon gegenüber verbundenen Unternehmen 191"; 62 ;2016;MAHLE GmbH;Konzernabschluss;PwC
Auf quotenkonsolidierte Unternehmen entfallen bei den sonstigen finanziellen Verbindlichkeiten TEUR 12.247. Die sonstigen finanziellen Verpflichtungen enthalten keine Verpflichtungen, die die Altersversorgung betreffen. Beiträge von quotenkonsolidierten Unternehmen; 62 ;2016;MAHLE GmbH;Konzernabschluss;PwC
In der Bilanz sind kurzfristige Vermögensgegenstände in Höhe von TEUR 393.150 und langfristige Vermögensgegenstände in Höhe von TEUR 169.042 von quotenkonsolidierten Unternehmen enthalten. Die kurzfristigen Schulden beinhalten TEUR 302.483 und die langfristigen Schulden TEUR 42.613 von quotal einbezogenen Unternehmen.; 62 ;2016;MAHLE GmbH;Konzernabschluss;PwC
ANGABEN ZUR GEWINN- UND VERLUSTRECHNUNG DES MAHLE KONZERNS;;2016;MAHLE GmbH;Konzernabschluss;PwC
Die Gliederung der Gewinn- und Verlustrechnung des MAHLE Konzerns folgt dem Umsatzkostenverfahren. Dabei werden den Umsatzerlösen die zu ihrer Erzielung angefallenen Aufwendungen gegenübergestellt, die grundsätzlich den Funktionsbereichen Herstellung, Vertrieb, allgemeine Verwaltung sowie Forschung und Entwicklung zugeordnet werden.; 5.0 ;2016;MAHLE GmbH;Konzernabschluss;PwC
Die Herstellungskosten enthalten die zur Erzielung der Umsätze angefallenen Material- und Fertigungskosten, die Einstandskosten des Handelsgeschäfts sowie die Kosten der Dotierung von Rückstellungen für Gewährleistung. Darüber hinaus sind in dieser Position auch die Abschreibungen auf stille Reserven, die im Rahmen der für die Unternehmenserwerbe durchgeführten Kaufpreisallokationen aufgedeckt wurden, enthalten. Diese umfassen Technologien, technische Anlagen und Maschinen sowie Grundstücke und Gebäude.; 5.102 ;2016;MAHLE GmbH;Konzernabschluss;PwC
Die Vertriebskosten enthalten insbesondere Personal- und Sachkosten, Abschreibungen des Vertriebsbereichs, Logistik-, Marktforschungs-, Verkaufsförderungs-, Versand- und Werbekosten. Darüber hinaus sind die Abschreibungen auf die im Rahmen der Unternehmenserwerbe aufgedeckten stillen Reserven enthalten. Diese umfassen Markenrechte und Kundenbeziehungen.; 5.104 ;2016;MAHLE GmbH;Konzernabschluss;PwC
Zu den allgemeinen Verwaltungskosten gehören Personal- und Sachkosten sowie die auf den Verwaltungsbereich entfallenden Abschreibungen.; 5.105 ;2016;MAHLE GmbH;Konzernabschluss;PwC
Die auf den Forschungs- und Entwicklungsbereich entfallenden Personal- und Sachkosten sowie Abschreibungen sind für den MAHLE Konzern von erheblicher Bedeutung. Um die wirtschaftliche Lage des Unternehmens klarer darzustellen, wurden sie als gesonderter Posten in das Gliederungsschema aufgenommen.; 5.0 ;2016;MAHLE GmbH;Konzernabschluss;PwC
In den sonstigen betrieblichen Erträgen sind periodenfremde Erträge in Höhe von TEUR 177.252 enthalten. Diese betreffen im Wesentlichen Auflösungen von Rückstellungen.; 5.69, 52 ;2016;MAHLE GmbH;Konzernabschluss;PwC
In den sonstigen betrieblichen Aufwendungen sind periodenfremde Aufwendungen in Höhe von TEUR 5.353 enthalten. Diese betreffen im Wesentlichen Veräußerungen von abnutzbaren Vermögensgegenständen des Sachanlagevermögens.; 5.80, 52 ;2016;MAHLE GmbH;Konzernabschluss;PwC
Umsatzerlöse nach Änderungen durch BilRUG; 49, 5.66 ;2016;MAHLE GmbH;Konzernabschluss;PwC
Die Vorjahreszahlen der Umsatzerlöse sind aufgrund der Neufassung von § 277 Abs. 1 HGB in der Fassung des BilRUG (HGB n.F.) mit dem Berichtsjahr nicht vergleichbar, da auf eine Anpassung der Vorjahres- umsatzerlöse verzichtet wurde. Bei Anwendung des § 277 Abs. 1 HGB n.F. hätten sich für das Vorjahr Umsatzerlöse in Höhe von TEUR 11.512.837 ergeben. Insbesondere Belastungen an Lieferanten, atypische Dienstleistungen und Verkäufe von Energie und sonstigen Betriebsmitteln, Kantinen- und Vermietungserlöse sowie Verkäufe an Betriebsangehörige werden ab dem Berichtsjahr in den Umsatzerlösen und nicht mehr in sonstigen betrieblichen Erträgen ausgewiesen.; 3, 49, 5.66 ;2016;MAHLE GmbH;Konzernabschluss;PwC
Umsatzerlöse nach Tätigkeitsbereichen; 48, 5.66 ;2016;MAHLE GmbH;Konzernabschluss;PwC
"in TEUR 2016
Geschäftsbereich Motorsysteme und -komponenten 2.683.399
Geschäftsbereich Filtration und Motorperipherie 2.190.469
Geschäftsbereich Thermomanagement 4.293.275
Geschäftsbereich Aftermarket 898.898
Profit Center, Divisions und Services 2.255.742
Gesamt 12.321.783"; 48, 5.66 ;2016;MAHLE GmbH;Konzernabschluss;PwC
Umsatzerlöse nach geografisch bestimmten Märkten (Zielgebiet); 48, 5.66 ;2016;MAHLE GmbH;Konzernabschluss;PwC
"in TEUR 2016
Europa 5.960.149
Nordamerika 3.349.821
Südamerika 504.824
Asien/Pazifik 2.421.330
Afrika 85.659
Gesamt 12.321.783"; 48, 5.66 ;2016;MAHLE GmbH;Konzernabschluss;PwC
Personalaufwand; 5.73, 60 ;2016;MAHLE GmbH;Konzernabschluss;PwC
"in TEUR 2016
Löhne und Gehälter 2.270.371
Kosten der sozialen Sicherheit 545.524
Kosten der Altersversorgung 46.755
Gesamt 2.862.650"; 5.73, 60 ;2016;MAHLE GmbH;Konzernabschluss;PwC
Abschreibungen auf immaterielle Vermögensgegenstände des Anlagevermögens und Sachanlagen; 5.78 ;2016;MAHLE GmbH;Konzernabschluss;PwC
"in TEUR 2016
Gesamt 606.540
davon außerplanmäßig 6.040"; 50, 5.78 ;2016;MAHLE GmbH;Konzernabschluss;PwC
Folgebewertung aus der Kaufpreisallokation im Rahmen der Unternehmenserwerbe (betrifft MAHLE Behr, MAHLE Letrika, ehemalige Delphi-Thermal-Einheiten und MAHLE Electric Drives Japan);;2016;MAHLE GmbH;Konzernabschluss;PwC
"in TEUR 2016
Abschreibungen innerhalb der Herstellungskosten 78.226
Abschreibungen innerhalb der Vertriebskosten 29.860
Auflösung der Zuschüsse innerhalb der sonstigen betrieblichen Erträge 15.537";;2016;MAHLE GmbH;Konzernabschluss;PwC
Beiträge von quotenkonsolidierten Unternehmen;;2016;MAHLE GmbH;Konzernabschluss;PwC
In der Gewinn- und Verlustrechnung tragen quotenkonsolidierte Unternehmen zu den Erträgen in Höhe von TEUR 1.291.945 und zu den Aufwendungen in Höhe von TEUR 1.240.247 bei.;;2016;MAHLE GmbH;Konzernabschluss;PwC
SONSTIGE ANGABEN;;2016;MAHLE GmbH;Konzernabschluss;PwC
Im Jahresdurchschnitt beschäftigte Arbeitnehmer (ohne Auszubildende); 58 ;2016;MAHLE GmbH;Konzernabschluss;PwC
"Direkte Mitarbeiter 40.940
Indirekte Mitarbeiter 34.665
Gesamt 75.605"; 58 ;2016;MAHLE GmbH;Konzernabschluss;PwC
In der Gesamtanzahl der im Jahresdurchschnitt beschäftigten Arbeitnehmer sind anteilig 2.552 Arbeitnehmer von quotal einbezogenen Unternehmen enthalten. ; 59 ;2016;MAHLE GmbH;Konzernabschluss;PwC
Derivative Finanzinstrumente; 47 ;2016;MAHLE GmbH;Konzernabschluss;PwC
Die am Bilanzstichtag noch nicht abgewickelten derivativen Finanzinstrumente gemäß §§ 285, 314 HGB gliedern sich wie folgt:; 47 ;2016;MAHLE GmbH;Konzernabschluss;PwC
"in TEUR
Nominalbeträge
31.12.2016
Beizulegender Zeitwert*
31.12.2016
Zinsbezogene Geschäfte 19.258 -1.715
Währungsbezogene Geschäfte 1.981.173 -16.434
Währungs- und zinsbezogene Geschäfte 6.721 280
Warenbezogene Geschäfte 16.519 848
*) Der beizulegende Zeitwert der währungs- und warenbezogenen Geschäfte entspricht dem Marktwert der Finanzinstrumente zum Bilanzstichtag, der nach der Net-Present-Value-Methode ermittelt wurde. Bei
den zinsbezogenen Geschäften wurden anerkannte finanzmathematische Modelle zugrunde gelegt."; 47 ;2016;MAHLE GmbH;Konzernabschluss;PwC
Die Kontrahenten im Derivategeschäft per 31. Dezember 2016 sind im Außenverhältnis ausschließlich Kreditinstitute. Bei Absicherungsgeschäften, die eine effektive Beziehung zum Grundgeschäft aufweisen, wurden Bewertungseinheiten gebildet. Für alle weiteren Absicherungsgeschäfte, aus denen sich drohende Verluste ergeben haben, wurden Rückstellungen in Höhe von TEUR 681 gebildet.; 47 ;2016;MAHLE GmbH;Konzernabschluss;PwC
Bewertungseinheiten;;2016;MAHLE GmbH;Konzernabschluss;PwC
Aus den derivativen Finanzinstrumenten wurden folgende Bewertungseinheiten gebildet:; 32 ;2016;MAHLE GmbH;Konzernabschluss;PwC
"in TEUR Art der Bewertungseinheit
Betrag Grundgeschäft
2016 Bilanzposition
Währungsrisiken
Gebuchte Werte Portfolio Hedge 57.623 Forderungen aus Lieferungen und Leistungen
Portfolio Hedge 12.371 Guthaben gegenüber Kreditinstituten
Portfolio Hedge -1.876 Verbindlichkeiten gegenüber Kreditinstituten
Portfolio Hedge -34.025 Verbindlichkeiten aus Lieferungen und Leistungen
Verbleibende Währungsrisiken aus eliminierten
Transaktionen mit verbundenen Unternehmen
Portfolio Hedge 431.351
Zukünftige Transaktionen Portfolio Hedge 67.272
Währungs- und Zinsrisiken (Cross Currency Swap)
Gebuchte Werte Mikro Hedge -6.721 Verbindlichkeiten gegenüber Kreditinstituten
Verbleibende Währungsrisiken aus eliminierten
Transaktionen mit verbundenen Unternehmen
Mikro Hedge 9.708
Zinsrisiken
Gebuchte Werte Mikro Hedge -4.939 Verbindlichkeiten gegenüber Kreditinstituten
Verbleibende Währungsrisiken aus eliminierten
Transaktionen mit verbundenen Unternehmen
Mikro Hedge 0
Warenrisiken
Zukünftige Transaktionen Portfolio Hedge 14.997
Volumen abgesichertes Risiko
2016
Währungsrisiken in Transaktionswährung in '000
CAD 19.424
CNY 300
CZK -78.622
EUR 64.607
GBP 6.908
HUF -3.550.000
JPY 9.672.980
MXN 1.236.036
PHP 82.798
Volumen abgesichertes Risiko
2016
RON 14.574
RUB -913.102
THB -161.440
TRY 26.868
USD -773.541
Währungs- und Zinsrisiken in Transaktionswährung in '000
CNY -79.680
Zins Fix CNY/Variabel 3-Monats-Euribor
USD 1.238
Zins Fix USD/Fix THB
USD 5.847
Zins Fix USD/Variabel CDI
Zinsrisiken in Transaktionswährung in '000
IDR 70.000.000
Zins Fix IDR/Variabel 3-Monats-IDR Jibor
Warenrisiken in Berichtswährung EUR in '000
Aluminium 8.167
Kupfer 3.088
Nickel 3.319
Zinn 423"; 32 ;2016;MAHLE GmbH;Konzernabschluss;PwC
Die Wertänderungen der Grund- und Sicherungsgeschäfte gleichen sich im Sicherungszeitraum aus, da entsprechend der Vorgaben des Konzernrisikomanagements Risikopositionen (gebuchte Grundgeschäfte) unmittelbar nach ihrer Entstehung in vom Betrag her gleicher Höhe in derselben Währung und mit der gleichen Laufzeit durch Devisentermingeschäfte abgesichert werden.; 32 ;2016;MAHLE GmbH;Konzernabschluss;PwC
Die Risiken einer potenziellen zukünftigen Änderung von Zahlungsströmen, welche aus Grundgeschäften stammen, die mit hoher Wahrscheinlichkeit anfallen, im Wesentlichen zukünftiger Liefer- und Leistungs- verkehr, werden durch Sicherungsgeschäfte ausgeglichen. Dies wird insbesondere dadurch erreicht, dass die zukünftigen Transaktionen, je weiter sie in der Zukunft liegen, unter Berücksichtigung der generellen Planungsunsicherheit nicht vollständig abgesichert werden. Der Sicherungszeitraum für die in Bewertungseinheiten einbezogenen währungs- und warenbezogenen Geschäfte beträgt im Normalfall zwei Jahre und kann für warenbezogene Geschäfte in Ausnahmefällen bis zu drei Jahre betragen. In der Vergangenheit hat sich gezeigt, dass diese Strategie bei antizipativen Bewertungseinheiten zur Sicherung der Zah- lungsströme geführt hat.; 32 ;2016;MAHLE GmbH;Konzernabschluss;PwC
Durch die im Zeitverlauf steigende Sicherungsquote für potenzielle zukünftige Transaktionen hat sich im Zeitpunkt, in dem diese potenziell zukünftigen Grundgeschäfte zu gebuchten Grundgeschäften werden, eine vollständige Absicherung in mehreren Stufen ergeben. Diese besteht dann aus einem Portfolio an sukzessiv aufgebauten Sicherungsgeschäften. Die an einem Zeitpunkt fällig werdenden gebuchten Grundgeschäfte können wiederum aus diversen einzelnen Buchtransaktionen bestehen. Der Sicherungszusammenhang wird als Portfolio Hedge bezeichnet.; 30, 32 ;2016;MAHLE GmbH;Konzernabschluss;PwC
Währungs- und zinsbezogene Sicherungsgeschäfte (Cross Currency Swaps) werden jeweils über die Laufzeit der zugrunde liegenden Verträge abgeschlossen und bilden einen Mikro Hedge mit der entsprechenden Finanzverbindlichkeit.; 32 ;2016;MAHLE GmbH;Konzernabschluss;PwC
Zur Messung der Effektivität der Sicherungsbeziehung wird die „Critical-Term-Match-Methode“ verwendet. ; 32 ;2016;MAHLE GmbH;Konzernabschluss;PwC
Nachtragsbericht. Die MAHLE Holding Espana S.L. unterzeichnete im Dezember 2016 einen Vertrag zur Übernahme des spanischen Elektronikspezialisten Nagares SA. Die Transaktion steht noch unter dem Vorbehalt einer Zustimmung durch die Wettbewerbsbehörden.; 64 ;2016;MAHLE GmbH;Konzernabschluss;PwC
Im Januar 2017 unterzeichnete die MAHLE GmbH einen Vertrag zur Veräußerung ihrer Schmiedeaktivitäten – die MAHLE Motorkomponenten GmbH – an die österreichische Frauenthal-Gruppe. Die MAHLE GmbH steigt mit der Übernahme des Duisburger Start-up-Unternehmens O-Flexx Technologies GmbH im Februar 2017 in das Technologiefeld der Thermoelektrik ein.;;2016;MAHLE GmbH;Konzernabschluss;PwC
Gewinnverwendung; 63 ;2016;MAHLE GmbH;Konzernabschluss;PwC
"Bilanzgewinn.
in TEUR 2016
Jahresüberschuss der MAHLE GmbH 12.894
Einstellung in die Gewinnrücklage -6.800
Gewinnvortrag 15
Bilanzgewinn der MAHLE GmbH 6.109
Vorgeschlagene Verwendung des Ergebnisses der MAHLE GmbH
in TEUR 2016
Bilanzgewinn 6.109
Ausschüttung an die MAHLE-STIFTUNG GmbH -6.000
Vortrag auf neue Rechnung 109"; 33, 63 ;2016;MAHLE GmbH;Konzernabschluss;PwC
Bezüge der Organmitglieder der MAHLE GmbH (Muttergesellschaft); 77 ;2016;MAHLE GmbH;Konzernabschluss;PwC
"in TEUR 2016
Aufsichtsrat 300
Geschäftsführung 11.109"; 77 ;2016;MAHLE GmbH;Konzernabschluss;PwC
Die Gesamtvergütung der Geschäftsführung umfasst fixe und variable Bestandteile. Die Höhe der fixen Vergütungsbestandteile betrug für das Geschäftsjahr 2016 TEUR 3.117, während TEUR 8.178 auf den variablen Anteil 2016 entfallen. Daneben wurde bei den ausgewiesenen Bezügen eine Anpassung für das Vorjahr vorgenommen. In den fixen Vergütungsbestandteilen sind Sachbezüge enthalten, die im Wesentlichen aus den geldwerten Vorteilen der Dienstwagennutzung bestehen.; 4, 77 ;2016;MAHLE GmbH;Konzernabschluss;PwC
Die Bezüge früherer Geschäftsführer und ihrer Hinterbliebenen betrugen insgesamt TEUR 1.830.; 81 ;2016;MAHLE GmbH;Konzernabschluss;PwC
Für diese Personengruppe sind in den Pensionsrückstellungen zum 31. Dezember 2016 TEUR 22.725 passiviert.; 81 ;2016;MAHLE GmbH;Konzernabschluss;PwC
"Honorar des Abschlussprüfers
Das für das Geschäftsjahr berechnete Gesamthonorar für den Konzernabschlussprüfer PricewaterhouseCoopers GmbH gemäß § 314 Abs. 1 Nr. 9 HGB setzt sich wie folgt zusammen:"; 65 ;2016;MAHLE GmbH;Konzernabschluss;PwC
"in TEUR 2016
Abschlussprüfungsleistungen 855
Andere Bestätigungsleistungen 321
Steuerberatungsleistungen 718
Sonstige Leistungen 1.098
Gesamt 2.992"; 65 ;2016;MAHLE GmbH;Konzernabschluss;PwC
Stuttgart, 17. März 2017;;2016;MAHLE GmbH;Konzernabschluss;PwC
Die Geschäftsführung der MAHLE GmbH;;2016;MAHLE GmbH;Konzernabschluss;PwC
Wolf-Henning Scheider Bernd Eckl;;2016;MAHLE GmbH;Konzernabschluss;PwC
Wilhelm Emperhoff Arnd Franz Michael Frick Michael Glowatzki Rudolf Paulik;;2016;MAHLE GmbH;Konzernabschluss;PwC
Jörg Stratmann;;2016;MAHLE GmbH;Konzernabschluss;PwC
Konzern-Anlagenspiegel vom 1. Januar bis 31. Dezember 2016; 15 ;2016;MAHLE GmbH;Konzernabschluss;PwC
"Anschaffungs- und Herstellungskosten
in TEUR Kumulierte Währungs- Geschäftsjahr 2016
Anschaffungs-/ Herstellungskosten
01.01.2016 umrechnung 01.01.2016 Veränderungen im Konzern Zugänge
I. Immaterielle Vermögensgegenstände"; 15 ;2016;MAHLE GmbH;Konzernabschluss;PwC
"Anschaffungs- und Herstellungskosten
in TEUR Kumulierte Währungs- Geschäftsjahr 2016
Anschaffungs-/ Herstellungskosten
01.01.2016 umrechnung 01.01.2016 Veränderungen im Konzern Zugänge
1. Entgeltlich erworbene Konzessionen,
gewerbliche Schutzrechte und
ähnliche Rechte und Werte sowie
Lizenzen an solchen Rechten und
Werten
752.392 4.121 -4.786 23.822
2. Geschäfts- oder Firmenwert 711.881 0 -58.855 17
3. Geleistete Anzahlungen 905 -309 0 570
1.465.178 3.812 -63.641 24.409
II. Sachanlagen
1. Grundstücke, grundstücksgleiche
Rechte und Bauten einschließlich
der Bauten auf fremden Grundstücken
1.599.841 26.898 -25.851 18.608
2. Technische Anlagen und Maschinen
4.882.121 120.956 -97.518 130.084
3. Andere Anlagen, Betriebs- und
Geschäftsausstattung
410.636 7.735 -14.595 32.945
4. Geleistete Anzahlungen und Anlagen
im Bau
391.578 1.653 -749 381.290
7.284.176 157.242 -138.713 562.927
III. Finanzanlagen
1. Anteile an verbundenen Unternehmen
29.713 2.918 -239 2.793
2. Anteile an assoziierten Unternehmen
108.571 -1 6.753 78.991
3. Beteiligungen 21.311 1.465 0 1.324
4. Ausleihungen an Unternehmen,
mit denen ein Beteiligungsverhältnis
besteht
1.486 0 0 0"; 15 ;2016;MAHLE GmbH;Konzernabschluss;PwC
"Anschaffungs- und Herstellungskosten
in TEUR Kumulierte Währungs- Geschäftsjahr 2016
Anschaffungs-/ Herstellungskosten
01.01.2016 umrechnung 01.01.2016 Veränderungen im Konzern Zugänge
5. Wertpapiere des Anlagevermögens
7.670 2 -1.278 13
6. Sonstige Ausleihungen 13.931 404 -44 6.331
182.682 4.788 5.192 89.452
8.932.036 165.842 -197.162 676.788
Anschaffungs- und Herstellungskosten
in TEUR Geschäftsjahr 2016 Kumulierte
Abgänge Umbuchungen
Währungsumrechnung lfd.
Jahr
Anschaffungs-/ Herstellungskosten
31.12.2016
I. Immaterielle Vermögensgegenstände
1. Entgeltlich erworbene
Konzessionen, gewerbliche
Schutzrechte und ähnliche
Rechte und Werte sowie Lizenzen
an solchen Rechten
und Werten
2.478 3.230 58 776.359
2. Geschäfts- oder Firmenwert
85.112 0 -1 567.930
3. Geleistete Anzahlungen 56 -334 -2 774
87.646 2.896 55 1.345.063
II. Sachanlagen
1. Grundstücke, grundstücksgleiche
Rechte und Bauten
einschließlich der Bauten auf
fremden Grundstücken
5.639 16.821 245 1.630.923
2. Technische Anlagen und
Maschinen
59.879 292.753 7.519 5.276.036
3. Andere Anlagen, Betriebsund
Geschäftsausstattung
12.409 4.656 264 429.232"; 15 ;2016;MAHLE GmbH;Konzernabschluss;PwC
"Anschaffungs- und Herstellungskosten
in TEUR Geschäftsjahr 2016 Kumulierte
Abgänge Umbuchungen
Währungsumrechnung lfd.
Jahr
Anschaffungs-/ Herstellungskosten
31.12.2016
4. Geleistete Anzahlungen
und Anlagen im Bau
3.576 -317.126 -108 452.962
81.503 -2.896 7.920 7.789.153
III. Finanzanlagen
1. Anteile an verbundenen
Unternehmen
5.560 4 441 30.070
2. Anteile an assoziierten Unternehmen
53.668 1) -4 99 140.741
3. Beteiligungen 584 0 51 23.567
4. Ausleihungen an Unternehmen,
mit denen ein Beteiligungsverhältnis
besteht
216 0 0 1.270
5. Wertpapiere des Anlagevermögens
0 0 0 6.407
6. Sonstige Ausleihungen 6.010 0 19 14.631
66.038 0 610 216.686
235.187 0 8.585 9.350.902"; 15 ;2016;MAHLE GmbH;Konzernabschluss;PwC
"Kumulierte Abschreibungen
in TEUR Kumulierte Währungs- Geschäftsjahr 2016
Abschreibungen 01.01.2016 umrechnung 01.01.2016 Veränderungen im Konzern
Abschreibungen des Geschäftsjahres
I. Immaterielle Vermögensgegenstände
1. Entgeltlich erworbene Konzessionen,
gewerbliche Schutzrechte und
ähnliche Rechte und Werte sowie
Lizenzen an solchen Rechten und
Werten
336.131 2.371 -4.635 112.083
2. Geschäfts- oder Firmenwert 357.607 0 -58.872 56.458"; 15, 16 ;2016;MAHLE GmbH;Konzernabschluss;PwC
"Kumulierte Abschreibungen
in TEUR Kumulierte Währungs- Geschäftsjahr 2016
Abschreibungen 01.01.2016 umrechnung 01.01.2016 Veränderungen im Konzern
Abschreibungen des Geschäftsjahres
3. Geleistete Anzahlungen 0 0 0 0
693.738 2.371 -63.507 168.541
II. Sachanlagen
1. Grundstücke, grundstücksgleiche
Rechte und Bauten einschließlich
der Bauten auf fremden Grundstücken
631.516 12.893 -19.360 57.627
2. Technische Anlagen und Maschinen
3.479.354 93.450 -95.498 337.383
3. Andere Anlagen, Betriebs- und
Geschäftsausstattung
282.646 5.762 -10.828 40.845
4. Geleistete Anzahlungen und Anlagen
im Bau
2.289 -43 0 2.144
4.395.805 112.062 -125.686 437.999
III. Finanzanlagen
1. Anteile an verbundenen Unternehmen
19.113 2.488 -90 6.193
2. Anteile an assoziierten Unternehmen
8.952 0 2.648 86.557
3. Beteiligungen 0 0 0 103
4. Ausleihungen an Unternehmen,
mit denen ein Beteiligungsverhältnis
besteht
0 0 0 0
5. Wertpapiere des Anlagevermögens
2.274 0 -143 5
6. Sonstige Ausleihungen 2 133 0 41
30.341 2.621 2.415 92.899
5.119.884 117.054 -186.778 699.439"; 15, 16 ;2016;MAHLE GmbH;Konzernabschluss;PwC
"Kumulierte Abschreibungen
in TEUR 'Geschäftsjahr 2016 Kumulierte
Zuschreibungen des Geschäftsjahres
Abgänge Umbuchungen
Währungsumrechnung lfd.
Jahr Abschreibungen 31.12.2016
I. Immaterielle Vermögensgegenstände
1. Entgeltlich erworbene
Konzessionen, gewerbliche
Schutzrechte und ähnliche
Rechte und Werte sowie Lizenzen
an solchen Rechten
und Werten
0 1.640 -270 234 444.274
2. Geschäfts- oder Firmenwert
0 85.112 0 0 270.081
3. Geleistete Anzahlungen 0 0 0 0 0
0 86.752 -270 234 714.355
II. Sachanlagen
1. Grundstücke, grundstücksgleiche
Rechte und Bauten
einschließlich der Bauten auf
fremden Grundstücken
42 2.605 -8.371 835 672.493
2. Technische Anlagen und
Maschinen
9 53.245 12.179 6.207 3.779.821
3. Andere Anlagen, Betriebsund
Geschäftsausstattung
0 11.243 -5.680 371 301.873
4. Geleistete Anzahlungen
und Anlagen im Bau
0 589 2.142 -12 5.931
51 67.682 270 7.401 4.760.118
III. Finanzanlagen
1. Anteile an verbundenen
Unternehmen
0 0 0 328 28.032
2. Anteile an assoziierten Unternehmen
0 0 0 0 98.157
3. Beteiligungen 0 0 0 5 108"; 15, 16 ;2016;MAHLE GmbH;Konzernabschluss;PwC
"Kumulierte Abschreibungen
in TEUR 'Geschäftsjahr 2016 Kumulierte
Zuschreibungen des Geschäftsjahres
Abgänge Umbuchungen
Währungsumrechnung lfd.
Jahr Abschreibungen 31.12.2016
4. Ausleihungen an Unternehmen,
mit denen ein Beteiligungsverhältnis
besteht
0 0 0 0 0 0
5. Wertpapiere des Anlagevermögens
1.746 0 0 0 390
6. Sonstige Ausleihungen 50 97 0 3 32
1.796 97 0 336 126.719
1.847 154.531 0 7.971 5.601.192"; 15, 16 ;2016;MAHLE GmbH;Konzernabschluss;PwC
"Buchwerte
in TEUR
Buchwerte 31.12.2016 Buchwerte 31.12.2015
I. Immaterielle Vermögensgegenstände
1. Entgeltlich erworbene Konzessionen, gewerbliche
Schutzrechte und ähnliche Rechte
und Werte sowie Lizenzen an solchen Rechten
und Werten
332.085 416.261
2. Geschäfts- oder Firmenwert 297.849 354.274
3. Geleistete Anzahlungen 774 905
630.708 771.440
II. Sachanlagen
1. Grundstücke, grundstücksgleiche Rechte
und Bauten einschließlich der Bauten auf
fremden Grundstücken
958.430 968.325
2. Technische Anlagen und Maschinen 1.496.215 1.402.767
3. Andere Anlagen, Betriebs- und Geschäftsausstattung
127.359 127.990
4. Geleistete Anzahlungen und Anlagen im
Bau
447.031 389.289
3.029.035 2.888.371"; 15 ;2016;MAHLE GmbH;Konzernabschluss;PwC
"Buchwerte
in TEUR
Buchwerte 31.12.2016 Buchwerte 31.12.2015
III. Finanzanlagen
1. Anteile an verbundenen Unternehmen 2.038 10.600
2. Anteile an assoziierten Unternehmen 42.584 2) 99.619
3. Beteiligungen 23.459 21.311
4. Ausleihungen an Unternehmen, mit denen
ein Beteiligungsverhältnis besteht
1.270 1.486
5. Wertpapiere des Anlagevermögens 6.017 5.396
6. Sonstige Ausleihungen 14.599 13.929
89.967 152.341
3.749.710 3.812.152
1) Enthält die Fortschreibung des at-equity-Ansatzes sowie Abgänge aufgrund von Dividendenzahlungen.
2) Davon nach der at-equity-Methode bewertete Anteile an verbundenen Unternehmen T€ 602."; 15 ;2016;MAHLE GmbH;Konzernabschluss;PwC
Anteilsbesitz zum 31. Dezember 2016;;2016;MAHLE GmbH;Konzernabschluss;PwC
"Anteilsbesitz an einbezogenen Unternehmen, assoziierten Unternehmen,
anteilsmäßig einbezogenen Unternehmen sowie sonstigen Unternehmen,
die dem dauerhaften Geschäftsbetrieb dienen
Anteil am Eigenkapital.
in %
Eigenkapital.
in TEUR
Ergebnis des letzten Geschäftsjahres
.
in TEUR
Mutterunternehmen
MAHLE GmbH
Stuttgart/Deutschland
1. Vollkonsolidierte Tochterunternehmen
a) Vollkonsolidierte Tochterunternehmen der MAHLE GmbH mit direkten
Beteiligungsquoten
Conso, LLC
Wilmington, Delaware/USA 100,00%
Kokusan MAHLE Siam Co., Ltd.
Samut Prakan/Thailand 99,999%"; 68 ;2016;MAHLE GmbH;Konzernabschluss;PwC
"Anteilsbesitz an einbezogenen Unternehmen, assoziierten Unternehmen,
anteilsmäßig einbezogenen Unternehmen sowie sonstigen Unternehmen,
die dem dauerhaften Geschäftsbetrieb dienen
Anteil am Eigenkapital.
in %
Eigenkapital.
in TEUR
Ergebnis des letzten Geschäftsjahres
.
in TEUR
Letrika do Brasil Ltda.
Jaguariúna/Brasilien 99,9996%
MAHLE Aftermarket France SAS
Décines/Frankreich 100,00%
MAHLE Aftermarket GmbH
Stuttgart/Deutschland 100,00%
MAHLE Aftermarket Inc.
Farmington Hills, Michigan/USA 100,00%
MAHLE Aftermarket Ltd.
Bilston/Großbritannien 100,00%
MAHLE Aftermarket Pte. Ltd.
Singapur/Singapur 100,00%
MAHLE Aftermarket S. de R.L. de C.V.
Lerma/Mexiko 100,00%
MAHLE Aftermarket S.L.
Alcalá de Henares/Spanien 100,00%
MAHLE Aftermarket SAS
Poissy Cedex/Frankreich 100,00%
MAHLE Aftermarket, ULC
Burlington/Kanada 100,00%
MAHLE Amovis GmbH
Berlin/Deutschland 100,00%
MAHLE Anéis Participações Ltda.
Mogi Guaçu/Brasilien 100,00%
MAHLE Behr GmbH & Co. KG
Stuttgart/Deutschland 50,71%
MAHLE Beteiligungen GmbH
Stuttgart/Deutschland 100,00%"; 68 ;2016;MAHLE GmbH;Konzernabschluss;PwC
"Anteilsbesitz an einbezogenen Unternehmen, assoziierten Unternehmen,
anteilsmäßig einbezogenen Unternehmen sowie sonstigen Unternehmen,
die dem dauerhaften Geschäftsbetrieb dienen
Anteil am Eigenkapital.
in %
Eigenkapital.
in TEUR
Ergebnis des letzten Geschäftsjahres
.
in TEUR
MAHLE Componente de Motor SRL
Timisoara/Rumänien 100,00%
MAHLE Componentes de Motor de México, S. de R.L. de C.V.
Ramos Arizpe/Mexiko 100,00%
MAHLE Componentes de Motor España, S.L.
Vilanova i la Geltrú/Spanien 100,00%
MAHLE Componentes de Motores S.A.
Murtede/Portugal 100,00%
MAHLE Componenti Motori Italia S.p.A.
La Loggia/Italien 100,00%
MAHLE Composants Moteur France SAS
Chavanod/Frankreich 100,00%
MAHLE Compressores do Brasil Ltda.
Jaguariúna/Brasilien 100,00%
MAHLE Compressors Hungary Kft.
Balassagyarmat/Ungarn 100,00%
MAHLE Compresores, S. de R.L. de C.V.
Juarez Chihuahua/Mexiko 100,00%
MAHLE Compressors (Suzhou) Co., Ltd.
Suzhou/China 100,00%
MAHLE de México S. de R.L. de C.V.
Ramos Arizpe/Mexiko 100,00%
MAHLE Donghyun Filter Systems (Tianjin) Co., Ltd.
Tianjin/China 100,00%
MAHLE Donghyun Filter Systems Co., Ltd.
Hwaseong/Südkorea 100,00%
MAHLE Electric Drives Japan Corporation
Numazu-shi, Shizuoka/Japan 100,00%"; 68 ;2016;MAHLE GmbH;Konzernabschluss;PwC
"Anteilsbesitz an einbezogenen Unternehmen, assoziierten Unternehmen,
anteilsmäßig einbezogenen Unternehmen sowie sonstigen Unternehmen,
die dem dauerhaften Geschäftsbetrieb dienen
Anteil am Eigenkapital.
in %
Eigenkapital.
in TEUR
Ergebnis des letzten Geschäftsjahres
.
in TEUR
MAHLE Engine Components (Chongqing) Co., Ltd.
Chongqing/China 100,00%
MAHLE Engine Components (Nanjing) Co., Ltd.
Nanjing/China 100,00%
MAHLE Engine Components (Thailand) Co., Ltd.
Bangkok/Thailand 99,75%
MAHLE Engine Components (Yingkou) Co., Ltd.
Yingkou/China 100,00%
MAHLE Engine Components India Private Limited
Pithampur/Indien 100,00%
MAHLE Engine Components Japan Corporation
Okegawa-shi/Japan 100,00%
MAHLE Engine Components Slovakia s.r.o.
Dolný Kubín/Slowakei 100,00%
MAHLE Engine Components USA, Inc.
Morristown, Tennessee/USA 100,00%
MAHLE Engine Peripherals and Tooling (Shanghai) Co., Ltd.
Shanghai/China 100,00%
MAHLE Engine Systems UK Ltd.
Kilmarnock/Großbritannien 100,00%
MAHLE Filter Systems (India) Private Limited
Gurgaon/Indien 50,00% 1)
MAHLE Filter Systems Canada, ULC
Tilbury/Kanada 100,00%
MAHLE Filter Systems Japan Corporation
Tokio/Japan 100,00%
MAHLE Filter Systems Land Corporation
Cavite/Philippinen 66,67%"; 68 ;2016;MAHLE GmbH;Konzernabschluss;PwC
"Anteilsbesitz an einbezogenen Unternehmen, assoziierten Unternehmen,
anteilsmäßig einbezogenen Unternehmen sowie sonstigen Unternehmen,
die dem dauerhaften Geschäftsbetrieb dienen
Anteil am Eigenkapital.
in %
Eigenkapital.
in TEUR
Ergebnis des letzten Geschäftsjahres
.
in TEUR
MAHLE Filter Systems North America, Inc.
Troy, Michigan/USA 100,00%
MAHLE Filter Systems Philippines Corporation
Cavite/Philippinen 100,00%
MAHLE Filter Systems UK Ltd.
Telford/Großbritannien 100,00%
MAHLE Filtersysteme Austria GmbH
St. Michael ob Bleiburg/Österreich 100,00%
MAHLE Filtersysteme France SAS
Seboncourt/Frankreich 100,00%
MAHLE Filtersysteme GmbH
Stuttgart/Deutschland 100,00%
MAHLE Filtration Systems (Hubei) Co., Ltd.
Wuhan City/China 100,00%
MAHLE Filtre Sistemleri A.S.
Gebze, Kocaeli/Türkei 100,00%
MAHLE France SAS
Rouffach/Frankreich 100,00%
MAHLE Guangzhou Filter Systems Co., Ltd.
Guangzhou/China 100,00%
MAHLE Holding (India) Private Limited
Gurgaon/Indien 100,00%
MAHLE Holding Austria GmbH
St. Michael ob Bleiburg/Österreich 100,00%
MAHLE Holding España S.L.
Montblanc/Spanien 100,00%
MAHLE Immobilien GmbH
Stuttgart/Deutschland 100,00%"; 68 ;2016;MAHLE GmbH;Konzernabschluss;PwC
"Anteilsbesitz an einbezogenen Unternehmen, assoziierten Unternehmen,
anteilsmäßig einbezogenen Unternehmen sowie sonstigen Unternehmen,
die dem dauerhaften Geschäftsbetrieb dienen
Anteil am Eigenkapital.
in %
Eigenkapital.
in TEUR
Ergebnis des letzten Geschäftsjahres
.
in TEUR
MAHLE Filter Systems North America, Inc.
Troy, Michigan/USA 100,00%
MAHLE Filter Systems Philippines Corporation
Cavite/Philippinen 100,00%
MAHLE Filter Systems UK Ltd.
Telford/Großbritannien 100,00%
MAHLE Filtersysteme Austria GmbH
St. Michael ob Bleiburg/Österreich 100,00%
MAHLE Filtersysteme France SAS
Seboncourt/Frankreich 100,00%
MAHLE Filtersysteme GmbH
Stuttgart/Deutschland 100,00%
MAHLE Filtration Systems (Hubei) Co., Ltd.
Wuhan City/China 100,00%
MAHLE Filtre Sistemleri A.S.
Gebze, Kocaeli/Türkei 100,00%
MAHLE France SAS
Rouffach/Frankreich 100,00%
MAHLE Guangzhou Filter Systems Co., Ltd.
Guangzhou/China 100,00%
MAHLE Holding (India) Private Limited
Gurgaon/Indien 100,00%
MAHLE Holding Austria GmbH
St. Michael ob Bleiburg/Österreich 100,00%
MAHLE Holding España S.L.
Montblanc/Spanien 100,00%
MAHLE Immobilien GmbH
Stuttgart/Deutschland 100,00%"; 68 ;2016;MAHLE GmbH;Konzernabschluss;PwC
"Anteilsbesitz an einbezogenen Unternehmen, assoziierten Unternehmen,
anteilsmäßig einbezogenen Unternehmen sowie sonstigen Unternehmen,
die dem dauerhaften Geschäftsbetrieb dienen
Anteil am Eigenkapital.
in %
Eigenkapital.
in TEUR
Ergebnis des letzten Geschäftsjahres
.
in TEUR
MAHLE Immobilien Schweiz AG
Grenchen/Schweiz 100,00%
MAHLE Indústria e Comércio Ltda.
Mogi Guaçu/Brasilien 100,00%
MAHLE Industrial Thermal Systems GmbH & Co. KG
Stuttgart/Deutschland 60,00% 6)
MAHLE Industriebeteiligungen GmbH
Stuttgart/Deutschland 100,00%
MAHLE Industriemotoren-Komponenten GmbH
Stuttgart/Deutschland 100,00%
MAHLE Industries UK Ltd.
Rugby/Großbritannien 100,00%
MAHLE Industries, Incorporated
Farmington Hills, Michigan/USA 100,00%
MAHLE Industry GmbH
Stuttgart/Deutschland 100,00%
MAHLE International GmbH
Stuttgart/Deutschland 100,00%
MAHLE Japan Ltd.
Tokio/Japan 100,00%
MAHLE Kleinmotoren-Komponenten GmbH & Co. KG
Stuttgart/Deutschland 100,00%
MAHLE Konya Motor Parçalari San. ve Tic. A.?.
Konya/Türkei 100,00%
MAHLE Letrika Bel OOO
Grodno/Weißrussland 100,00%
MAHLE Letrika Bovec d.o.o.
Bovec/Slowenien 100,00%"; 68 ;2016;MAHLE GmbH;Konzernabschluss;PwC
"Anteilsbesitz an einbezogenen Unternehmen, assoziierten Unternehmen,
anteilsmäßig einbezogenen Unternehmen sowie sonstigen Unternehmen,
die dem dauerhaften Geschäftsbetrieb dienen
Anteil am Eigenkapital.
in %
Eigenkapital.
in TEUR
Ergebnis des letzten Geschäftsjahres
.
in TEUR
MAHLE Letrika d.o.o.
Šempeter pri Gorici/Slowenien 100,00%
MAHLE Letrika Italia, S.r.l.
Reggio Emilia/Italien 100,00%
MAHLE Letrika Komen d.o.o.
Komen/Slowenien 100,00%
MAHLE Letrika Laktaši d.o.o.
Laktaši/Bosnien und Herzegowina 100,00%
MAHLE Letrika (Suzhou) Automotive Electrics Co., Ltd.
Taicang City/China 98,45%
MAHLE Luxembourg Sàrl
Luxemburg/Luxemburg 100,00%
MAHLE Manufacturing Management, Inc.
Farmington Hills, Michigan/USA 100,00%
MAHLE Manufacturing Service Japan Corporation
Tokio/Japan 100,00%
MAHLE Maquiladora LLC
Farmington Hills, Michigan/USA 100,00%
MAHLE Metal Leve S.A.
Mogi Guaçu/Brasilien 70,00%
MAHLE Motor Parçalari San. ve Tic. A.?.
Izmir/Türkei 100,00%
MAHLE Motorkomponenten GmbH
Plettenberg/Deutschland 100,00%
MAHLE Polska Spó?ka z o.o.
Krotoszyn/Polen 100,00%
MAHLE Powertrain GmbH
Stuttgart/Deutschland 100,00%"; 68 ;2016;MAHLE GmbH;Konzernabschluss;PwC
"Anteilsbesitz an einbezogenen Unternehmen, assoziierten Unternehmen,
anteilsmäßig einbezogenen Unternehmen sowie sonstigen Unternehmen,
die dem dauerhaften Geschäftsbetrieb dienen
Anteil am Eigenkapital.
in %
Eigenkapital.
in TEUR
Ergebnis des letzten Geschäftsjahres
.
in TEUR
MAHLE Powertrain Ltd.
Northampton/Großbritannien 100,00%
MAHLE Powertrain, LLC
Farmington Hills, Michigan/USA 100,00%
MAHLE RUS, OOO
Village Dobrino/Russland 100,00%
MAHLE S.A.
Vilanova i la Geltrú/Spanien 100,00%
MAHLE Services (Thailand) Ltd.
Samut Prakan/Thailand 100,00%
MAHLE Shanghai Filter Systems Co., Ltd.
Shanghai/China 95,00%
MAHLE Siam Filter Systems Co., Ltd.
Samut Prakan/Thailand 74,90%
MAHLE Sistemas de Filtración de México S.A. de C.V.
Santa Catarina, Monterrey/Mexiko 100,00%
MAHLE Technologies Holding (China) Co., Ltd.
Shanghai/China 100,00%
MAHLE Trading (Shanghai) Co., Ltd.
Shanghai/China 100,00%
MAHLE Trading Japan Co., Ltd.
Tokio/Japan 100,00%
MAHLE Tri-Ring Valve Train (Hubei) Co., Ltd.
Macheng/China 65,00%
MAHLE Brandenburg GmbH
Wustermark/Deutschland 100,00%
MAHLE Ventiltrieb GmbH
Stuttgart/Deutschland 100,00%"; 68 ;2016;MAHLE GmbH;Konzernabschluss;PwC
"Anteilsbesitz an einbezogenen Unternehmen, assoziierten Unternehmen,
anteilsmäßig einbezogenen Unternehmen sowie sonstigen Unternehmen,
die dem dauerhaften Geschäftsbetrieb dienen
Anteil am Eigenkapital.
in %
Eigenkapital.
in TEUR
Ergebnis des letzten Geschäftsjahres
.
in TEUR
MAHLE Versicherungsvermittlung GmbH
Stuttgart/Deutschland 100,00%
MAHLE Vöcklabruck GmbH
Vöcklabruck/Österreich 100,00%
OSCON, LLC
Wilmington, Delaware/USA 100,00%
OSNOC, LLC
Wilmington, Delaware/USA 100,00%
PT. MAHLE Filter Systems Indonesia
Jawa Barat/Indonesien 100,00%
PT. MAHLE Indonesia
Bekasi/Indonesien 100,00%
S.C.I. Daudet
Décines/Frankreich 100,00%
b) Vollkonsolidierte Tochterunternehmen der MAHLE Behr GmbH & Co.
KG mit direkten Beteiligungsquoten
Behr Asia Pacific Management (Shanghai) Co. Ltd.
Shanghai/China 100,00%
Behr RUS o.o.o.
St. Petersburg/Russland 99,90%
MAHLE Behr Berga GmbH
Berga/Deutschland 100,00%
MAHLE Behr Charleston Inc.
Charleston, Süd-Carolina/USA 100,00%
MAHLE Behr Components Spain S.L.
L'Espluga de Francolí/Spanien 100,00%
MAHLE Behr Dayton L.L.C.
Dayton, Ohio/USA 100,00%"; 68 ;2016;MAHLE GmbH;Konzernabschluss;PwC
"Anteilsbesitz an einbezogenen Unternehmen, assoziierten Unternehmen,
anteilsmäßig einbezogenen Unternehmen sowie sonstigen Unternehmen,
die dem dauerhaften Geschäftsbetrieb dienen
Anteil am Eigenkapital.
in %
Eigenkapital.
in TEUR
Ergebnis des letzten Geschäftsjahres
.
in TEUR
MAHLE Behr France Hambach S.A.S.
Hambach/Frankreich 100,00%
MAHLE Behr France Rouffach S.A.S.
Rouffach/Frankreich 99,995%
MAHLE Behr Gerenciamento Térmico Brasil Ltda.
Arujá/Brasilien 99,994%
MAHLE Behr Holding Deutschland GmbH
Stuttgart/Deutschland 100,00%
MAHLE Behr Holding GmbH
Stuttgart/Deutschland 100,00%
MAHLE Behr Holýsov s.r.o.
Holýsov/Tschechische Republik 100,00%
MAHLE Behr India Private Limited
Pune/Indien 60,00%
MAHLE Behr Italy s.r.l.
Grugliasco/Italien 98,00%
MAHLE Behr Japan K.K.
Tokio/Japan 100,00%
MAHLE Behr Kirchberg GmbH
Kirchberg/Deutschland 100,00%
MAHLE Behr Korea Inc.
Busan/Südkorea 100,00%
MAHLE Behr Kornwestheim GmbH
Kornwestheim/Deutschland 100,00%
MAHLE Behr Luxembourg Sàrl
Luxemburg/Luxemburg 100,00%
MAHLE Behr Manufacturing Management, Inc.
Troy, Michigan/USA 100,00%"; 68 ;2016;MAHLE GmbH;Konzernabschluss;PwC
"Anteilsbesitz an einbezogenen Unternehmen, assoziierten Unternehmen,
anteilsmäßig einbezogenen Unternehmen sowie sonstigen Unternehmen,
die dem dauerhaften Geschäftsbetrieb dienen
Anteil am Eigenkapital.
in %
Eigenkapital.
in TEUR
Ergebnis des letzten Geschäftsjahres
.
in TEUR
MAHLE Behr Maquiladora LLC
Wilmington, Delaware/USA 100,00%
MAHLE Behr Mexico S. de R.L. de C.V.
Ramos Arizpe/Mexiko 100,00%
MAHLE Behr Mnichovo Hradišt? s.r.o.
Mnichovo Hradišt?/Tschechische Republik 100,00%
MAHLE Behr Námestovo s.r.o.
Námestovo/Slowakei 100,00%
MAHLE Behr Ostrava s.r.o.
Mošnov/Tschechische Republik 99,98%
MAHLE Behr Ostrov s.r.o.
Mnichovo Hradišt?/Tschechische Republik 100,00%
MAHLE Behr Ostrów Wielkopolski Sp. z o.o.
Ostrów Wielkopolski/Polen 100,00%
MAHLE Behr Ostrów Wielkopolski Park Technologiczny Sp. z o.o.
Ostrów Wielkopolski/Polen 100,00%
MAHLE Behr Ostrów Wielkopolski Park Technologiczny Sp. z o.o. Sp.
K.
Ostrów Wielkopolski/Polen 100,00%
MAHLE Behr Properties Management LLC
Wilmington, Delaware/USA 100,00%
MAHLE Behr Rio Bravo, S. de R.L. de C.V.
Ramos Arizpe/Mexiko 100,00%
MAHLE Behr Senica s.r.o.
Senica/Slowenien 100,00%
MAHLE Behr Service America L.L.C.
Troy, Michigan/USA 100,00%
MAHLE Behr Service Asia Co., Ltd."; 68 ;2016;MAHLE GmbH;Konzernabschluss;PwC
"Anteilsbesitz an einbezogenen Unternehmen, assoziierten Unternehmen,
anteilsmäßig einbezogenen Unternehmen sowie sonstigen Unternehmen,
die dem dauerhaften Geschäftsbetrieb dienen
Anteil am Eigenkapital.
in %
Eigenkapital.
in TEUR
Ergebnis des letzten Geschäftsjahres
.
in TEUR
Shanghai/China 100,00%
MAHLE Behr Service GmbH
Schwäbisch Hall/Deutschland 100,00%
MAHLE Behr Service Mexico, S. de R.L. de C.V.
Ramos Arizpe/Mexiko 100,00%
MAHLE Behr South Africa (Pty) Ltd.
Durban/Südafrika 100,00%
MAHLE Behr Spain S.A.
Montblanc/Spanien 100,00%
MAHLE Behr Thermal Systems (Jinan) Co., Ltd.
Jinan/China 100,00%
MAHLE Behr Thermal Systems (Qingdao) Co., Ltd.
Qingdao/China 100,00%
MAHLE Behr Troy Inc.
Troy, Michigan/USA 100,00%
MAHLE Behr USA Inc.
Troy, Michigan/USA 100,00%
MAHLE Behr Versicherungsdienst GmbH
Stuttgart/Deutschland 100,00%
MAHLE Industrial Thermal Systems GmbH & Co. KG
Stuttgart/Deutschland 40,00% 6)
c) Vollkonsolidierte Tochterunternehmen der MAHLE Metal Leve S.A.
mit direkten Beteiligungsquoten
MAHLE Argentina S.A.
Rafaela/Argentinien 100,00%
MAHLE Filtroil Indústria e Comércio de Filtros Ltda.
Mogi Guaçu/Brasilien 60,00%
MAHLE Hirschvogel Forjas S.A."; 68 ;2016;MAHLE GmbH;Konzernabschluss;PwC
"Anteilsbesitz an einbezogenen Unternehmen, assoziierten Unternehmen,
anteilsmäßig einbezogenen Unternehmen sowie sonstigen Unternehmen,
die dem dauerhaften Geschäftsbetrieb dienen
Anteil am Eigenkapital.
in %
Eigenkapital.
in TEUR
Ergebnis des letzten Geschäftsjahres
.
in TEUR
Queimados/Brasilien 51,00%
MAHLE Industry do Brasil Ltda.
Mogi Guaçu/Brasilien 100,00%
MAHLE Metal Leve GmbH
St. Michael ob Bleiburg/Österreich 100,00%
MAHLE Metal Leve Miba Sinterizados Ltda.
Indaiatuba/Brasilien 60,00%
d) Vollkonsolidierte Tochterunternehmen der MAHLE Industrial Thermal
Systems GmbH & Co. KG mit direkten Beteiligungsquoten
MAHLE Industrial Thermal Systems (Tianjin) Co., Ltd.
Tianjin/China 100,00%
MAHLE Industrial Thermal Systems America, L.P.
Belmont, Michigan/USA 99,00%
MAHLE Industrial Thermal Systems Reichenbach GmbH
Heinsdorfergrund/Deutschland 100,00%
2. Verbundene Unternehmen, welche aufgrund untergeordneter Bedeutung
für die Vermögens-, Finanz- und Ertragslage nicht konsolidiert werden
a) Verbundene Unternehmen der MAHLE Behr GmbH & Co. KG mit direkten
Beteiligungsquoten
MAHLE Behr Sweden AB
Askim, Göteborg/Schweden 100,00% 3) 5) 42 7
MAHLE Behr Thermal Noida Private Limited
Gurgaon/Indien 100,00% 3) 145 6
b) Sonstige verbundene Unternehmen mit direkten Beteiligungsquoten
Compañía Rosarina S.A.
Rosario/Argentinien 100,00% 3) 970 -2.114
Eito Denki Co. Ltd."; 68, 89 ;2016;MAHLE GmbH;Konzernabschluss;PwC
"Anteilsbesitz an einbezogenen Unternehmen, assoziierten Unternehmen,
anteilsmäßig einbezogenen Unternehmen sowie sonstigen Unternehmen,
die dem dauerhaften Geschäftsbetrieb dienen
Anteil am Eigenkapital.
in %
Eigenkapital.
in TEUR
Ergebnis des letzten Geschäftsjahres
.
in TEUR
Gojome-machi, Minamiakita-gun, Akita/Japan 66,80% 3) 215 11
Letrika Lab, d.o.o.
Šempeter pri Gorici/Slowenien 100,00% 3) 118 1
MAHLE Engine Components Australia Pty Ltd.
Port Melbourne/Australien 100,00% 4) 602 211
MAHLE Industrial Thermal Systems America, Inc.
Belmont, Michigan/USA 100,00% 3) 66 0
MAHLE Industrial Thermal Systems Verwaltung GmbH
Stuttgart/Deutschland 100,00% 436 10
MAHLE InnoWa GmbH
Stuttgart/Deutschland 100,00% 2.543 0
MAHLE Kleinmotoren-Komponenten Verwaltungs GmbH
Stuttgart/Deutschland 100,00% 27 0
MG Immobilienentwicklungs- und Ansiedlungsgesellschaft mbH
Wolfsberg/Österreich 74,00% 3) 1 0
Ueno Industry Co. Ltd.
Tokio/Japan 100,00% 3) 1 0
3. Quotenkonsolidierte Gemeinschaftsunternehmen
a) Teilkonzern HBPO, welcher von der MAHLE Behr GmbH & Co. KG
und zwei weiteren Unternehmen geführt wird
Mutterunternehmen
HBPO Beteiligungsgesellschaft mbH
Lippstadt/Deutschland 33,33%
Im Teilkonzernabschluss der HBPO Beteiligungs- gesellschaft mbH enthaltene
Gesellschaften mit direkten Beteiligungsquoten
HBPO Asia Ltd.
Seoul/Südkorea 100,00%
HBPO Automotive Hungária Kft."; 68 ;2016;MAHLE GmbH;Konzernabschluss;PwC
"Anteilsbesitz an einbezogenen Unternehmen, assoziierten Unternehmen,
anteilsmäßig einbezogenen Unternehmen sowie sonstigen Unternehmen,
die dem dauerhaften Geschäftsbetrieb dienen
Anteil am Eigenkapital.
in %
Eigenkapital.
in TEUR
Ergebnis des letzten Geschäftsjahres
.
in TEUR
Györ/Ungarn 100,00%
HBPO Automotive Spain S.L.
Martorell/Spanien 100,00%
HBPO Beijing Ltd.
Peking/China 100,00%
HBPO Brasil Automotive Servicos Ltda.
Arujá/Brasilien 100,00%
HBPO Canada Inc.
Windsor/Kanada 100,00%
HBPO China Ltd.
Shanghai/China 100,00%
HBPO Czech s.r.o.
Mnichovo Hradišt?/Tschechische Republik 100,00%
HBPO Germany GmbH
Meerane/Deutschland 100,00%
HBPO GmbH
Lippstadt/Deutschland 100,00%
HBPO Ingolstadt GmbH
Ingolstadt/Deutschland 100,00%
HBPO Japan K.K.
Tokio/Japan 100,00%
HBPO Korea Ltd.
Busan/Südkorea 100,00%
HBPO Management Services Mexico S.A. de C.V.
Puebla/Mexiko 100,00%
HBPO Manufacturing Hungary Kft.
Kecskemét/Ungarn 100,00%
HBPO Mexico S.A. de C.V."; 68 ;2016;MAHLE GmbH;Konzernabschluss;PwC
"Anteilsbesitz an einbezogenen Unternehmen, assoziierten Unternehmen,
anteilsmäßig einbezogenen Unternehmen sowie sonstigen Unternehmen,
die dem dauerhaften Geschäftsbetrieb dienen
Anteil am Eigenkapital.
in %
Eigenkapital.
in TEUR
Ergebnis des letzten Geschäftsjahres
.
in TEUR
Puebla/Mexiko 100,00%
HBPO North America Inc.
Troy, Michigan/USA 100,00%
HBPO Pyeongtaek Ltd.
Pyeongtaek/Südkorea 100,00%
HBPO Rastatt GmbH
Rastatt/Deutschland 100,00%
HBPO Regensburg GmbH
Regensburg/Deutschland 100,00%
HBPO Services Mexico S.A. de C.V.
Puebla/Mexiko 100,00%
HBPO Slovakia s.r.o.
Lozorno/Slowakei 100,00%
HBPO UK Ltd.
Banbury/Großbritannien 100,00%
SHB Automotive Modules Company Ltd.
Hwaseong/Südkorea 50,00%
b) Teilkonzern Behr-Hella Thermocontrol , welcher von der MAHLE
Behr GmbH & Co. KG und einem weiteren Unternehmen geführt wird
Mutterunternehmen
Behr-Hella Thermocontrol GmbH
Stuttgart/Deutschland 50,00%
Im Teilkonzernabschluss der Behr-Hella Thermocontrol GmbH enthaltene
Gesellschaften mit direkten Beteiligungsquoten
Behr-Hella Thermocontrol (Shanghai) Co., Ltd.
Shanghai/China 100,00%
Behr-Hella Thermocontrol EOOD
Sofia/Bulgarien 100,00%
Behr-Hella Thermocontrol Inc."; 68 ;2016;MAHLE GmbH;Konzernabschluss;PwC
"Anteilsbesitz an einbezogenen Unternehmen, assoziierten Unternehmen,
anteilsmäßig einbezogenen Unternehmen sowie sonstigen Unternehmen,
die dem dauerhaften Geschäftsbetrieb dienen
Anteil am Eigenkapital.
in %
Eigenkapital.
in TEUR
Ergebnis des letzten Geschäftsjahres
.
in TEUR
Wixom, Michigan/USA 100,00%
Behr-Hella Thermocontrol India Private Limited
Pune/Indien 100,00%
Behr-Hella Thermocontrol Japan K.K.
Kanagawa/Japan 100,00%
BHTC Mexico S.A. de C.V.
Queretaro/Mexiko 100,00%
c) Teilkonzern Behr Hella Service, welcher von der MAHLE Behr GmbH
& Co. KG und einem weiteren Unternehmen geführt wird
Mutterunternehmen
Behr Hella Service GmbH
Schwäbisch Hall/Deutschland 50,00%
Im Teilkonzernabschluss der Behr Hella Service GmbH enthaltene Gesellschaften
mit direkten Beteiligungsquoten
Behr Hella Comércio de Pecas Automotivas S.A.
Arujá/Brasilien 100,00%
Behr Hella Service North America L.L.C.
Peachtree City, Georgia/USA 100,00%
Behr Hella Service South Africa (Pty) Ltd.
Johannesburg/Südafrika 100,00%
Behr Service IAM USA Inc.
Troy, Michigan/USA 100,00%"; 68 ;2016;MAHLE GmbH;Konzernabschluss;PwC
"d) Quotenkonsolidierte Gemeinschaftsunternehmens- gruppe, welche von
der MAHLE Behr GmbH & Co. KG und einem weiteren Unternehmen
geführt wird
Mutterunternehmen
Shanghai Behr Thermal Systems Co. Ltd.
Shanghai/China 50,00%
Tochtergesellschaften mit direkten Beteiligungsquoten"; 70 ;2016;MAHLE GmbH;Konzernabschluss;PwC
"Anteilsbesitz an einbezogenen Unternehmen, assoziierten Unternehmen,
anteilsmäßig einbezogenen Unternehmen sowie sonstigen Unternehmen,
die dem dauerhaften Geschäftsbetrieb dienen
Anteil am Eigenkapital.
in %
Eigenkapital.
in TEUR
Ergebnis des letzten Geschäftsjahres
.
in TEUR
Chengdu Behr Automotive Thermal Systems Co., Ltd.
Chengdu/China 100,00%
Shenyang Behr Automotive Thermal Systems Co., Ltd.
Shenyang/China 100,00%
e) Sonstige quotenkonsolidierte Gemeinschaftsunternehmen mit direkten
Beteiligungsquoten, welche von der MAHLE Behr GmbH & Co. KG und
einem weiteren Unternehmen geführt werden
Behr Thermot-tronik Italia S.p.A.
Grugliasco/Italien 50,00%
Dongfeng Behr Thermal Systems Co. Ltd.
Wuhan/China 50,00%
f) Sonstige quotenkonsolidierte Gemeinschaftsunternehmen, welche von
der MAHLE GmbH und einem weiteren Unternehmen geführt werden
Allied Ring Corporation
St. Johns, Michigan/USA 50,00%"; 70 ;2016;MAHLE GmbH;Konzernabschluss;PwC
"Anteilsbesitz an einbezogenen Unternehmen, assoziierten Unternehmen,
anteilsmäßig einbezogenen Unternehmen sowie sonstigen Unternehmen,
die dem dauerhaften Geschäftsbetrieb dienen
Anteil am Eigenkapital.
in %
Eigenkapital.
in TEUR
Ergebnis des letzten Geschäftsjahres
.
in TEUR
4. Assoziierte Unternehmen, at- equity konsolidiert
a) Assoziierte Unternehmen der MAHLE Behr GmbH & Co. KG mit direkten
Beteiligungsquoten
Dongfeng-Paninco Automobile Aluminium Heat Exchanger Co.Ltd.
Shiyan/China 50,00%
HICOM HBPO SDN BHD
Shah Alam/Malaysia 40,00%
b) Assoziierte Unternehmen der MAHLE Metal Leve S.A. mit direkten
Beteiligungsquoten
Innoferm Tecnologia Ltda.
Mogi Guaçu/Brasilien 33,33% 2) 3) 3.892 -116
c) Sonstige assoziierte Unternehmen mit direkten Beteiligungsquoten
Bosch Mahle Turbo Systems GmbH & Co. KG
Stuttgart/Deutschland 50,00%
Bosch Mahle Turbo Systems Verwaltungs GmbH
Stuttgart/Deutschland 50,00% 2) 28 3
Cofap Companhia Fabricadora de Peças Ltda.
São Paulo/Brasilien 31,65%
India Nippon Electricals Ltd.
Tamil Nadu/Indien 20,50% 2) 3) 22.799 2.642
INPRIME d.o.o.
Tolmin/Slowenien 20,84% 2) 3) -267 4
LangFang Kokusan Electric Co., Ltd.
Hebei/China 40,00%
Letrika SOL d.o.o.
Šempeter pri Gorici/Slowenien 41,57% 2) 3) 729 -202
MAHLE Behr Verwaltung GmbH
Stuttgart/Deutschland 23,08% 2) 5) 17.005 -667
MAHLE König GmbH
Rankweil/Österreich 50,00%
MAHLE König Kommanditgesellschaft GmbH & Co. KG
Rankweil/Österreich 50,00%
MAHLE Letrika Roots India Private Limited
Coimbatore/Indien 50,00% 2) 3) 5) 596 -191
Pt Federal Izumi Manufacturing
Bogor/Indonesien 36,94%
SiEVA d.o.o.
Šempeter pri Gorici/Slowenien 20,00% 2) 3) 7.045 43
1) Anteil 50% + 1 Aktie
2) Gesellschaft aufgrund untergeordneter Bedeutung für die Vermögens-, Finanz- und Ertragslage nicht at-equity bewertet
3) Lokale Abschlüsse"; 69, 96 ;2016;MAHLE GmbH;Konzernabschluss;PwC
