Anhang; Annotierung (Angabe Nummer in Anahngscheckliste) ;Geschäftsjahr;Gesellschaft;Abschlussart;Prüfer
1. Bilanzierungs- und Bewertungsmethoden;;2015/2016;PricewaterhouseCoopers Aktiengesellschaft Wirtschaftsprüfungsgesellschaft;Jahresabschluss;Prof. Dr. Ludewig u. Partner GmbH
"Die entgeltlich erworbenen immateriellen Vermögensgegenstände und das Sachanlagevermögen sind zu Anschaffungskosten abzüglich
planmäßiger linearer Abschreibungen angesetzt. Dabei werden im Wesentlichen Nutzungsdauern von 3 Jahren für EDV-Software und
Notebooks sowie von 5 bis 15 Jahren für die übrige Geschäftsausstattung berücksichtigt. Für Vermögensgegenstände der übrigen
Geschäftsausstattung mit Anschaffungskosten bis 2.000 € wird ein Sammelposten gebildet, der gleichmäßig über 5 Geschäftsjahre
abgeschrieben wird."; 8.4 ;2015/2016;PricewaterhouseCoopers Aktiengesellschaft Wirtschaftsprüfungsgesellschaft;Jahresabschluss;Prof. Dr. Ludewig u. Partner GmbH
"Die Anteile an verbundenen Unternehmen, die Beteiligungen und die Wertpapiere des Anlagevermögens sind zu Anschaffungskosten
oder zum niedrigeren beizulegenden Wert, die Ausleihungen zu Anschaffungskosten oder zu Nennwerten angesetzt. Die
Rückdeckungsansprüche aus Lebensversicherungen haben wir mit dem von der Versicherung mitgeteilten Aktivwert bewertet."; 8.13 ;2015/2016;PricewaterhouseCoopers Aktiengesellschaft Wirtschaftsprüfungsgesellschaft;Jahresabschluss;Prof. Dr. Ludewig u. Partner GmbH
"Die in Arbeit befindlichen Aufträge sind mit den Herstellungskosten unter Berücksichtigung von Kosten für Verwaltung, soziale
Angelegenheiten und betriebliche Altersversorgung oder mit ihren niedrigeren beizulegenden Werten ausgewiesen. Sie enthalten auch
Honorare der freien Mitarbeiter und verauslagte Reisekosten. Zur Berücksichtigung der unterschiedlichen Kostenstrukturen werden die
Herstellungskosten für jeden Geschäftsbereich separat ermittelt."; 8.22 ;2015/2016;PricewaterhouseCoopers Aktiengesellschaft Wirtschaftsprüfungsgesellschaft;Jahresabschluss;Prof. Dr. Ludewig u. Partner GmbH
"Die Forderungen und sonstigen Vermögensgegenstände sind mit den Nominalbeträgen, vermindert um angemessene Einzel- und
Pauschalabwertungen, bilanziert. Für die Umrechnung von Beträgen in fremder Währung haben wir die Devisenkassamittelkurse des
Bilanzstichtages verwendet. Sonstige Vermögensgegenstände mit einer Restlaufzeit von mehr als einem Jahr sind mit den Barwerten
angesetzt."; 8.25 ;2015/2016;PricewaterhouseCoopers Aktiengesellschaft Wirtschaftsprüfungsgesellschaft;Jahresabschluss;Prof. Dr. Ludewig u. Partner GmbH
Die Wertpapiere des Umlaufvermögens sind zu Anschaffungskosten oder niedrigeren Börsenkursen am Bilanzstichtag bewertet.; 8.30 ;2015/2016;PricewaterhouseCoopers Aktiengesellschaft Wirtschaftsprüfungsgesellschaft;Jahresabschluss;Prof. Dr. Ludewig u. Partner GmbH
"Die liquiden Mittel sind zu Nennwerten bilanziert. Für die Umrechnung von Beträgen in fremder Währung haben wir die
Devisenkassamittelkurse des Bilanzstichtages verwendet. Das gezeichnete Kapital wird zum Nennwert bilanziert."; 8.33 ;2015/2016;PricewaterhouseCoopers Aktiengesellschaft Wirtschaftsprüfungsgesellschaft;Jahresabschluss;Prof. Dr. Ludewig u. Partner GmbH
"Die Rückstellungen für Pensionen und ähnliche Verpflichtungen werden nach dem Anwartschaftsbarwertverfahren unter
Berücksichtigung der Richttafeln 2005G (aktuariell modifiziert durch ein Gutachten von Prof. Heubeck im Hinblick auf die längere
Lebenserwartung von Berufsträgern), einer Gehaltssteigerung von 2,5 % und einer Rentensteigerung von 1,30 % (Vorjahr 1,35 %) p.
a. bewertet. Der Rechnungszins, der sich aus einer pauschal angenommenen Restlaufzeit von 15 Jahren ergibt, beträgt 4,17 %
(Vorjahr 4,21 %). Die Rückstellungen entsprechen damit dem Wert, der nach vernünftiger kaufmännischer Beurteilung notwendig ist
(§ 253 Abs. 1 HGB)."; 8.48, 41 ;2015/2016;PricewaterhouseCoopers Aktiengesellschaft Wirtschaftsprüfungsgesellschaft;Jahresabschluss;Prof. Dr. Ludewig u. Partner GmbH
"Die sonstigen Rückstellungen decken alle erkennbaren Risiken und ungewissen Verpflichtungen in angemessener Höhe. Die
Rückstellung für Verpflichtungen aus Altersteilzeitregelungen erfolgt auf der Grundlage von IDW RS HFA 3 nach
versicherungsmathematischen Grundsätzen. Sie betrifft am Abschlussstichtag bestehende oder in Zukunft voraussichtlich rechtlich
entstehende Verpflichtungen zur Zahlung von Aufstockungsbeträgen zur Altersteilzeitvergütung sowie den bislang nicht entlohnten
Anteil der im Rahmen der Beschäftigungsphase des Blockmodells erbrachten Arbeitsleistungen (Altersteilzeit-Wertguthaben). Als
Rechnungsgrundlagen werden die Richttafeln 2005G verwendet. Die Abzinsung erfolgt wie bei den übrigen sonstigen langfristigen
Rückstellungen mit dem der jeweiligen Restlaufzeit entsprechenden durchschnittlichen Marktzinssatz der vergangenen 7
Geschäftsjahre."; 8.50, 47 ;2015/2016;PricewaterhouseCoopers Aktiengesellschaft Wirtschaftsprüfungsgesellschaft;Jahresabschluss;Prof. Dr. Ludewig u. Partner GmbH
"Die Verpflichtungen aus Altersteilzeit-Wertguthaben und ähnlichen Arbeitszeitmodellen sind durch Deckungsvermögen (Wertpapiere)
unterlegt. Nach § 246 Abs. 2 S. 2 HGB wird das Deckungsvermögen mit den zugehörigen Verpflichtungen verrechnet. Die Bewertung
des Deckungsvermögens erfolgt zum Börsenkurs am Bilanzstichtag."; 8.50 ;2015/2016;PricewaterhouseCoopers Aktiengesellschaft Wirtschaftsprüfungsgesellschaft;Jahresabschluss;Prof. Dr. Ludewig u. Partner GmbH
"Die Verbindlichkeiten sind zu Erfüllungsbeträgen passiviert. Für die Umrechnung von Beträgen in fremder Währung haben wir die
Devisenkassamittelkurse des Bilanzstichtages verwendet."; 8.51 ;2015/2016;PricewaterhouseCoopers Aktiengesellschaft Wirtschaftsprüfungsgesellschaft;Jahresabschluss;Prof. Dr. Ludewig u. Partner GmbH
"Latente Steuern werden auf die Unterschiede in den Bilanzansätzen der Handelsbilanz und der Steuerbilanz angesetzt, sofern sich
diese in späteren Geschäftsjahren voraussichtlich abbauen. Aktive und passive latente Steuern werden saldiert ausgewiesen. Bei der
Berechnung der latenten Steuern wird ein Steuersatz von 31,75 % zugrunde gelegt."; 8.35, 8.64, 27 ;2015/2016;PricewaterhouseCoopers Aktiengesellschaft Wirtschaftsprüfungsgesellschaft;Jahresabschluss;Prof. Dr. Ludewig u. Partner GmbH
2. Erläuterung der Posten des Jahresabschlusses;;2015/2016;PricewaterhouseCoopers Aktiengesellschaft Wirtschaftsprüfungsgesellschaft;Jahresabschluss;Prof. Dr. Ludewig u. Partner GmbH
"Die laufenden Nummern verweisen auf die entsprechenden Abschlussposten. Die Aufgliederung und die Entwicklung des
Anlagevermögens sind im Anlagenspiegel dargestellt."; 4.1, 15, 16 ;2015/2016;PricewaterhouseCoopers Aktiengesellschaft Wirtschaftsprüfungsgesellschaft;Jahresabschluss;Prof. Dr. Ludewig u. Partner GmbH
Nr. 1 Immaterielle Vermögensgegenstände; 4.2 ;2015/2016;PricewaterhouseCoopers Aktiengesellschaft Wirtschaftsprüfungsgesellschaft;Jahresabschluss;Prof. Dr. Ludewig u. Partner GmbH
"Vorjahr
T€
1. EDV-Software 7.046.998 7.092
2. Geschäfts- oder Firmenwert 0 450
3. Geleistete Anzahlungen 2.019.960 721
9.066.958 8.263"; 4.2 ;2015/2016;PricewaterhouseCoopers Aktiengesellschaft Wirtschaftsprüfungsgesellschaft;Jahresabschluss;Prof. Dr. Ludewig u. Partner GmbH
Nr. 2 Sachanlagen; 4.7 ;2015/2016;PricewaterhouseCoopers Aktiengesellschaft Wirtschaftsprüfungsgesellschaft;Jahresabschluss;Prof. Dr. Ludewig u. Partner GmbH
"Vorjahr
T€
1. Geschäftsausstattung 48.249.638 50.541
2. Geleistete Anzahlungen und Anlagen im Bau 5.186.885 2.234
53.436.523 52.775
Der Anstieg der geleisteten Anzahlungen und Anlagen im Bau betrifft überwiegend das neue Bürogebäude in Hamburg."; 4.7 ;2015/2016;PricewaterhouseCoopers Aktiengesellschaft Wirtschaftsprüfungsgesellschaft;Jahresabschluss;Prof. Dr. Ludewig u. Partner GmbH
Nr. 3 Finanzanlagen; 4.12 ;2015/2016;PricewaterhouseCoopers Aktiengesellschaft Wirtschaftsprüfungsgesellschaft;Jahresabschluss;Prof. Dr. Ludewig u. Partner GmbH
"Vorjahr
T€
1. Anteile an verbundenen Unternehmen 116.991.488 86.321
2. Ausleihungen an verbundene Unternehmen 3.331.823 4.932
3. Beteiligungen 10.036.966 10.047
4. Ausleihungen an Unternehmen, mit denen ein Beteiligungsverhältnis besteht 6.617.000 6.617
5. Wertpapiere des Anlagevermögens 1.474.557 1.474
6. Sonstige Ausleihungen 33.276.220 38.877
7. Rückdeckungsansprüche aus Lebensversicherungen 492.663 652
172.220.717 148.920"; 4.12 ;2015/2016;PricewaterhouseCoopers Aktiengesellschaft Wirtschaftsprüfungsgesellschaft;Jahresabschluss;Prof. Dr. Ludewig u. Partner GmbH
"Der Zugang bei den Anteilen an verbundenen Unternehmen betrifft im Wesentlichen den Erwerb der PwC Strategy& (Deutschland)
GmbH mit ihrer Tochtergesellschaft PwC Strategy& (Austria) GmbH durch die Tochtergesellschaft PwC Consulting GmbH."; 4.13 ;2015/2016;PricewaterhouseCoopers Aktiengesellschaft Wirtschaftsprüfungsgesellschaft;Jahresabschluss;Prof. Dr. Ludewig u. Partner GmbH
"Die Ausleihungen an verbundene Unternehmen beinhalten im Wesentlichen Ausleihungen an die PricewaterhouseCoopers cundus AG
und die kampus GmbH."; 4.14 ;2015/2016;PricewaterhouseCoopers Aktiengesellschaft Wirtschaftsprüfungsgesellschaft;Jahresabschluss;Prof. Dr. Ludewig u. Partner GmbH
"Die Beteiligungen betreffen, neben der 25 % Beteiligung an der IBIS Prof. Thome AG, die Geschäftsanteile an Gesellschaften des
internationalen Netzwerks von PwC. Die Ausleihungen an Unternehmen, mit denen ein Beteiligungsverhältnis besteht, betreffen zwei
nachrangige Darlehen an eine Gesellschaft des internationalen Netzwerks von PwC."; 4.15,  94 ;2015/2016;PricewaterhouseCoopers Aktiengesellschaft Wirtschaftsprüfungsgesellschaft;Jahresabschluss;Prof. Dr. Ludewig u. Partner GmbH
Bei den Wertpapieren des Anlagevermögens handelt es sich um Aktien und festverzinsliche Wertpapiere.; 4.17 ;2015/2016;PricewaterhouseCoopers Aktiengesellschaft Wirtschaftsprüfungsgesellschaft;Jahresabschluss;Prof. Dr. Ludewig u. Partner GmbH
"Der Rückgang bei den sonstigen Ausleihungen betrifft insbesondere eine Ausleihung an eine Gesellschaft des PwC-Netzwerkes in Höhe
von 12,5 Mio. € (Vorjahr 18,0 Mio. €). Daneben sind eine festverzinsliche Anlage in US-Dollar in Höhe von 20,7 Mio. € und Darlehen
an Mitarbeiter zur Wohnraumbeschaffung ausgewiesen."; 4.18 ;2015/2016;PricewaterhouseCoopers Aktiengesellschaft Wirtschaftsprüfungsgesellschaft;Jahresabschluss;Prof. Dr. Ludewig u. Partner GmbH
Nr. 4 In Arbeit befindliche Aufträge; 4.22 ;2015/2016;PricewaterhouseCoopers Aktiengesellschaft Wirtschaftsprüfungsgesellschaft;Jahresabschluss;Prof. Dr. Ludewig u. Partner GmbH
"Die in Arbeit befindlichen Aufträge setzen sich wie folgt zusammen:
€
Vorjahr
T€
In Arbeit befindliche Aufträge 239.242.179 254.775
abzüglich erhaltener Anzahlungen 79.401.364 89.210
159.840.815 165.565"; 4.22 ;2015/2016;PricewaterhouseCoopers Aktiengesellschaft Wirtschaftsprüfungsgesellschaft;Jahresabschluss;Prof. Dr. Ludewig u. Partner GmbH
Nr. 5 Forderungen und sonstige Vermögensgegenstände; 4.25 ;2015/2016;PricewaterhouseCoopers Aktiengesellschaft Wirtschaftsprüfungsgesellschaft;Jahresabschluss;Prof. Dr. Ludewig u. Partner GmbH
"Vorjahr
T€
1. Forderungen aus Leistungen 281.390.611 267.483
2. Forderungen gegen verbundene Unternehmen 5.506.126 1.620
3. Forderungen gegen Unternehmen, mit denen ein Beteiligungsverhältnis besteht 2.331.000 1.924
4. Sonstige Vermögensgegenstände 49.439.438 55.734
davon mit einer Restlaufzeit von mehr als einem Jahr 2.011.934 (Vorjahr 4.031 T€)
338.667.175 326.761
Die Forderungen gegen verbundene Unternehmen resultieren aus Leistungen."; 4.25, 6 ;2015/2016;PricewaterhouseCoopers Aktiengesellschaft Wirtschaftsprüfungsgesellschaft;Jahresabschluss;Prof. Dr. Ludewig u. Partner GmbH
"Bei den Forderungen gegen Unternehmen, mit denen ein Beteiligungsverhältnis besteht, handelt es sich um Forderungen aus
Leistungen gegen eine Gesellschaft des internationalen Netzwerks von PwC."; 4.28, 6 ;2015/2016;PricewaterhouseCoopers Aktiengesellschaft Wirtschaftsprüfungsgesellschaft;Jahresabschluss;Prof. Dr. Ludewig u. Partner GmbH
"Auf die sonstigen Vermögensgegenstände entfallen im Wesentlichen Forderungen aus verauslagten Rentenzahlungen, aus Steuern
und sonstige Erstattungsansprüche. In diesem Posten sind rechtlich noch nicht entstandene Beträge von 0,8 Mio. € enthalten."; 4.29, 20 ;2015/2016;PricewaterhouseCoopers Aktiengesellschaft Wirtschaftsprüfungsgesellschaft;Jahresabschluss;Prof. Dr. Ludewig u. Partner GmbH
Nr. 6 Flüssige Mittel; 4.33 ;2015/2016;PricewaterhouseCoopers Aktiengesellschaft Wirtschaftsprüfungsgesellschaft;Jahresabschluss;Prof. Dr. Ludewig u. Partner GmbH
Der Bestand an flüssigen Mitteln war überwiegend als Tages- und Termingeld angelegt.; 4.33 ;2015/2016;PricewaterhouseCoopers Aktiengesellschaft Wirtschaftsprüfungsgesellschaft;Jahresabschluss;Prof. Dr. Ludewig u. Partner GmbH
Nr. 7 Rechnungsabgrenzungsposten; 4.34 ;2015/2016;PricewaterhouseCoopers Aktiengesellschaft Wirtschaftsprüfungsgesellschaft;Jahresabschluss;Prof. Dr. Ludewig u. Partner GmbH
"Der aktive Rechnungsabgrenzungsposten enthält im Wesentlichen Vorauszahlungen für Versicherungsprämien, Mieten und
Wartungsverträge."; 4.34 ;2015/2016;PricewaterhouseCoopers Aktiengesellschaft Wirtschaftsprüfungsgesellschaft;Jahresabschluss;Prof. Dr. Ludewig u. Partner GmbH
Nr. 8 Aktive latente Steuern; 4.35 ;2015/2016;PricewaterhouseCoopers Aktiengesellschaft Wirtschaftsprüfungsgesellschaft;Jahresabschluss;Prof. Dr. Ludewig u. Partner GmbH
"Die aktiven latenten Steuern ergeben sich im Wesentlichen aus den abweichenden steuerlichen Wertansätzen der
Pensionsrückstellungen. Von dem Gesamtbetrag von 182,5 Mio. € resultieren 144,2 Mio. € aus abweichenden steuerlichen
Wertansätzen in den Vorjahren und 38,3 Mio. € aus abweichenden steuerlichen Wertansätzen im Geschäftsjahr. Nach § 268 Abs. 8
HGB sind aus dem Ansatz der aktiven latenten Steuern 182,5 Mio. € ausschüttungsgesperrt."; 4.35, 27, 38 ;2015/2016;PricewaterhouseCoopers Aktiengesellschaft Wirtschaftsprüfungsgesellschaft;Jahresabschluss;Prof. Dr. Ludewig u. Partner GmbH
Nr. 9 Aktiver Unterschiedsbetrag aus der Vermögensverrechnung; 4.36, 44 ;2015/2016;PricewaterhouseCoopers Aktiengesellschaft Wirtschaftsprüfungsgesellschaft;Jahresabschluss;Prof. Dr. Ludewig u. Partner GmbH
"Vorjahr
T€
Anschaffungskosten Deckungsvermögen 10.617.116 10.819
beizulegender Zeitwert Deckungsvermögen 10.884.470 10.842
abzgl. Verpflichtungen aus Altersteilzeit-Wert- guthaben und ähnlichen Arbeitszeitmodellen 9.902.106 10.495
982.364 347"; 4.36, 44 ;2015/2016;PricewaterhouseCoopers Aktiengesellschaft Wirtschaftsprüfungsgesellschaft;Jahresabschluss;Prof. Dr. Ludewig u. Partner GmbH
"Der Unterschiedsbetrag ergibt sich aus dem Überhang des Deckungsvermögens zur Absicherung von Wertguthaben aus Altersteilzeit
und ähnlichen Arbeitszeitmodellen abzüglich der zugehörigen Verpflichtungen."; 4.36, 44 ;2015/2016;PricewaterhouseCoopers Aktiengesellschaft Wirtschaftsprüfungsgesellschaft;Jahresabschluss;Prof. Dr. Ludewig u. Partner GmbH
"Die Erträge aus dem Deckungsvermögen (0,3 Mio. €) abzüglich der Aufwendungen aus der Aufzinsung der Verpflichtungen (0,2 Mio.
€) ergeben einen Saldo von 0,1 Mio. €, der in den sonstigen Zinsen und ähnlichen Erträgen enthalten ist."; 4.36, 44 ;2015/2016;PricewaterhouseCoopers Aktiengesellschaft Wirtschaftsprüfungsgesellschaft;Jahresabschluss;Prof. Dr. Ludewig u. Partner GmbH
Aus der Aktivierung des Deckungsvermögens zum beizulegenden Zeitwert sind nach § 268 Abs. 8 HGB 292 T€ ausschüttungsgesperrt.; 4.36, 38 ;2015/2016;PricewaterhouseCoopers Aktiengesellschaft Wirtschaftsprüfungsgesellschaft;Jahresabschluss;Prof. Dr. Ludewig u. Partner GmbH
Nr. 10 Gezeichnetes Kapital; 4.38 ;2015/2016;PricewaterhouseCoopers Aktiengesellschaft Wirtschaftsprüfungsgesellschaft;Jahresabschluss;Prof. Dr. Ludewig u. Partner GmbH
"Das Grundkapital von 10.000.000 € ist in 10.000.000 Stückaktien eingeteilt. Die PwC Europe SE Wirtschaftsprüfungsgesellschaft (PwC
Europe) mit Sitz in Frankfurt am Main hat uns mitgeteilt, dass ihr eine Mehrheitsbeteiligung an der PwC gehört. Sie hält 90 % der
Anteile. Die übrigen Anteile werden vom Konsortium PwC Europe (9 %) und vom Konsortium PwC Deutschland (1 %) gehalten."; 4.38, 32, 99 ;2015/2016;PricewaterhouseCoopers Aktiengesellschaft Wirtschaftsprüfungsgesellschaft;Jahresabschluss;Prof. Dr. Ludewig u. Partner GmbH
Die PwC Europe stellt nach § 290 Abs. 5 in Verbindung mit § 296 Abs. 1 Nr. 1 HGB keinen Konzernabschluss auf.;;2015/2016;PricewaterhouseCoopers Aktiengesellschaft Wirtschaftsprüfungsgesellschaft;Jahresabschluss;Prof. Dr. Ludewig u. Partner GmbH
Nr. 11 Kapitalrücklage; 4.39 ;2015/2016;PricewaterhouseCoopers Aktiengesellschaft Wirtschaftsprüfungsgesellschaft;Jahresabschluss;Prof. Dr. Ludewig u. Partner GmbH
Die Kapitalrücklage setzt sich wie folgt zusammen:; 4.39 ;2015/2016;PricewaterhouseCoopers Aktiengesellschaft Wirtschaftsprüfungsgesellschaft;Jahresabschluss;Prof. Dr. Ludewig u. Partner GmbH
"Vorjahr
T€
1. Kapitalrücklage gemäß § 272 Abs. 2 Nr. 1 HGB 12.728.459 12.728
2. Kapitalrücklage gemäß § 272 Abs. 2 Nr. 4 HGB 38.485.000 38.485
3. Kapitalrücklage gemäß § 237 Abs. 5 AktG 2.786.541 2.787
54.000.000 54.000"; 4.39 ;2015/2016;PricewaterhouseCoopers Aktiengesellschaft Wirtschaftsprüfungsgesellschaft;Jahresabschluss;Prof. Dr. Ludewig u. Partner GmbH
Nr. 12 Rückstellungen; 4.47 ;2015/2016;PricewaterhouseCoopers Aktiengesellschaft Wirtschaftsprüfungsgesellschaft;Jahresabschluss;Prof. Dr. Ludewig u. Partner GmbH
"Vorjahr
T€
1. Rückstellungen für Pensionen und ähnliche Verpflichtungen 1.738.537.965 1.695.401
abzüglich Ansprüche auf Erfüllungsübernahme für Pensionen 1.229.065.480 1.199.510
509.472.485 495.891
2. Steuerrückstellungen 1.865.724 0
3. Sonstige Rückstellungen 419.865.882 398.157
931.204.091 894.048"; 4.47 ;2015/2016;PricewaterhouseCoopers Aktiengesellschaft Wirtschaftsprüfungsgesellschaft;Jahresabschluss;Prof. Dr. Ludewig u. Partner GmbH
"Die Rückstellungen für Pensionen und ähnliche Verpflichtungen betreffen Versorgungsansprüche der aktiven und ehemaligen
Mitarbeiterinnen und Mitarbeiter. In dem Gesamtbetrag für Pensionsverpflichtungen sind auch Verpflichtungen aus freiwilliger
Zusatzversorgung enthalten."; 4.48 ;2015/2016;PricewaterhouseCoopers Aktiengesellschaft Wirtschaftsprüfungsgesellschaft;Jahresabschluss;Prof. Dr. Ludewig u. Partner GmbH
"Zur Absicherung von Versorgungsansprüchen ist Vermögen an die PPG Partnerpensions-gesellschaft mbH (PPG) und an die MPG
Mitarbeiterpensionsgesellschaft mbH (MPG) übertragen worden. Das Vermögen der PPG ist an die Versorgungsberechtigten
verpfändet. Die Freistellungsansprüche sind von den Verpflichtungen offen abgesetzt worden."; 4.48, 44 ;2015/2016;PricewaterhouseCoopers Aktiengesellschaft Wirtschaftsprüfungsgesellschaft;Jahresabschluss;Prof. Dr. Ludewig u. Partner GmbH
Der Unterschiedsbetrag nach § 253 Abs. 6 Satz 1 HGB in Höhe von 159,7 Mio. € ist ausschüttungsgesperrt.; 4.48, 42 ;2015/2016;PricewaterhouseCoopers Aktiengesellschaft Wirtschaftsprüfungsgesellschaft;Jahresabschluss;Prof. Dr. Ludewig u. Partner GmbH
"Die sonstigen Rückstellungen bestehen überwiegend für Ansprüche unserer Mitarbeiterinnen und Mitarbeiter (Gratifikationen, Boni,
Urlaub, Abfindungen, Jahresarbeitszeitguthaben, Aufstockungsbeträge zur Altersteilzeit und Dienstjubiläen), außerdem für
ausstehende Eingangsrechnungen, Verpflichtungen aus Mietverträgen und geschäftliche Risiken."; 4.50, 47 ;2015/2016;PricewaterhouseCoopers Aktiengesellschaft Wirtschaftsprüfungsgesellschaft;Jahresabschluss;Prof. Dr. Ludewig u. Partner GmbH
Nr. 13 Verbindlichkeiten; 4.51 ;2015/2016;PricewaterhouseCoopers Aktiengesellschaft Wirtschaftsprüfungsgesellschaft;Jahresabschluss;Prof. Dr. Ludewig u. Partner GmbH
"Vorjahr
T€
1. Verbindlichkeiten aus Lieferungen und Leistungen 39.655.587 37.915
(sämtlich mit einer Restlaufzeit bis zu einem Jahr)
2. Verbindlichkeiten gegenüber verbundenen Unternehmen 39.110.624 24.399
(sämtlich mit einer Restlaufzeit bis zu einem Jahr)
3. Sonstige Verbindlichkeiten 61.463.178 55.444
davon aus Steuern 52.201.933 € (Vorjahr 43.452 T€)
davon im Rahmen der sozialen Sicherheit 2.279.478 € (Vorjahr 2.095 T€)
140.229.389 117.758"; 4.51, 49, 50 ;2015/2016;PricewaterhouseCoopers Aktiengesellschaft Wirtschaftsprüfungsgesellschaft;Jahresabschluss;Prof. Dr. Ludewig u. Partner GmbH
"Die Verbindlichkeiten gegenüber verbundenen Unternehmen betreffen im Wesentlichen eine Darlehensverbindlichkeit gegenüber der
PwC Europe in Höhe von 26,2 Mio. € und resultieren im Übrigen aus Leistungen."; 4.58, 6 ;2015/2016;PricewaterhouseCoopers Aktiengesellschaft Wirtschaftsprüfungsgesellschaft;Jahresabschluss;Prof. Dr. Ludewig u. Partner GmbH
"Die sonstigen Verbindlichkeiten beinhalten überwiegend Verbindlichkeiten aus Umsatz- und Lohnsteuer. Von den sonstigen
Verbindlichkeiten haben 61.363.178 € eine Restlaufzeit von bis zu einem Jahr und 100.000 € eine Restlaufzeit von mehr als einem
Jahr und bis zu fünf Jahren."; 4.60, 49, 50 ;2015/2016;PricewaterhouseCoopers Aktiengesellschaft Wirtschaftsprüfungsgesellschaft;Jahresabschluss;Prof. Dr. Ludewig u. Partner GmbH
"Im Vorjahr hatten alle Verbindlichkeiten eine Restlaufzeit bis zu einem Jahr, außer sonstige Verbindlichkeiten in Höhe von 1.898.496
€, die eine Restlaufzeit von mehr als einem Jahr und bis zu fünf Jahren aufwiesen."; 4.51 ;2015/2016;PricewaterhouseCoopers Aktiengesellschaft Wirtschaftsprüfungsgesellschaft;Jahresabschluss;Prof. Dr. Ludewig u. Partner GmbH
Nr. 1 4 Treuhandvermögen;;2015/2016;PricewaterhouseCoopers Aktiengesellschaft Wirtschaftsprüfungsgesellschaft;Jahresabschluss;Prof. Dr. Ludewig u. Partner GmbH
"Das Treuhandvermögen setzt sich aus treuhänderisch verwalteten Grundpfandrechten, sicherungsübereigneten Sachen und
Bankguthaben zusammen; ihm stehen gleich hohe Herausgabeverpflichtungen gegenüber.";;2015/2016;PricewaterhouseCoopers Aktiengesellschaft Wirtschaftsprüfungsgesellschaft;Jahresabschluss;Prof. Dr. Ludewig u. Partner GmbH
Nr. 1 5 Umsatzerlöse; 4.66 ;2015/2016;PricewaterhouseCoopers Aktiengesellschaft Wirtschaftsprüfungsgesellschaft;Jahresabschluss;Prof. Dr. Ludewig u. Partner GmbH
"Die Umsatzerlöse stammen sämtlich aus den für eine Wirtschaftsprüfungsgesellschaft zugelassenen Tätigkeitsbereichen und schließen
auch die weiterberechneten Reisekosten mit ein. Die ganz überwiegend im Inland erzielten Umsatzerlöse gliedern sich wie folgt:"; 4.66, 58 ;2015/2016;PricewaterhouseCoopers Aktiengesellschaft Wirtschaftsprüfungsgesellschaft;Jahresabschluss;Prof. Dr. Ludewig u. Partner GmbH
"Vorjahr
T€
1. Assurance 736.199.288 681.060
2. Tax 515.191.181 501.985
3. Advisory 526.785.726 445.281
1.778.176.195 1.628.326"; 4.66, 58 ;2015/2016;PricewaterhouseCoopers Aktiengesellschaft Wirtschaftsprüfungsgesellschaft;Jahresabschluss;Prof. Dr. Ludewig u. Partner GmbH
Nr. 1 6 Sonstige betriebliche Erträge; 4.69 ;2015/2016;PricewaterhouseCoopers Aktiengesellschaft Wirtschaftsprüfungsgesellschaft;Jahresabschluss;Prof. Dr. Ludewig u. Partner GmbH
"Die sonstigen betrieblichen Erträge enthalten im Wesentlichen Erträge aus Kostenerstattungen und periodenfremde Erträge aus der
Auflösung von Rückstellungen. Erträge aus der Währungsumrechnung sind in Höhe von 2,1 Mio. € enthalten."; 4.69, 65, 67 ;2015/2016;PricewaterhouseCoopers Aktiengesellschaft Wirtschaftsprüfungsgesellschaft;Jahresabschluss;Prof. Dr. Ludewig u. Partner GmbH
Nr. 1 7 Personalaufwand; 4.73 ;2015/2016;PricewaterhouseCoopers Aktiengesellschaft Wirtschaftsprüfungsgesellschaft;Jahresabschluss;Prof. Dr. Ludewig u. Partner GmbH
"Vorjahr
T€
1. Löhne und Gehälter 952.541.478 915.350
2. Honorare an freie Mitarbeiter 22.229.426 20.035
3. Soziale Abgaben und Aufwendungen für Unterstützung 101.708.318 97.233
4. Aufwendungen für die Altersversorgung 38.315.367 148.935
1.114.794.589 1.181.553"; 4.73 ;2015/2016;PricewaterhouseCoopers Aktiengesellschaft Wirtschaftsprüfungsgesellschaft;Jahresabschluss;Prof. Dr. Ludewig u. Partner GmbH
"Die Aufwendungen für die Altersversorgung enthalten die Zuführungen zu den Pensionsrückstellungen (ohne den Zinsanteil). Darin
sind Aufwendungen in Zusammenhang mit der Verminderung des Rechnungszinses von 4,21 % auf 4,17 % in Höhe von 9,1 Mio. €
enthalten. Im Vorjahr waren Aufwendungen aus der Verminderung des Rechnungszinses von 4,76 % auf 4,21 % in Höhe von 123,6
Mio. € entstanden."; 4.73 ;2015/2016;PricewaterhouseCoopers Aktiengesellschaft Wirtschaftsprüfungsgesellschaft;Jahresabschluss;Prof. Dr. Ludewig u. Partner GmbH
"Die Gesamtbezüge des Vorstands für das Geschäftsjahr belaufen sich auf 17.273.783 €. Frühere Mitglieder des Vorstands haben
Zahlungen in Höhe von 1.184.429 € erhalten; die für diesen Personenkreis gebildeten Pensionsrückstellungen belaufen sich zum
Stichtag auf 117,4 Mio. €. Für die Mitglieder des Aufsichtsrats sind Vergütungen in Höhe von 0,4 Mio. € für das Geschäftsjahr
vorgesehen."; 4.73, 103, 111 ;2015/2016;PricewaterhouseCoopers Aktiengesellschaft Wirtschaftsprüfungsgesellschaft;Jahresabschluss;Prof. Dr. Ludewig u. Partner GmbH
Durchschnittlich waren im Geschäftsjahr - ohne Vorstandsmitglieder - beschäftigt:; 4.73, 80 ;2015/2016;PricewaterhouseCoopers Aktiengesellschaft Wirtschaftsprüfungsgesellschaft;Jahresabschluss;Prof. Dr. Ludewig u. Partner GmbH
"Personen Vorjahr Personen
Wirtschaftsprüfer, Steuerberater und Rechtsanwälte 2.465 2.622
Andere Fachkräfte 5.852 5.425
Büro- und Verwaltungspersonal 1.380 1.404
9.697 9.451"; 4.73, 80 ;2015/2016;PricewaterhouseCoopers Aktiengesellschaft Wirtschaftsprüfungsgesellschaft;Jahresabschluss;Prof. Dr. Ludewig u. Partner GmbH
Am 30. Juni 2016 betrug die Gesamtzahl der Mitarbeiter 9.666.; 4.73, 80 ;2015/2016;PricewaterhouseCoopers Aktiengesellschaft Wirtschaftsprüfungsgesellschaft;Jahresabschluss;Prof. Dr. Ludewig u. Partner GmbH
Nr. 1 8 Sonstige betriebliche Aufwendungen; 4.80 ;2015/2016;PricewaterhouseCoopers Aktiengesellschaft Wirtschaftsprüfungsgesellschaft;Jahresabschluss;Prof. Dr. Ludewig u. Partner GmbH
"Die sonstigen betrieblichen Aufwendungen enthalten alle übrigen Aufwendungen des laufenden Geschäftsbetriebs, insbesondere die
überwiegend weiterbelasteten Aufenthalts- und Reisespesen des Fachpersonals, die Raumkosten, den Aufwand für den Bürobetrieb
einschließlich der Kosten und Lizenzgebühren für IT-Systeme, die Umlagen des internationalen PwC-Netzwerks, Versicherungsprämien
und die Kosten der beruflichen Qualifizierung unserer Mitarbeiterinnen und Mitarbeiter. Die Aufwendungen für den Prüfer des
Abschlusses betragen 280 T€ und betreffen Abschlussprüfungsleistungen. Aufwendungen aus der Währungsumrechnung sind in Höhe
von 1,7 Mio. € angefallen."; 4.80, 67, 89 ;2015/2016;PricewaterhouseCoopers Aktiengesellschaft Wirtschaftsprüfungsgesellschaft;Jahresabschluss;Prof. Dr. Ludewig u. Partner GmbH
Nr. 19 Beteiligungsergebnis; 4.81 ;2015/2016;PricewaterhouseCoopers Aktiengesellschaft Wirtschaftsprüfungsgesellschaft;Jahresabschluss;Prof. Dr. Ludewig u. Partner GmbH
"Vorjahr
T€
1. Erträge aus Gewinnabführungsverträgen 1.718.058 2.307
2. Erträge aus Beteiligungen an verbundenen Unternehmen 3.909.924 1.270
3. Erträge aus sonstigen Beteiligungen 230.069 209
4. Aufwendungen aus Verlustübernahme - 12.490.499 - 2
-6.632.448 3.784"; 4.81 ;2015/2016;PricewaterhouseCoopers Aktiengesellschaft Wirtschaftsprüfungsgesellschaft;Jahresabschluss;Prof. Dr. Ludewig u. Partner GmbH
Nr. 20 Finanzergebnis; 4.83, 4.84, 4.85, 4.86, 4.87, 4.88, 4.89 ;2015/2016;PricewaterhouseCoopers Aktiengesellschaft Wirtschaftsprüfungsgesellschaft;Jahresabschluss;Prof. Dr. Ludewig u. Partner GmbH
"Vorjahr
T€
1. Erträge aus anderen Wertpapieren und Ausleihungen des Finanzanlagevermögens 1.537.556 651
davon aus verbundenen Unternehmen 526.308 € (Vorjahr 102 T€)
2. Sonstige Zinsen und ähnliche Erträge 28.308.029 37.940
davon aus verbundenen Unternehmen 31.867 € (Vorjahr 23 T€)
3. Abschreibungen auf Finanzanlagen und auf Wertpapiere des Umlaufvermögens - 0 - 2.708
4. Zinsen und ähnliche Aufwendungen - 72.669.980 - 75.152
davon an verbundene Unternehmen 1.227.111 € (Vorjahr 892 T€)
- 42.824.395 - 39.269"; 4.83, 4.84, 4.85, 4.86, 4.87, 4.88, 4.89 ;2015/2016;PricewaterhouseCoopers Aktiengesellschaft Wirtschaftsprüfungsgesellschaft;Jahresabschluss;Prof. Dr. Ludewig u. Partner GmbH
"Die Zinsen und ähnlichen Aufwendungen betreffen mit 70,0 Mio. € die Aufzinsung der Pensionsrückstellungen und mit 0,7 Mio. € die
Aufzinsung der sonstigen Rückstellungen."; 4.88 ;2015/2016;PricewaterhouseCoopers Aktiengesellschaft Wirtschaftsprüfungsgesellschaft;Jahresabschluss;Prof. Dr. Ludewig u. Partner GmbH
Nr. 21 Ergebnis der gewöhnlichen Geschäftstätigkeit;;2015/2016;PricewaterhouseCoopers Aktiengesellschaft Wirtschaftsprüfungsgesellschaft;Jahresabschluss;Prof. Dr. Ludewig u. Partner GmbH
"Die aperiodischen Aufwendungen und Erträge ergeben einen positiven Saldo von 12,7 Mio. €. Die aperiodischen Erträge entfallen
insbesondere auf die Auflösung von Rückstellungen. Der Aufwand für Steuern und der Ertrag aus der Veränderung der aktiven
latenten Steuern sind dem Ergebnis der gewöhnlichen Geschäftstätigkeit zugeordnet.";;2015/2016;PricewaterhouseCoopers Aktiengesellschaft Wirtschaftsprüfungsgesellschaft;Jahresabschluss;Prof. Dr. Ludewig u. Partner GmbH
Nr. 22 Steuern; 4.90 ;2015/2016;PricewaterhouseCoopers Aktiengesellschaft Wirtschaftsprüfungsgesellschaft;Jahresabschluss;Prof. Dr. Ludewig u. Partner GmbH
"Vorjahr
T€
Steuern vom Einkommen und vom Ertrag 22.175.384 131.455
davon Ertrag aus der Veränderung der aktiven latenten Steuer 38.277.602 € (Vorjahr
144.181 T€)
Sonstige Steuern - 111.897 - 781
22.063.487 130.674"; 4.90, 69 ;2015/2016;PricewaterhouseCoopers Aktiengesellschaft Wirtschaftsprüfungsgesellschaft;Jahresabschluss;Prof. Dr. Ludewig u. Partner GmbH
3. Weitere Anhangangaben;;2015/2016;PricewaterhouseCoopers Aktiengesellschaft Wirtschaftsprüfungsgesellschaft;Jahresabschluss;Prof. Dr. Ludewig u. Partner GmbH
Haftungsverhältnisse;;2015/2016;PricewaterhouseCoopers Aktiengesellschaft Wirtschaftsprüfungsgesellschaft;Jahresabschluss;Prof. Dr. Ludewig u. Partner GmbH
"Haftungsverbindlichkeiten aus Gewährleistungsverträgen bestehen gegenüber Gesellschaften des internationalen PwC-Netzwerks in
Höhe von 24,0 Mio. €. Darüber hinaus hat die PwC im Rahmen des Erwerbs der PwC Strategy& (Germany) GmbH
gesamtschuldnerisch eine Haftungsverbindlichkeit aus Gewährleistungsverträgen in Höhe von 220,0 Mio. € übernommen. Nach
Berücksichtigung der vorhandenen Rückgriffsansprüche im Innenverhältnis entfallen von dieser Haftungsverbindlichkeit 15,6 Mio. €
auf die PwC. Die Haftungsverbindlichkeiten waren nicht zu passivieren, da die Gesellschaften über ausreichende eigene Mittel verfügen
und ihre Verpflichtungen selbst erfüllen können."; 54, 55 ;2015/2016;PricewaterhouseCoopers Aktiengesellschaft Wirtschaftsprüfungsgesellschaft;Jahresabschluss;Prof. Dr. Ludewig u. Partner GmbH
"Daneben bestehen Haftungsverbindlichkeiten gegenüber Dritten aus Bürgschaften in Höhe von 56 T€ und aus
Gewährleistungsverträgen in Höhe von 200 T€.";54;2015/2016;PricewaterhouseCoopers Aktiengesellschaft Wirtschaftsprüfungsgesellschaft;Jahresabschluss;Prof. Dr. Ludewig u. Partner GmbH
"Die PwC hat im Berichtsjahr einen Beherrschungs- und Gewinnabführungsvertrag mit der PwC Strategy& (Germany) GmbH
abgeschlossen. Die Ergebnisabführungsvereinbarung gilt seit dem 1. Juli 2015.";;2015/2016;PricewaterhouseCoopers Aktiengesellschaft Wirtschaftsprüfungsgesellschaft;Jahresabschluss;Prof. Dr. Ludewig u. Partner GmbH
Sonstige finanzielle Verpflichtungen;83;2015/2016;PricewaterhouseCoopers Aktiengesellschaft Wirtschaftsprüfungsgesellschaft;Jahresabschluss;Prof. Dr. Ludewig u. Partner GmbH
Die sonstigen finanziellen Verpflichtungen, die nicht in der Bilanz enthalten sind, gliedern sich zum Bilanzstichtag wie folgt:;83;2015/2016;PricewaterhouseCoopers Aktiengesellschaft Wirtschaftsprüfungsgesellschaft;Jahresabschluss;Prof. Dr. Ludewig u. Partner GmbH
Verpflichtungen aus Miet- und Leasing-Verträgen;83;2015/2016;PricewaterhouseCoopers Aktiengesellschaft Wirtschaftsprüfungsgesellschaft;Jahresabschluss;Prof. Dr. Ludewig u. Partner GmbH
"T€
fällig 01.07.2016 bis 30.06.2017 59.674
fällig 01.07.2017 bis 30.06.2021 219.852
fällig nach dem 01.07.2021 296.031";83;2015/2016;PricewaterhouseCoopers Aktiengesellschaft Wirtschaftsprüfungsgesellschaft;Jahresabschluss;Prof. Dr. Ludewig u. Partner GmbH
III. Vorschlag für die Verwendung des Bilanzgewinns;84;2015/2016;PricewaterhouseCoopers Aktiengesellschaft Wirtschaftsprüfungsgesellschaft;Jahresabschluss;Prof. Dr. Ludewig u. Partner GmbH
"Der Jahresabschluss zum 30. Juni 2016 weist einen Bilanzgewinn von 133.191.837 € aus. Wir schlagen vor, diesen Betrag auf neue
Rechnung vorzutragen.";84;2015/2016;PricewaterhouseCoopers Aktiengesellschaft Wirtschaftsprüfungsgesellschaft;Jahresabschluss;Prof. Dr. Ludewig u. Partner GmbH
Frankfurt am Main, den 15. August 2016;;2015/2016;PricewaterhouseCoopers Aktiengesellschaft Wirtschaftsprüfungsgesellschaft;Jahresabschluss;Prof. Dr. Ludewig u. Partner GmbH
"DER VORSTAND
Prof. Dr. Winkeljohann
Dr. Bartels
Burghardt
Dr. Gushurst
Justenhoven
Kayser
Möller
Raspels
Scholich";;2015/2016;PricewaterhouseCoopers Aktiengesellschaft Wirtschaftsprüfungsgesellschaft;Jahresabschluss;Prof. Dr. Ludewig u. Partner GmbH
MITGLIEDER DES AUFSICHTSRATS;102;2015/2016;PricewaterhouseCoopers Aktiengesellschaft Wirtschaftsprüfungsgesellschaft;Jahresabschluss;Prof. Dr. Ludewig u. Partner GmbH
"Dr. Norbert Vogelpoth Wirtschaftsprüfer und Steuerberater
Wirtschaftsprüfer in eigener Praxis Erkrath Vorsitzender
Ute Hanf Wirtschaftsprüferin und Steuerberaterin Prokuristin der
PricewaterhouseCoopers AG Frankfurt am Main
Frank Brebeck (bis 23. Juni 2016) Wirtschaftsprüfer und
Steuerberater Wirtschaftsprüfer in eigener Praxis Dormagen
Stellvertretender Vorsitzender
Prof. Dr.-Ing. Alexandra Kees Professorin an der Hochschule
Bonn-Rhein-Sieg Köln (seit 28. Juli 2016)
Michael Lederer Diplom-Wirtschaftsingenieur Mitarbeiter der
PricewaterhouseCoopers AG Kelkheim Stellvertretender
Vorsitzender
Susanne Michalowsky Wirtschaftsprüferin Wirtschaftsprüferin in
eigener Praxis Wiesbaden
Mechthild Bayer Fachbereichsleiterin Vereinte
Dienstleistungsgewerkschaft ver.di – Bundesverwaltung
Karlsruhe
Prof. Dr. Andreas Schlüter Generalsekretär des Stifterverbandes
für die Deutsche Wissenschaft e. V. Gütersloh
Prof. Dr. Hans-Joachim Böcking Universitätsprofessor für
Betriebs- wirtschaftslehre an der Johann Wolfgang Goethe-
Universität Frankfurt Heusenstamm
Rolf-Martin Schwandt Steuerberater Prokurist der
PricewaterhouseCoopers AG Berlin
Dr. Reinhard Dorn Rechtsanwalt Mitarbeiter der
PricewaterhouseCoopers AG Grünwald
Wolfgang Uellenberg Diplom-Betriebswirt Prokurist der
PricewaterhouseCoopers AG Düsseldorf
Dr. Hans Friedrich Gelhausen Wirtschaftsprüfer und
Rechtsanwalt Wirtschaftsprüfer in eigener Praxis Königstein";102;2015/2016;PricewaterhouseCoopers Aktiengesellschaft Wirtschaftsprüfungsgesellschaft;Jahresabschluss;Prof. Dr. Ludewig u. Partner GmbH
MITGLIEDER DES VORSTANDS;102;2015/2016;PricewaterhouseCoopers Aktiengesellschaft Wirtschaftsprüfungsgesellschaft;Jahresabschluss;Prof. Dr. Ludewig u. Partner GmbH
"Prof. Dr. Norbert Winkeljohann Wirtschaftsprüfer und
Steuerberater Frankfurt am Main Sprecher
Harald Kayser Wirtschaftsprüfer und Steuerberater Hannover
Dr. Peter Bartels Wirtschaftsprüfer und Steuerberater Düsseldorf Marius Möller Steuerberater Stuttgart
Markus Burghardt Wirtschaftsprüfer, Steuerberater und Certified
Public Accountant Frankfurt am Main
Petra Raspels Steuerberaterin Düsseldorf
Dr. Klaus-Peter Gushurst Unternehmensberater München (seit
16. Februar 2016)
Martin Scholich Wirtschaftsprüfer und Steuerberater Frankfurt
am Main
Petra Justenhoven Wirtschaftsprüferin und Steuerberaterin
München";102;2015/2016;PricewaterhouseCoopers Aktiengesellschaft Wirtschaftsprüfungsgesellschaft;Jahresabschluss;Prof. Dr. Ludewig u. Partner GmbH
