Konzernanhang für das Geschäftsjahr 2016; Annotierung (Angabe Nummer in Anahngscheckliste) ;Geschäftsjahr;Gesellschaft;Abschlussart;Prüfer
der BCA AG;;2016;AG;Konzernabschluss;Dohm Schmidt Janka Revision und Treuhand AG WPG
Inhalt;;2016;AG;Konzernabschluss;Dohm Schmidt Janka Revision und Treuhand AG WPG
"1. Allgemeine Angaben
2. Konsolidierungskreis
3. Konsolidierungsgrundsätze
4. Währungsumrechnung
5. Bilanzierungs- und Bewertungsgrundsätze
5.1. Allgemeines
5.2. Immaterielle Vermögensgegenstände
5.3. Sachanlagen
5.4. Finanzanlagen
5.5. Waren
5.6. Forderungen und sonstige Vermögensgegenstände
5.7. Wertpapiere des Umlaufvermögens
5.8. Flüssige Mittel
5.9. Aktiver Unterschiedsbetrag aus der Vermögensverrechnung
5.10. Eigenkapital
5.11. Ausschüttungssperre
5.12. Rückstellungen
5.13. Verbindlichkeiten
5.14. Einheitliche Bewertung im Konzern
5.15. Latente Steuern im Konzern
6. Angaben zur Bilanz
6.1. Anlagevermögen
6.2. Anteilsbesitz gemäß § 313 Abs. 2 Nr. 4 HGB
6.3. Assoziierte Unternehmen
6.4. Ausleihungen an assoziierte Unternehmen und sonstige Ausleihungen
6.5. Forderungen aus Lieferungen und Leistungen
6.6. Sonstige Vermögensgegenstände und aktiver Unterschiedsbetrag aus der Vermögensverrechnung
6.7. Eigenkapital
6.8. Steuerrückstellungen
6.9. Sonstige Rückstellungen
6.10. Verbindlichkeiten
7. Angaben zur Gewinn- und Verlustrechnung
7.1. Umsatzerlöse
7.2. Sonstige betriebliche Erträge
7.3. Materialaufwand
7.4. Sonstige betriebliche Aufwendungen
7.5. Ergebnis aus assoziierten Unternehmen
7.6. Steuern vom Einkommen und vom Ertrag
7.7. Konzernbilanzverlust
8. Sonstige Angaben
8.1. Angaben zur Kapitalflussrechnung
8.2. Langfristige sonstige finanzielle Verpflichtungen
8.3. Gesamthonorar des Abschlussprüfers
8.4. Arbeitnehmer und Prokura
8.5. Mitteilung nach § 20 Abs. 6 AktG
8.6. Vorstand und Vertretungsbefugnis
8.7. Aufsichtsrat
8.8. Ergebnisverwendungsvorschlag des Mutterunternehmens
8.9. Nachtragsbericht";;2016;AG;Konzernabschluss;Dohm Schmidt Janka Revision und Treuhand AG WPG
1. Allgemeine Angaben;;2016;AG;Konzernabschluss;Dohm Schmidt Janka Revision und Treuhand AG WPG
Das Mutterunternehmen wird unter der Firma BCA AG, Oberursel, bei dem Amtsgericht Bad Homburg v.d. Höhe unter der Registernummer HRB 6611 geführt.; 88 ;2016;AG;Konzernabschluss;Dohm Schmidt Janka Revision und Treuhand AG WPG
"Der BCA-Konzernabschluss für das Geschäftsjahr 2016 wird nach den Vorschriften des Handelsgesetzbuches (HGB) und des Aktiengesetzes (AktG) aufgestellt. Die Neuregelungen des Bilanzrichtlinie-Umsetzungsgesetzes
(BilRUG) wurden für das Geschäftsjahr 2016 erstmalig angewendet und werden umfassend beachtet."; 2, 9.0 ;2016;AG;Konzernabschluss;Dohm Schmidt Janka Revision und Treuhand AG WPG
"Die Gliederung der Bilanz erfolgt gemäß § 266 Abs. 2 und 3 HGB; für die Gewinn- und Verlustrechnung wird das Gesamtkostenverfahren gemäß § 275 Abs. 2 HGB angewandt."; 9.0 ;2016;AG;Konzernabschluss;Dohm Schmidt Janka Revision und Treuhand AG WPG
Die BCA AG stellt den Konzernabschluss freiwillig auf, da sie die Größenmerkmale nach § 293 Abs. 1 HGB unterschritten hat und daher von der Aufstellung eines Konzernabschlusses befreit ist.;;2016;AG;Konzernabschluss;Dohm Schmidt Janka Revision und Treuhand AG WPG
2. Konsolidierungskreis;;2016;AG;Konzernabschluss;Dohm Schmidt Janka Revision und Treuhand AG WPG
"In den Konzernabschluss sind neben der BCA AG (Mutterunternehmen) vier inländische Unternehmen, an denen der BCA AG unmittelbar und mittelbar die Mehrheit der Stimmrechte zusteht bzw. im Geschäftsjahr
zustand, einbezogen.";;2016;AG;Konzernabschluss;Dohm Schmidt Janka Revision und Treuhand AG WPG
Daneben bestehen zwei Beteiligungen an assoziierten Unternehmen, die mittels Equity-Methode in den Konzernabschluss einbezogen wurden.;;2016;AG;Konzernabschluss;Dohm Schmidt Janka Revision und Treuhand AG WPG
Die Anteilsbesitzliste zum 31. Dezember 2016 ist in Anlage 1 zum Anhang dargestellt. Änderungen im Konsolidierungskreis haben sich im Jahr 2016 nicht ergeben.;;2016;AG;Konzernabschluss;Dohm Schmidt Janka Revision und Treuhand AG WPG
3. Konsolidierungsgrundsätze;;2016;AG;Konzernabschluss;Dohm Schmidt Janka Revision und Treuhand AG WPG
"Die Jahresabschlüsse der in den Konsolidierungskreis einbezogenen Unternehmen werden nach einheitlichen Bilanzierungs- und Bewertungsmethoden aufgestellt. Sie werden alle auf den Stichtag des Konzernabschlusses
aufgestellt."; 9.0 ;2016;AG;Konzernabschluss;Dohm Schmidt Janka Revision und Treuhand AG WPG
"Die Kapitalkonsolidierung für die Tochterunternehmen erfolgte wie in den Vorjahren grundsätzlich nach der Buchwertmethode durch die Verrechnung der Anschaffungskosten mit dem anteiligen Eigenkapital
zum Zeitpunkt der erstmaligen Einbeziehung des Tochterunternehmens in den Konzernabschluss."; 9.0 ;2016;AG;Konzernabschluss;Dohm Schmidt Janka Revision und Treuhand AG WPG
Sind die Anschaffungskosten höher als das anteilige Eigenkapital, wird der Unterschiedsbetrag aus der Kapitalkonsolidierung als Geschäfts- oder Firmenwert erfasst.; 9.0 ;2016;AG;Konzernabschluss;Dohm Schmidt Janka Revision und Treuhand AG WPG
"Die in den Vorjahren zur Kapitalkonsolidierung verwendete Buchwertmethode wurde im Berichtsjahr im Sinne von Art. 66 Abs. 3 Satz 4 EGHGB i.V.m. § 301 Abs. 1 Satz 2 HGB für bereits vor dem 1. Januar
2010 bestehende Erwerbsvorgänge beibehalten."; 9.0 ;2016;AG;Konzernabschluss;Dohm Schmidt Janka Revision und Treuhand AG WPG
"Änderungen des Geschäfts- oder Firmenwertes aus Konsolidierungsmaßnahmen haben sich im Geschäftsjahr 2016 nicht ergeben, da der Geschäfts- oder Firmenwert bereits zum Ende des vorigen Geschäftsjahres
vollständig abgeschrieben war."; 97 ;2016;AG;Konzernabschluss;Dohm Schmidt Janka Revision und Treuhand AG WPG
Anteile konzernfremder Dritter am Eigenkapital der konsolidierten Unternehmen bestanden im Berichtsjahr nicht. Forderungen und Verbindlichkeiten zwischen den konsolidierten Gesellschaften wurden aufgerechnet.; 9.0 ;2016;AG;Konzernabschluss;Dohm Schmidt Janka Revision und Treuhand AG WPG
"Konzerninterne Umsatzerlöse und andere konzerninterne Erträge sowie entsprechende Aufwendungen sind eliminiert worden. Steuerabgrenzungen für erfolgswirksame Konsolidierungsmaßnahmen, die zu zeitlichen
Differenzen führen, waren nicht vorzunehmen."; 9.0 ;2016;AG;Konzernabschluss;Dohm Schmidt Janka Revision und Treuhand AG WPG
"Die FiBO GmbH, Bayreuth, an der die BCA AG seit dem Jahr 2009 eine Beteiligung von 50 % hält (entspricht auch dem Anteil der Stimmrechte), wurde als assoziiertes Unternehmen in den Konzernabschluss
einbezogen, d. h. die Beteiligung wurde zum Buchwert in dem Konzernabschluss berücksichtigt (Buchwertmethode). Aufgrund mangelnder Werthaltigkeit wurde die Beteiligung im Jahr 2013 ebenso wie der
noch bestehende Geschäfts- oder Firmenwert vollständig abgeschrieben. Im Dezember 2015 wurde die Liquidation der FiBO bekanntgegeben. Gemäß Eintragung im Handelsregister des Amtsgerichts Bayreuth
wurde die Gesellschaft am 4. Januar 2016 aufgelöst, ein Liquidator ist bestellt.";;2016;AG;Konzernabschluss;Dohm Schmidt Janka Revision und Treuhand AG WPG
"Ebenso wurde die im Oktober 2010 durch die BCA AG eingegangene Beteiligung von 25 % an der MehrWert GmbH, Bamberg, als assoziiertes Unternehmen nach der Buchwertmethode in den Konzernabschluss
einbezogen. Der Stimmrechtsanteil beträgt 25,0004 %. Ein Geschäfts- oder Firmenwert hat sich hierbei nicht ergeben. Der gemäß § 312 Abs. 4 HGB nach der Equity-Methode fortgeschriebene Wert beträgt zum
31. Dezember 2016 TEUR 98 (Vorjahr: TEUR 68).";;2016;AG;Konzernabschluss;Dohm Schmidt Janka Revision und Treuhand AG WPG
"Eine Anpassung der Bewertungsmethoden der assoziierten Unternehmen zum Konzernabschluss wurde gemäß § 312 Abs. 5 HGB nicht vorgenommen, da keine wesentlichen Unterschiede bei der Bewertung
bestehen.";;2016;AG;Konzernabschluss;Dohm Schmidt Janka Revision und Treuhand AG WPG
4. Währungsumrechnung;;2016;AG;Konzernabschluss;Dohm Schmidt Janka Revision und Treuhand AG WPG
Der Jahresabschluss des Mutterunternehmens wie auch die Jahresabschlüsse der in den Konzernabschluss einbezogenen Tochtergesellschaften sind alle in EUR aufgestellt.; 9.0 ;2016;AG;Konzernabschluss;Dohm Schmidt Janka Revision und Treuhand AG WPG
5. Bilanzierungs- und Bewertungsgrundsätze;;2016;AG;Konzernabschluss;Dohm Schmidt Janka Revision und Treuhand AG WPG
5.1. Allgemeines;;2016;AG;Konzernabschluss;Dohm Schmidt Janka Revision und Treuhand AG WPG
"Die Abschlüsse der einzelnen Tochterunternehmen werden den gesetzlichen Vorschriften entsprechend einheitlich nach den bei der BCA AG geltenden Bilanzierungs- und Bewertungsgrundsätzen in den Konzernabschluss
einbezogen. Bestehende Abweichungen bei der Bemessung der Abschreibungen sowie der Bewertung der Forderungen sind von untergeordneter Bedeutung."; 9.0 ;2016;AG;Konzernabschluss;Dohm Schmidt Janka Revision und Treuhand AG WPG
5.2. Immaterielle Vermögensgegenstände; 9.2 ;2016;AG;Konzernabschluss;Dohm Schmidt Janka Revision und Treuhand AG WPG
Selbst geschaffene immaterielle Vermögensgegenstände wurden mit ihren Entwicklungskosten, gemindert um planmäßige Abschreibungen, angesetzt.; 9.2 ;2016;AG;Konzernabschluss;Dohm Schmidt Janka Revision und Treuhand AG WPG
Die entgeltlich erworbenen immateriellen Vermögensgegenstände werden mit ihren Anschaffungskosten und Anschaffungsnebenkosten, vermindert um planmäßige Abschreibungen, bewertet.; 9.2 ;2016;AG;Konzernabschluss;Dohm Schmidt Janka Revision und Treuhand AG WPG
"Anlageposten Abschreibungsmethode Nutzungsdauer
Geschäfts- oder Firmenwert linear 10 Jahre
Software linear 3 -10 Jahre"; 9.2, 14 ;2016;AG;Konzernabschluss;Dohm Schmidt Janka Revision und Treuhand AG WPG
Die Geschäfts- oder Firmenwerte der Tochtergesellschaften im Zeitpunkt der Erstkonsolidierung vor Firmenwertabschreibungen stellen sich wie folgt dar:;;2016;AG;Konzernabschluss;Dohm Schmidt Janka Revision und Treuhand AG WPG
"Geschäfts-/Firmenwerte bei Erstkonsolidierung TEUR
SDN AG (auf die BCA AG verschmolzen) 84
BfV Bank für Vermögen AG (vormals BCA Bank AG) 1
Carat Fonds Service AG 6.745";;2016;AG;Konzernabschluss;Dohm Schmidt Janka Revision und Treuhand AG WPG
Für die Geschäfts- oder Firmenwerte aus der Erstkonsolidierung wurden jeweils voraussichtliche Nutzungsdauern von 10 Jahren angesetzt und die Geschäfts- oder Firmenwerte über diese linear abgeschrieben.; 9.2 ;2016;AG;Konzernabschluss;Dohm Schmidt Janka Revision und Treuhand AG WPG
Zum Bilanzstichtag 31. Dezember 2016 besteht kein Geschäfts- oder Firmenwert aus Konsolidierungsmaßnahmen mehr, da dieser im vergangenen Geschäftsjahr vollständig abgeschrieben wurde.;;2016;AG;Konzernabschluss;Dohm Schmidt Janka Revision und Treuhand AG WPG
5.3. Sachanlagen; 9.7 ;2016;AG;Konzernabschluss;Dohm Schmidt Janka Revision und Treuhand AG WPG
Die Sachanlagen werden mit den Anschaffungskosten und Anschaffungsnebenkosten, vermindert um folgende planmäßige Abschreibungen, bewertet:; 9.7 ;2016;AG;Konzernabschluss;Dohm Schmidt Janka Revision und Treuhand AG WPG
"Anlageposten Abschreibungsmethode Nutzungsdauer
Andere Anlagen, Betriebs- und Geschäftsausstattung linear 4 - 13 Jahre"; 9.7 ;2016;AG;Konzernabschluss;Dohm Schmidt Janka Revision und Treuhand AG WPG
"Anlageposten Abschreibungsmethode Nutzungsdauer
Geringwertige Wirtschaftsgüter Sammelkonto gemäß § 6 Abs. 2a EStG linear 5 Jahre"; 9.7 ;2016;AG;Konzernabschluss;Dohm Schmidt Janka Revision und Treuhand AG WPG
Geringwertige Wirtschaftsgüter im Sinne von § 6 Abs. 2 EStG mit einem Wert von bis zu EUR 150 werden im Zugangsjahr in voller Höhe abgeschrieben.; 9.7 ;2016;AG;Konzernabschluss;Dohm Schmidt Janka Revision und Treuhand AG WPG
5.4. Finanzanlagen; 9.12 ;2016;AG;Konzernabschluss;Dohm Schmidt Janka Revision und Treuhand AG WPG
Für die beiden assoziierten Unternehmen wird der Equity-Wert um die anteilige Eigenkapitalveränderung der jeweiligen Gesellschaft fortgeschrieben.; 9.12 ;2016;AG;Konzernabschluss;Dohm Schmidt Janka Revision und Treuhand AG WPG
Die Wertpapiere des Anlagevermögens werden zu Anschaffungskosten ggf. zum niedrigeren Börsen- oder Marktwert bewertet.; 9.12 ;2016;AG;Konzernabschluss;Dohm Schmidt Janka Revision und Treuhand AG WPG
Die Ausleihungen des Anlagevermögens werden zu Anschaffungskosten bzw. mit dem niedrigeren beizulegenden Wert angesetzt.; 9.12 ;2016;AG;Konzernabschluss;Dohm Schmidt Janka Revision und Treuhand AG WPG
5.5. Waren; 9.23 ;2016;AG;Konzernabschluss;Dohm Schmidt Janka Revision und Treuhand AG WPG
Die zum Umlaufvermögen gehörenden Goldbestände wurden nach dem strengen Niederstwertprinzip bewertet.; 9.23 ;2016;AG;Konzernabschluss;Dohm Schmidt Janka Revision und Treuhand AG WPG
5.6. Forderungen und sonstige Vermögensgegenstände; 9.25 ;2016;AG;Konzernabschluss;Dohm Schmidt Janka Revision und Treuhand AG WPG
Forderungen und sonstige Vermögensgegenstände werden mit ihrem Nominalwert, ggf. mit dem niedrigeren beizulegenden Wert, angesetzt.; 9.25 ;2016;AG;Konzernabschluss;Dohm Schmidt Janka Revision und Treuhand AG WPG
"Die Forderungen aus Lieferungen und Leistungen sowie die sonstigen Vermögensgegenstände sind unter Berücksichtigung von Einzel- und Pauschalwertberichtigungen angesetzt, wobei Einzelwertberichtigungen
auch pauschaliert erfolgt sind."; 9.25 ;2016;AG;Konzernabschluss;Dohm Schmidt Janka Revision und Treuhand AG WPG
Deutsche Körperschaftssteueranrechnungsguthaben wurden zum Barwert aktiviert.; 9.25 ;2016;AG;Konzernabschluss;Dohm Schmidt Janka Revision und Treuhand AG WPG
5.7. Wertpapiere des Umlaufvermögens; 9.30 ;2016;AG;Konzernabschluss;Dohm Schmidt Janka Revision und Treuhand AG WPG
Die Wertpapiere wurden nach dem strengen Niederstwertprinzip, d. h. zu Anschaffungskosten, ggf. zum niedrigeren Börsen- oder Marktwert, bewertet.; 9.30 ;2016;AG;Konzernabschluss;Dohm Schmidt Janka Revision und Treuhand AG WPG
5.8. Flüssige Mittel; 9.33 ;2016;AG;Konzernabschluss;Dohm Schmidt Janka Revision und Treuhand AG WPG
Die flüssigen Mittel sind zum Nennwert aktiviert.; 9.33 ;2016;AG;Konzernabschluss;Dohm Schmidt Janka Revision und Treuhand AG WPG
5.9. Aktiver Unterschiedsbetrag aus der Vermögensverrechnung; 9.36 ;2016;AG;Konzernabschluss;Dohm Schmidt Janka Revision und Treuhand AG WPG
"Zum 31. Dezember 2016 wurde das den Pensionsverpflichtungen zugehörige Deckungsvermögen der Rückdeckungsversicherungen mit diesen verrechnet; der Restbetrag von TEUR 59 wird nach § 246 Abs. 2
HGB als aktiver Unterschiedsbetrag aus der Vermögensverrechnung ausgewiesen."; 9.36, 38 ;2016;AG;Konzernabschluss;Dohm Schmidt Janka Revision und Treuhand AG WPG
5.10. Eigenkapital; 9.37 ;2016;AG;Konzernabschluss;Dohm Schmidt Janka Revision und Treuhand AG WPG
Die Entwicklung des Konzern-Eigenkapitals ergibt sich aus dem Konzern-Eigenkapitalspiegel.; 9.37 ;2016;AG;Konzernabschluss;Dohm Schmidt Janka Revision und Treuhand AG WPG
5.11. Ausschüttungssperre;;2016;AG;Konzernabschluss;Dohm Schmidt Janka Revision und Treuhand AG WPG
Die selbst geschaffenen immateriellen Vermögensgegenstände in Höhe von TEUR 944 stammen aus den Jahren 2010 bis 2013 und unterliegen gemäß § 268 Abs. 8 Satz 1 HGB der Ausschüttungssperre.;;2016;AG;Konzernabschluss;Dohm Schmidt Janka Revision und Treuhand AG WPG
"Eine Angabe der bestehenden Ausschüttungssperre nach § 253 Abs. 6 Satz 2 HGB für Rückstellungen für Altersversorgungsverpflichtungen kann entfallen, da die Pensionszusagen auf den Rückdeckungswert
begrenzt sind und Zuführungen zu Pensionsrückstellungen zu Lasten des Konzerns derzeit nur in Form des anteiligen Fehlbetrags der Pensionsrückstellungen i.S.v. Artikel 67 Abs. 2 EGHGB erfolgen."; 35 ;2016;AG;Konzernabschluss;Dohm Schmidt Janka Revision und Treuhand AG WPG
5.12. Rückstellungen; 9.47 ;2016;AG;Konzernabschluss;Dohm Schmidt Janka Revision und Treuhand AG WPG
"Aufgrund der Kongruenz zwischen zugesagten und versicherten Leistungen ist der Wert der Pensionsverpflichtung mit der Summe der Aktivwerte abzüglich des unten erläuterten Fehlbetrages i.S.v. Artikel 67
Abs. 2 EGHGB angesetzt worden. Angaben zu den der Berechnung zugrunde gelegten Annahmen für Zinsen und erwartete Gehaltssteigerungen können aufgrund der Begrenzung der Pensionszusage auf den
Rückdeckungswert entfallen. Das Deckungsvermögen in Höhe von TEUR 216 wurde in Höhe von TEUR 157 mit den entsprechenden Rückstellungen verrechnet."; 9.47, 34, 37 ;2016;AG;Konzernabschluss;Dohm Schmidt Janka Revision und Treuhand AG WPG
Der sogenannte Fehlbetrag bei den Pensionsrückstellungen i.S.v. Artikel 67 Abs. 2 EGHGB beträgt somit 8/15 des o. g. Unterschiedsbetrages. Dies sind zum Bilanzstichtag TEUR 59 (Vorjahr: TEUR 66).; 9.47 ;2016;AG;Konzernabschluss;Dohm Schmidt Janka Revision und Treuhand AG WPG
Sonstige Rückstellungen sind nach vernünftiger kaufmännischer Beurteilung mit dem notwendigen Erfüllungsbetrag angesetzt worden. Rückstellungen mit einer Restlaufzeit von mehr als einem Jahr wurden mit dem durchschnittlichen Abzinsungssatz der letzten 7 Jahre unter Berücksichtigung der Restlaufzeit der einzelnen Rückstellungen abgezinst.; 9.47 ;2016;AG;Konzernabschluss;Dohm Schmidt Janka Revision und Treuhand AG WPG
5.13. Verbindlichkeiten; 9.51 ;2016;AG;Konzernabschluss;Dohm Schmidt Janka Revision und Treuhand AG WPG
Die Verbindlichkeiten werden grundsätzlich mit dem Erfüllungsbetrag angesetzt.; 9.51 ;2016;AG;Konzernabschluss;Dohm Schmidt Janka Revision und Treuhand AG WPG
"Die gegenüber den Maklern bestehenden Verbindlichkeiten aus Lieferungen und Leistungen werden auf Basis der an die Kapitalverwaltungsgesellschaften und Versicherungsgesellschaften bestehenden Forderungen
sowie unter Berücksichtigung der durchschnittlichen erzielten Margen ermittelt."; 9.51 ;2016;AG;Konzernabschluss;Dohm Schmidt Janka Revision und Treuhand AG WPG
5.14. Einheitliche Bewertung im Konzern; 9.0 ;2016;AG;Konzernabschluss;Dohm Schmidt Janka Revision und Treuhand AG WPG
"Wesentliche Änderungen der Bewertungsgrundsätze auf Grund des Einbezuges der Tochterunternehmen waren nicht notwendig. Die besonderen Wertansätze, die bei der BfV Bank für Vermögen AG Verwendung
finden, wurden im Konzernabschluss grundsätzlich beibehalten. Der Bilanzposten Fonds für allgemeine Bankrisiken nach § 340g HGB wurde jedoch nicht in die Konzernbilanz übernommen und somit wurde
vom Wahlrecht des § 300 Abs. 2 Satz 3 HGB kein Gebrauch gemacht."; 9.0 ;2016;AG;Konzernabschluss;Dohm Schmidt Janka Revision und Treuhand AG WPG
5.15. Latente Steuern im Konzern; 9.35, 9.64 ;2016;AG;Konzernabschluss;Dohm Schmidt Janka Revision und Treuhand AG WPG
"Im Rahmen der Überleitung der Handelsbilanzen I auf die Handelsbilanzen II wurden im Geschäftsjahr passive latente Steuern in Höhe von TEUR 275 mit aktiven latenten Steuern verrechnet. Die sich bei dieser
Verrechnung der latenten Steuern zum 31. Dezember 2016 ergebenden Aktivüberhänge wurden gemäß dem Wahlrecht nach § 274 Abs. 1 Satz 2 HGB i.V.m. § 298 Abs. 1 HGB nicht angesetzt."; 9.35, 9.64 ;2016;AG;Konzernabschluss;Dohm Schmidt Janka Revision und Treuhand AG WPG
Aus Konsolidierungsmaßnahmen sowie aus der Anwendung der Equity-Methode resultierten keine latenten Steuern im Sinne von § 306 HGB.; 9.35, 9.64 ;2016;AG;Konzernabschluss;Dohm Schmidt Janka Revision und Treuhand AG WPG
"Aktive latente Steuern ergaben sich im Wesentlichen aus temporären Differenzen bei Tochterunternehmen, u. a. im Hinblick auf den steuerlichen Ausweis eines immateriellen Vermögensgegenstandes, die
unterschiedliche Bewertung von Pensionsrückstellungen sowie des Bestehens von steuerlichen Verlustvorträgen. Passive latente Steuern resultieren aus temporären Differenzen im Hinblick auf die Aktivierung
von selbst geschaffenen Vermögensgegenständen des Anlagevermögens bei dem Mutterunternehmen."; 9.35, 9.64, 25 ;2016;AG;Konzernabschluss;Dohm Schmidt Janka Revision und Treuhand AG WPG
"Die Bewertung der latenten Steuern erfolgte mit den Steuersätzen der betreffenden Konzernunternehmen. Die Bemessung der Körperschaftsteuer erfolgte somit mit dem Steuersatz von 15 % zuzüglich des
Solidaritätszuschlags von 5,5 %. Die Berechnung der Gewerbesteuer erfolgte jeweils auf der Basis einer Steuermesszahl von 3,5 % und eines Hebesatzes von 380 %. Hieraus resultiert eine Steuerbelastung in
Höhe von 29,125 %."; 9.35, 9.64, 25 ;2016;AG;Konzernabschluss;Dohm Schmidt Janka Revision und Treuhand AG WPG
6. Angaben zur Bilanz;;2016;AG;Konzernabschluss;Dohm Schmidt Janka Revision und Treuhand AG WPG
6.1. Anlagevermögen; 5.1 ;2016;AG;Konzernabschluss;Dohm Schmidt Janka Revision und Treuhand AG WPG
"Zur Entwicklung des Anlagevermögens im Geschäftsjahr vom 1. Januar bis zum 31. Dezember 2016 einschließlich der kumulierten Anschaffungskosten und der kumulierten Abschreibungen verweisen wir auf
den Anlagenspiegel (Anlage 2 zum Anhang)."; 5.1 ;2016;AG;Konzernabschluss;Dohm Schmidt Janka Revision und Treuhand AG WPG
6.2. Anteilsbesitz gemäß § 313 Abs. 2 Nr. 4 HGB; 5.13 ;2016;AG;Konzernabschluss;Dohm Schmidt Janka Revision und Treuhand AG WPG
Hierzu verweisen wir auf die Anteilsbesitzliste (Anlage 1 zum Anhang).; 5.13 ;2016;AG;Konzernabschluss;Dohm Schmidt Janka Revision und Treuhand AG WPG
6.3. Assoziierte Unternehmen; 5.15 ;2016;AG;Konzernabschluss;Dohm Schmidt Janka Revision und Treuhand AG WPG
Die Beteiligungen an assoziierten Unternehmen stellen sich wie folgt dar:; 5.15, 70 ;2016;AG;Konzernabschluss;Dohm Schmidt Janka Revision und Treuhand AG WPG
"Beteiligungen an assoziierten Unternehmen 31.12.2016 31.12.2015
TEUR TEUR
MehrWert GmbH, Bamberg 98 68
FiBO GmbH i.L., Bayreuth 0 0"; 5.15, 70 ;2016;AG;Konzernabschluss;Dohm Schmidt Janka Revision und Treuhand AG WPG
6.4. Ausleihungen an assoziierte Unternehmen und sonstige Ausleihungen Als Ausleihungen werden ausgewiesen:; 5.16, 5.18 ;2016;AG;Konzernabschluss;Dohm Schmidt Janka Revision und Treuhand AG WPG
"•Darlehensforderung gegenüber der MehrWert GmbH
•Mietkaution für die Büroräume in Oberursel."; 5.16, 5.18 ;2016;AG;Konzernabschluss;Dohm Schmidt Janka Revision und Treuhand AG WPG
6.5. Forderungen aus Lieferungen und Leistungen; 5.26 ;2016;AG;Konzernabschluss;Dohm Schmidt Janka Revision und Treuhand AG WPG
"Die Forderungen aus Lieferungen und Leistungen beinhalten im Wesentlichen Forderungen gegenüber den Produktgesellschaften (u.a. Versicherungen und Kapitalverwaltungsgesellschaften) aus Provisionsabrechnungen
für den Monat Dezember 2016. Die Restlaufzeit beträgt insgesamt weniger als ein Jahr."; 5.26 ;2016;AG;Konzernabschluss;Dohm Schmidt Janka Revision und Treuhand AG WPG
6.6. Sonstige Vermögensgegenstände und aktiver Unterschiedsbetrag aus der Vermögensverrechnung; 5.29, 5.36 ;2016;AG;Konzernabschluss;Dohm Schmidt Janka Revision und Treuhand AG WPG
"Die sonstigen Vermögensgegenstände in Höhe von TEUR 181 (Vorjahr: TEUR 192) beinhalten u.a. Forderungen an das Finanzamt aus Gewerbesteuer-, Körperschaftsteuer- und Vorsteuer-guthaben in Höhe
von TEUR 97 (Vorjahr: TEUR 34). Die Ansprüche aus Rückdeckungsversicherungen in Höhe von TEUR 216 sind im Berichtsjahr mit den bestehenden Pensionsrückstellungen in Höhe von TEUR 157 saldiert
worden. Der sich daraus ergebende aktive Unterschiedsbetrag in Höhe von TEUR 59 ist als solcher in der Bilanz ausgewiesen worden. Sämtliche Verträge für Pensionsrückdeckungsversicherungen sind an den
Versorgungsberechtigten verpfändet."; 5.29, 5.36, 102 ;2016;AG;Konzernabschluss;Dohm Schmidt Janka Revision und Treuhand AG WPG
6.7. Eigenkapital; 5.37 ;2016;AG;Konzernabschluss;Dohm Schmidt Janka Revision und Treuhand AG WPG
"Das Grundkapital der Muttergesellschaft BCA AG besteht zum 31. Dezember 2016 aus 4.679.490 nennwertlosen und vinkulierten Namensaktien mit einem rechnerischen Wert von EUR 1,00 und beträgt somit
EUR 4.679.490."; 5.37 ;2016;AG;Konzernabschluss;Dohm Schmidt Janka Revision und Treuhand AG WPG
"Die von der BCA AG zum 31. Dezember 2016 gehaltenen eigenen Aktien von 156.013 Stück (entspricht 3,333 % des Grundkapitals) mit einem rechnerischen Wert von EUR 1,00 pro Stück wurden nach den
Regelungen des BilMoG entsprechend behandelt und vom gezeichneten Kapital und den Gewinnrücklagen (offen) abgesetzt."; 5.37 ;2016;AG;Konzernabschluss;Dohm Schmidt Janka Revision und Treuhand AG WPG
"Durch den Beschluss der ordentlichen Hauptversammlung der BCA AG vom 29. August 2013 wurde der Vorstand der Gesellschaft ermächtigt, mit Zustimmung des Aufsichtsrats das Grundkapital der Gesellschaft
bis zum 28. August 2018 durch Ausgabe neuer, auf den Namen lautende Stückaktien gegen Bar- und/oder Sacheinlagen einmalig oder mehrmals, insgesamt jedoch um höchstens bis zu EUR 2.339.745,00 zu
erhöhen („Genehmigtes Kapital""). Der Vorstand wird zudem ermächtigt, mit Zustimmung des Aufsichtsrats das gesetzliche Bezugsrecht der Aktionäre im Fall von Spitzenbeträgen auszuschließen."; 5.37 ;2016;AG;Konzernabschluss;Dohm Schmidt Janka Revision und Treuhand AG WPG
Der Vorstand wird ferner ermächtigt, mit Zustimmung des Aufsichtsrats die weiteren Einzelheiten der Durchführung von Kapitalerhöhungen aus dem genehmigten Kapital festzulegen.; 5.37 ;2016;AG;Konzernabschluss;Dohm Schmidt Janka Revision und Treuhand AG WPG
Der Aufsichtsrat wird ermächtigt, die Fassung der Satzung entsprechend dem Umfang der Kapitalerhöhung aus genehmigtem Kapital zu ändern.; 5.37 ;2016;AG;Konzernabschluss;Dohm Schmidt Janka Revision und Treuhand AG WPG
§ 4 Abs. 5 der Satzung wurde wie folgt neu gefasst:; 5.37 ;2016;AG;Konzernabschluss;Dohm Schmidt Janka Revision und Treuhand AG WPG
"„(5) Der Vorstand der Gesellschaft wird ermächtigt, mit Zustimmung des Aufsichtsrats das Grundkapital der Gesellschaft bis zum 28.08.2018 durch Ausgabe neuer, auf den Namen lautende Stückaktien gegen
Bar- und/oder Sacheinlagen einmalig oder mehrmals, insgesamt jedoch um höchstens bis zu EUR 2.339.745,00 zu erhöhen („Genehmigtes Kapital"")."; 5.37 ;2016;AG;Konzernabschluss;Dohm Schmidt Janka Revision und Treuhand AG WPG
Der Vorstand ist ermächtigt, mit Zustimmung des Aufsichtsrates das gesetzliche Bezugsrecht der Aktionäre im Fall von Spitzenbeträgen auszuschließen:; 5.37 ;2016;AG;Konzernabschluss;Dohm Schmidt Janka Revision und Treuhand AG WPG
–für Spitzenbeträge; 5.37 ;2016;AG;Konzernabschluss;Dohm Schmidt Janka Revision und Treuhand AG WPG
"Der Vorstand wird ferner ermächtigt, mit Zustimmung des Aufsichtsrats die weiteren Einzelheiten der Durchführung von Kapitalerhöhungen aus dem genehmigten Kapital festzulegen."""; 5.37 ;2016;AG;Konzernabschluss;Dohm Schmidt Janka Revision und Treuhand AG WPG
Bericht des Vorstands zum Bezugsrechtsausschluss:; 5.37 ;2016;AG;Konzernabschluss;Dohm Schmidt Janka Revision und Treuhand AG WPG
"Der Vorstand soll im Rahmen des genehmigten Kapitals ermächtigt werden, mit Zustimmung des Aufsichtsrats Spitzenbeträge von dem Bezugsrecht der Aktionäre auszunehmen. Der Ausschluss des Bezugsrechts
für Spitzenbeträge beim genehmigten Kapital ist erforderlich, um ein technisch durchführbares Bezugsverhältnis darstellen zu können. Die als freie Spitzen vom Bezugsrecht der Aktionäre ausgeschlossenen
Aktien werden bestmöglich für die Gesellschaft verwertet. Der mögliche Verwässerungseffekt ist aufgrund der Beschränkungen auf Spitzenbeträge gering. Vorstand und Aufsichtsrat halten den Ausschluss des
Bezugsrechts aus diesen Gründen für sachlich gerechtfertigt und gegenüber den Aktionären für angemessen."; 5.37 ;2016;AG;Konzernabschluss;Dohm Schmidt Janka Revision und Treuhand AG WPG
6.8. Steuerrückstellungen; 5.49 ;2016;AG;Konzernabschluss;Dohm Schmidt Janka Revision und Treuhand AG WPG
Übersicht zu den Steuerrückstellungen zum 31. Dezember 2016:; 5.49 ;2016;AG;Konzernabschluss;Dohm Schmidt Janka Revision und Treuhand AG WPG
"Steuerrückstellungen 31.12.2016 31.12.2015
TEUR TEUR
Körperschaftsteuer und Solidaritätszuschlag 345 105
Gewerbesteuer 419 69
Gesamt 764 174"; 5.49 ;2016;AG;Konzernabschluss;Dohm Schmidt Janka Revision und Treuhand AG WPG
Die Steuerrückstellungen betreffen ausschließlich das Inland und das laufende Jahr sowie das Vorjahr.; 5.49 ;2016;AG;Konzernabschluss;Dohm Schmidt Janka Revision und Treuhand AG WPG
6.9. Sonstige Rückstellungen; 5.50 ;2016;AG;Konzernabschluss;Dohm Schmidt Janka Revision und Treuhand AG WPG
Die sonstigen Rückstellungen betreffen im Wesentlichen:; 5.50 ;2016;AG;Konzernabschluss;Dohm Schmidt Janka Revision und Treuhand AG WPG
"Sonstige Rückstelllungen 31.12.2016 31.12.2015
TEUR TEUR
Bonus Mitarbeiter/Tantieme 275 267
(Konzern-) Jahresabschluss-, Prüfungs- und Beratungskosten 199 206
Archivierungskosten 102 0
Provisionen 100 104
Prozesskosten 53 48
Nicht genommener Urlaub/Überstunden/ sonstige Personalkosten 35 58"; 5.50 ;2016;AG;Konzernabschluss;Dohm Schmidt Janka Revision und Treuhand AG WPG
"Sonstige Rückstelllungen 31.12.2016 31.12.2015
TEUR TEUR
Vordiskontierungen/Stornoreserven KV/LV 20 20
Übrige 188 272
Gesamt 972 1.211"; 5.50 ;2016;AG;Konzernabschluss;Dohm Schmidt Janka Revision und Treuhand AG WPG
6.10. Verbindlichkeiten; 5.51 ;2016;AG;Konzernabschluss;Dohm Schmidt Janka Revision und Treuhand AG WPG
"Die am 31. Dezember 2016 ausgewiesenen Verbindlichkeiten in Höhe von TEUR 9.355 entfallen im Wesentlichen auf Verbindlichkeiten aus Lieferungen und Leistungen (TEUR 9.057). Es handelt sich hierbei
vor allem um Verbindlichkeiten aus Provisionsabrechnungen für den Monat Dezember 2016. Diese bestehen gegenüber den angeschlossenen Maklern und wurden größtenteils im Januar 2017 beglichen."; 5.51, 7 ;2016;AG;Konzernabschluss;Dohm Schmidt Janka Revision und Treuhand AG WPG
Von den Verbindlichkeiten aus Lieferungen und Leistungen haben TEUR 1.276 eine Restlaufzeit zwischen 1 bis 5 Jahren und TEUR 18 eine Restlaufzeit von mehr als fünf Jahren.; 5.51, 42 ;2016;AG;Konzernabschluss;Dohm Schmidt Janka Revision und Treuhand AG WPG
7. Angaben zur Gewinn- und Verlustrechnung;;2016;AG;Konzernabschluss;Dohm Schmidt Janka Revision und Treuhand AG WPG
7.1. Umsatzerlöse; 5.66 ;2016;AG;Konzernabschluss;Dohm Schmidt Janka Revision und Treuhand AG WPG
Im Geschäftsjahr hat der BCA-Konzern wie im Vorjahr die Umsatzerlöse ausschließlich in Deutschland erzielt.; 5.66, 47 ;2016;AG;Konzernabschluss;Dohm Schmidt Janka Revision und Treuhand AG WPG
Die Umsätze entfallen im Wesentlichen auf die Bereiche Investment (TEUR 32.143), Versicherungen (TEUR 14.747).; 5.66, 47 ;2016;AG;Konzernabschluss;Dohm Schmidt Janka Revision und Treuhand AG WPG
"Aufgrund der fehlenden Vergleichbarkeit der Umsatzerlöse mit den Vorjahres-Umsatzerlösen im Rahmen der erstmaligen Anwendung des Bilanzrichtlinie-Umsetzungsgesetzes (BilRUG) wird nachrichtlich eine
Darstellung des Betrags der Vorjahres-Umsatzerlöse mit und ohne Berücksichtigung des BilRUG vorgenommen."; 3, 5.66, 48 ;2016;AG;Konzernabschluss;Dohm Schmidt Janka Revision und Treuhand AG WPG
"mit BilRUG 2016 mit BilRUG 2015 ohne BilRUG 2015
in EUR in EUR in EUR
Umsatzerlöse 48.753.248,90 50.201.763,37 49.709.730,90
Sonstige betriebliche Erträge 414.417,51 241.572,52 733.604,99
Summe 49.167.666,41 50.443.335,89 50.443.335,89"; 4, 5.66, 48 ;2016;AG;Konzernabschluss;Dohm Schmidt Janka Revision und Treuhand AG WPG
"Im Rahmen der durch das BilRUG geänderten Definition der Umsatzerlöse nach § 277 Abs. 1 HGB werden auf Einzelabschlussebene nunmehr insbesondere Konzernumlagen, die auf Gegenleistungen für die
Erbringung einer oder mehrerer Dienstleistungen beruhen, sowie Marketingdienstleistungen in den Umsatzerlösen erfasst und nicht länger als sonstige betriebliche Erträge ausgewiesen. Auf Konzernabschlussebene
wurden die Konzernumlagen konsolidiert."; 2, 5.66, 48 ;2016;AG;Konzernabschluss;Dohm Schmidt Janka Revision und Treuhand AG WPG
Darüber hinaus wurde die GuV-Gliederung vor dem Hintergrund der erstmaligen Anwendung von BilRUG entsprechend § 275 Abs. 2 HGB angepasst.; 5.66 ;2016;AG;Konzernabschluss;Dohm Schmidt Janka Revision und Treuhand AG WPG
7.2. Sonstige betriebliche Erträge; 5.69 ;2016;AG;Konzernabschluss;Dohm Schmidt Janka Revision und Treuhand AG WPG
"Die sonstigen betrieblichen Erträge enthalten u.a. periodenfremde Erträge in Höhe von TEUR 132 (Vorjahr: TEUR 292), periodenfremde Erträge aus der Auflösung von Rückstellungen in Höhe von TEUR 94
(Vorjahr: TEUR 31) und Erträge aus Sachbezügen in Höhe von TEUR 56 (Vorjahr: TEUR 67)."; 5.69, 51 ;2016;AG;Konzernabschluss;Dohm Schmidt Janka Revision und Treuhand AG WPG
7.3. Materialaufwand; 5.70 ;2016;AG;Konzernabschluss;Dohm Schmidt Janka Revision und Treuhand AG WPG
Bei den Aufwendungen für bezogene Leistungen handelt es sich in erster Linie um Provisionen, die an die angebundenen Partner weitergegeben werden.; 5.70 ;2016;AG;Konzernabschluss;Dohm Schmidt Janka Revision und Treuhand AG WPG
7.4. Sonstige betriebliche Aufwendungen; 5.80 ;2016;AG;Konzernabschluss;Dohm Schmidt Janka Revision und Treuhand AG WPG
"Die sonstigen betrieblichen Aufwendungen enthalten unter anderem Aufwendungen für Miete und Nebenkosten, Lizenzgebühren, IT-Kosten, Rechts- und Beratungskosten, Versicherungsbeiträge, Reisekosten,
Fortbildung, Prüfungskosten und Kosten der Erstellung der Jahresabschlüsse und des Konzernabschlusses."; 5.80 ;2016;AG;Konzernabschluss;Dohm Schmidt Janka Revision und Treuhand AG WPG
"Die vormals als außerordentlicher Aufwand ausgewiesenen Aufwendungen für die Zuführung von 1/15 des Unterschiedsbetrages zwischen der Berechnung der Pensionsverpflichtungen nach § 6a EStG und §
253 Abs. 2 HGB in Höhe von TEUR 7 (Vorjahr: TEUR 93), werden in Hinblick auf das BilRUG nunmehr in dem Posten sonstige betriebliche Aufwendungen ausgewiesen. Der Vorjahreswert der sonstigen
betrieblichen Aufwendungen in der Konzerngewinn-und -verlustrechnung wurde im Hinblick auf die Vergleichbarkeit entsprechend anpasst."; 4, 5.80, 38 ;2016;AG;Konzernabschluss;Dohm Schmidt Janka Revision und Treuhand AG WPG
7.5. Ergebnis aus assoziierten Unternehmen; 5.81 ;2016;AG;Konzernabschluss;Dohm Schmidt Janka Revision und Treuhand AG WPG
"Das Ergebnis aus assoziierten Unternehmen resultiert aus der Zuschreibung auf das anteilige Eigenkapital. Der Effekt einer Gewinnausschüttung eines assoziierten Unternehmens an das Mutterunternehmen wurde
entsprechend § 312 Abs. 4 Satz 1 HGB abgesetzt und im Konzernergebnis nicht berücksichtigt."; 5.81 ;2016;AG;Konzernabschluss;Dohm Schmidt Janka Revision und Treuhand AG WPG
7.6. Steuern vom Einkommen und vom Ertrag; 5.90 ;2016;AG;Konzernabschluss;Dohm Schmidt Janka Revision und Treuhand AG WPG
"Der Steueraufwand in Höhe von TEUR 850 entfällt zum größten Teil auf die in 2016 abgeschlossenen Betriebsprüfungen bei Konzerngesellschaften für die Geschäftsjahre 2010 bis 2015. Es ergaben sich
insbesondere Belastungen für die Jahre 2010 bis 2012."; 5.90 ;2016;AG;Konzernabschluss;Dohm Schmidt Janka Revision und Treuhand AG WPG
7.7. Konzernbilanzverlust; 5.93 ;2016;AG;Konzernabschluss;Dohm Schmidt Janka Revision und Treuhand AG WPG
"Der Konzernbilanzverlust des Jahres 2016 in Höhe von TEUR 2.480 enthält einen Konzernjahresüberschuss in Höhe von TEUR 198 und einen vorgetragenen Konzernbilanzverlust in Höhe von TEUR 2.961
sowie Entnahmen aus der Kapitalrücklage in Höhe von TEUR 283."; 5.93, 32 ;2016;AG;Konzernabschluss;Dohm Schmidt Janka Revision und Treuhand AG WPG
8. Sonstige Angaben;;2016;AG;Konzernabschluss;Dohm Schmidt Janka Revision und Treuhand AG WPG
8.1. Angaben zur Kapitalflussrechnung;;2016;AG;Konzernabschluss;Dohm Schmidt Janka Revision und Treuhand AG WPG
"Der Finanzmittelfonds setzt sich aus dem Kassenbestand und den Bankguthaben in Höhe von insgesamt TEUR 7.349 und den kurzfristigen Verbindlichkeiten gegenüber Kreditinstituten in Höhe von TEUR 1
zusammen.";;2016;AG;Konzernabschluss;Dohm Schmidt Janka Revision und Treuhand AG WPG
"Die im Vorjahr noch im Posten „sonstige zahlungsunwirksame Aufwendungen"" ausgewiesenen Effekte der außerordentlichen Aufwendungen werden im Hinblick auf BilRUG nun im Posten „Zunahme/Abnahme
der Vorräte, der Forderungen aus Lieferungen und Leistungen sowie anderer Aktiva, die nicht der Investitions- oder der Finanzierungstätigkeit zuzuordnen sind"" gezeigt. Die Vorjahreswerte wurden im Hinblick
auf die Vergleichbarkeit entsprechend angepasst."; 4 ;2016;AG;Konzernabschluss;Dohm Schmidt Janka Revision und Treuhand AG WPG
8.2. Langfristige sonstige finanzielle Verpflichtungen; 62 ;2016;AG;Konzernabschluss;Dohm Schmidt Janka Revision und Treuhand AG WPG
"Zukünftige Zahlungsverpflichtungen ergeben sich zum 31. Dezember 2016 insbesondere aus Mietverträgen, aus Leasingverträgen sowie aus Beteiligungsverträgen. Die sonstigen finanziellen Verpflichtungen
bestehen in folgender Höhe:"; 62 ;2016;AG;Konzernabschluss;Dohm Schmidt Janka Revision und Treuhand AG WPG
"Finanzielle Verpflichtungen 31.12.2016
TEUR
fällig 2017 1.047
fällig 2018 802
fällig 2019 765
fällig 2020 417
fällig 2021 und später 793
Gesamt 3.824"; 62 ;2016;AG;Konzernabschluss;Dohm Schmidt Janka Revision und Treuhand AG WPG
8.3. Gesamthonorar des Abschlussprüfers; 66 ;2016;AG;Konzernabschluss;Dohm Schmidt Janka Revision und Treuhand AG WPG
Im Geschäftsjahr 2016 wurde für den Abschlussprüfer in der Gewinn- und Verlustrechnung folgendes Honorar als Aufwand erfasst (Angabe gemäß § 285 Satz 1 Nr. 17 HGB):; 66 ;2016;AG;Konzernabschluss;Dohm Schmidt Janka Revision und Treuhand AG WPG
"Honorare Abschlussprüfer GJ 2016
TEUR
Abschlussprüfungsleistungen 114
Andere Bestätigungsleistungen 44
Steuerberatung 1
Sonstige Leistungen 14"; 66 ;2016;AG;Konzernabschluss;Dohm Schmidt Janka Revision und Treuhand AG WPG
8.4. Arbeitnehmer und Prokura; 57 ;2016;AG;Konzernabschluss;Dohm Schmidt Janka Revision und Treuhand AG WPG
Der BCA-Konzern beschäftigte - ohne Vorstände - im Jahresdurchschnitt 73 Angestellte (Vorjahr: 76 Angestellte). Im BCA-Konzern haben zum 31. Dezember 2016 insgesamt 11 Mitarbeiter Prokura.; 57 ;2016;AG;Konzernabschluss;Dohm Schmidt Janka Revision und Treuhand AG WPG
Die Mitarbeiterinnen und Mitarbeiter des BCA-Konzerns zum 31. Dezember 2016 teilen sich wie folgt auf:; 57 ;2016;AG;Konzernabschluss;Dohm Schmidt Janka Revision und Treuhand AG WPG
"Vollzeit Beschäftigte 63
Teilzeit Beschäftigte 12"; 57 ;2016;AG;Konzernabschluss;Dohm Schmidt Janka Revision und Treuhand AG WPG
8.5. Mitteilung nach § 20 Abs. 6 AktG;;2016;AG;Konzernabschluss;Dohm Schmidt Janka Revision und Treuhand AG WPG
"Die bbg Betriebsberatungs GmbH hat mit Schreiben vom 28. März 2017 dem Vorstand der BCA AG mitgeteilt, dass ihr (unmittelbar) mehr als der vierte Teil der Aktien der BCA AG gehört. Der Vorstand der
BCA AG hat pflichtgemäß am 29. März 2017 die Bekanntmachung nach § 20 Abs. 6 AktG im Bundesanzeiger veröffentlicht.";;2016;AG;Konzernabschluss;Dohm Schmidt Janka Revision und Treuhand AG WPG
8.6. Vorstand und Vertretungsbefugnis;;2016;AG;Konzernabschluss;Dohm Schmidt Janka Revision und Treuhand AG WPG
Dem Vorstand des Mutterunternehmens der BCA AG gehörten im Berichtsjahr die folgenden Damen und Herren an:;;2016;AG;Konzernabschluss;Dohm Schmidt Janka Revision und Treuhand AG WPG
Frau Christina Schwartmann, Diplom-Mathematikerin, Düsseldorf, Vorstand der BCA AG;;2016;AG;Konzernabschluss;Dohm Schmidt Janka Revision und Treuhand AG WPG
Herr Oliver Lang, Dipl. Staatswissenschaftler, Frankfurt am Main, Vorstand der BCA AG und der BfV Bank für Vermögen AG.;;2016;AG;Konzernabschluss;Dohm Schmidt Janka Revision und Treuhand AG WPG
Aufsichtsratsvorsitzender der Carat Fonds Service AG, bis 31.01.2016;;2016;AG;Konzernabschluss;Dohm Schmidt Janka Revision und Treuhand AG WPG
"Herr Dr. Frank Ulbricht, promovierter Wirtschaftsjurist, Schwalbach, Vorstand der BCA AG und der BfV Bank für Vermögen AG.
stellvertretender Aufsichtsratsvorsitzender der Carat Fonds Service AG,";;2016;AG;Konzernabschluss;Dohm Schmidt Janka Revision und Treuhand AG WPG
Für die Bezüge des Vorstandes der BCA AG wurden für das Geschäftsjahr 2016 insgesamt TEUR 716 (Vorjahr: TEUR 629) aufgewendet.; 78 ;2016;AG;Konzernabschluss;Dohm Schmidt Janka Revision und Treuhand AG WPG
Die BCA AG wird durch zwei Vorstandsmitglieder oder durch ein Vorstandsmitglied gemeinschaftlich mit einem Prokuristen vertreten. Die Vorstandsmitglieder sind von den Beschränkungen des § 181 BGB befreit.;;2016;AG;Konzernabschluss;Dohm Schmidt Janka Revision und Treuhand AG WPG
8.7. Aufsichtsrat;;2016;AG;Konzernabschluss;Dohm Schmidt Janka Revision und Treuhand AG WPG
Dem Aufsichtsrat der BCA AG als Mutterunternehmen gehörten im Berichtsjahr die folgenden Personen an:;;2016;AG;Konzernabschluss;Dohm Schmidt Janka Revision und Treuhand AG WPG
"•Herr Rainer M. Jacobus, Versicherungsfachwirt, Aufsichtsratsvorsitzender der BCA AG
Vorstandsvorsitzender der IDEAL Lebensversicherung a.G. und IDEAL Versicherung AG, Berlin
Aufsichtsratsvorsitzender der Ahorn AG, Berlin
Aufsichtsratsvorsitzender der Rheinisch-Westfälische Sterbekasse Lebensversicherung AG, Berlin
Mitglied des Aufsichtsrates der myLife Lebensversicherung AG, Göttingen
•Herr Dr. Joachim Maas, Dipl.-Mathematiker, stellv. Aufsichtsratsvorsitzender der BCA AG
Vorstandsvorsitzender der VOLKSWOHL BUND Versicherungen, Dortmund
•Herr Ralf Berndt, Dipl.-Betriebswirt, Vorstandsmitglied der Stuttgarter Lebensversicherung a.G., Stuttgart
•Herr Michael Johnigk, Dipl.-Kaufmann, Mitglied des Vorstandes der SIGNAL IDUNA Gruppe, Hamburg/Dortmund
Aufsichtsratsvorsitzender der OVB Vermögensberatung AG, bis 20.03.2017
Aufsichtsratsvorsitzender der OVB Holding AG
stellv. Aufsichtsratsvorsitzender der SIGNAL IDUNA Bauspar AG
Aufsichtsratsvorsitzender der SDV Servicepartner der Versicherungsmakler AG
Aufsichtsratsmitglied der SIGNAL IDUNA Asset Management GmbH
•Herr Jens Wüstenbecker, Unternehmensberater
Aufsichtsratsvorsitzender der IWM Software AG
Aufsichtsratsvorsitzender der Infos AG
•Herr Dr. Andreas Eurich, Dipl.-Kfm., Dr. rer. pol., Vorstandsvorsitzender der Barmenia Krankenversicherung a.G., Wuppertal
Vorstandsvorsitzender der Barmenia Lebensversicherung a.G., Wuppertal
Vorstandsvorsitzender der Barmenia Allgemeine Versicherungs-AG, Wuppertal
Aufsichtsratsmitglied der ForumFinanz Vermögensberatungs- und Vermittlungs-AG
Aufsichtsratsmitglied der Roland-Rechtschutz-Versicherungs-AG
•Herr Rudolf Beil, Bankvorstand a.D, Aufsichtsratsmitglied der IWM Software AG";;2016;AG;Konzernabschluss;Dohm Schmidt Janka Revision und Treuhand AG WPG
Die Nennung der Mandate in ausgewählten Kontrollgremien erfolgte in Anlehnung an § 285 Nr. 10 HGB i.V.m. § 3 Abs. 2 AktG freiwillig.;;2016;AG;Konzernabschluss;Dohm Schmidt Janka Revision und Treuhand AG WPG
In der Hauptversammlung der BCA AG am 29. August 2014 wurde die vollständige Streichung der Aufsichtsratvergütung ab dem Geschäftsjahr 2015 beschlossen und entsprechend in der Satzung abgeändert.;;2016;AG;Konzernabschluss;Dohm Schmidt Janka Revision und Treuhand AG WPG
8.8. Ergebnisverwendungsvorschlag des Mutterunternehmens; 63 ;2016;AG;Konzernabschluss;Dohm Schmidt Janka Revision und Treuhand AG WPG
Der Vorstand wird der Hauptversammlung den Vorschlag unterbreiten, den Bilanzgewinn des Mutterunternehmens auf neue Rechnung vorzutragen.; 63 ;2016;AG;Konzernabschluss;Dohm Schmidt Janka Revision und Treuhand AG WPG
8.9. Nachtragsbericht; 64 ;2016;AG;Konzernabschluss;Dohm Schmidt Janka Revision und Treuhand AG WPG
Wesentliche Ereignisse sind nach dem Abschlussstichtag nicht eingetreten.; 64 ;2016;AG;Konzernabschluss;Dohm Schmidt Janka Revision und Treuhand AG WPG
Oberursel, 9. Mai 2017;;2016;AG;Konzernabschluss;Dohm Schmidt Janka Revision und Treuhand AG WPG
"Der Vorstand der BCA AG
Christina Schwartmann
Oliver Lang
Dr. Frank Ulbricht";;2016;AG;Konzernabschluss;Dohm Schmidt Janka Revision und Treuhand AG WPG
Anteilsbesitzliste zum 31. Dezember 2016; 69 ;2016;AG;Konzernabschluss;Dohm Schmidt Janka Revision und Treuhand AG WPG
Zum 31. Dezember 2016 war die BCA AG, Oberursel, an folgenden Unternehmen beteiligt:; 69 ;2016;AG;Konzernabschluss;Dohm Schmidt Janka Revision und Treuhand AG WPG
"Name und Sitz der Gesellschaft
Kapitalanteil Eigenkapital zum 31.12.2016 Ergebnis zum 31.12.2016
Währung % Fremdwährung EUR Fremdwährung EUR
Verbundene Unternehmen
BW Bank für Vermögen
AG, Oberursel
EUR 100,0 1) - 888.570,19 - 3.456,92"; 69 ;2016;AG;Konzernabschluss;Dohm Schmidt Janka Revision und Treuhand AG WPG
"Name und Sitz der Gesellschaft
Kapitalanteil Eigenkapital zum 31.12.2016 Ergebnis zum 31.12.2016
Währung % Fremdwährung EUR Fremdwährung EUR
Carat Fonds Service AG,
Oberursel
EUR 100,0 1) - 139.735,36 - 75.614,56
CARAT Asset Management
GmbH, Unterföhring
EUR 100,0 1,2) - 25.000,00 - Gewinnabführung
BCA Versicherungsvermittlungsservice
GmbH,
Oberursel
EUR 100,0 1) - 507.409,91 - 473.904,38
Beteiligungen
FiBO GmbH i.L., Bayreuth3)
EUR 50,0 4) - 63.329,68 - -119.523,06
MehrWert GmbH, Bamberg
EUR 25,0 4, 5) - 391.677,37 - 141.676,12"; 69, 70 ;2016;AG;Konzernabschluss;Dohm Schmidt Janka Revision und Treuhand AG WPG
"1) In den Konzernabschluss einbezogen.
2) Indirekte Beteiligung über Carat Fonds Service AG.
3) Letzte verfügbare Angaben. Diese beziehen sich auf den Jahresabschluss zum 31. Dezember 2014. Die FiBO GmbH i.L., Bayreuth, wurde gemäß Handelsregister Bayreuth am 4. Januar 2016 aufgelöst.
4) Als assoziiertes Unternehmen in den Konzernabschluss einbezogen.
5) Der Anteil beträgt 25 % und einen Geschäftsanteil."; 69, 70 ;2016;AG;Konzernabschluss;Dohm Schmidt Janka Revision und Treuhand AG WPG
Konzernanlagenspiegel; 15, 16 ;2016;AG;Konzernabschluss;Dohm Schmidt Janka Revision und Treuhand AG WPG
"ANSCHAFFUNGS- UND HERSTELLUNGSKOSTEN
01. Jan 16 Zugänge Abgänge 31. Dez 16
EUR
Änderung Konsolidierungskreis
EUR EUR EUR
IMMATERIELLE VERMÖ-
GENSGEGENSTÄNDE
1. selbst geschaffene gewerbliche
Schutzrechte und ähnliche
Rechte und Werte
3.596.831 0 0 0 3.596.831"; 15, 16 ;2016;AG;Konzernabschluss;Dohm Schmidt Janka Revision und Treuhand AG WPG
"ANSCHAFFUNGS- UND HERSTELLUNGSKOSTEN
01. Jan 16 Zugänge Abgänge 31. Dez 16
EUR
Änderung Konsolidierungskreis
EUR EUR EUR
2. entgeltlich erworbene
Konzessionen, gewerbliche
Schutzrechte und ähnliche
Rechte und Werte sowie Lizenzen
an solchen Rechten
und Werten
3.726.391 0 126.519 52.751 3.800.159
3. Geschäfts- oder Firmenwert
9.984.308 0 0 0 9.984.308
17.307.530 0 126.519 52.751 17.381.298
SACHANLAGEN
1. andere Anlagen, Betriebsund
Geschäftsausstattung
1.582.080 0 81.947 0 1.664.027
FINANZANLAGEN
1. Beteiligungen an assoziierten
Unternehmen
416.213 0 0 0 416.213
2. Ausleihungen an assoziierte
Unternehmen
251.961 0 0 18.039 233.922
3. Wertpapiere des Anlagevermögens
8.604 0 0 0 8.604
4. sonstige Ausleihungen 427.537 0 0 0 427.537
1.104.315 0 0 18.039 1.086.276
19.993.925 0 208.466 70.790 20.131.601"; 15, 16 ;2016;AG;Konzernabschluss;Dohm Schmidt Janka Revision und Treuhand AG WPG
"AUFGELAUFENE ABSCHREIBUNGEN
01. Jan 16 Zugänge Zuschreibung Abgänge 31. Dez 16
EUR
Änderung Konsolidierungskreis
EUR EUR EUR EUR
IMMATERIELLE VERMÖGENSGEGENSTÄNDE
1. selbst geschaffene gewerbliche
Schutzrechte
2.167.689 0 484.795 0 0 2.652.484"; 15, 16 ;2016;AG;Konzernabschluss;Dohm Schmidt Janka Revision und Treuhand AG WPG
"AUFGELAUFENE ABSCHREIBUNGEN
01. Jan 16 Zugänge Zuschreibung Abgänge 31. Dez 16
EUR
Änderung Konsolidierungskreis
EUR EUR EUR EUR
und ähnliche Rechte und
Werte
2. entgeltlich erworbene
Konzessionen, gewerbliche
Schutzrechte und
ähnliche Rechte und Werte
sowie Lizenzen an solchen
Rechten und Werten
3.697.780 0 42.617 0 52.751 3.687.646
3. Geschäfts- oder Firmenwert
9.984.308 0 0 0 0 9.984.308
15.849.777 0 527.412 0 52.751 16.324.438
SACHANLAGEN
1. andere Anlagen, Betriebs-
und Geschäftsausstattung
1.346.420 0 66.570 0 0 1.412.990
FINANZANLAGEN
1. Beteiligungen an assoziierten
Unternehmen
348.257 0 0 29.965 0 318.292
2. Ausleihungen an assoziierte
Unternehmen
0 0 0 0 0 0
3. Wertpapiere des Anlagevermögens
4.430 0 0 0 0 4.430
4. sonstige Ausleihungen 323.591 0 0 0 0 323.591
676.278 0 0 29.965 0 646.313
17.872.475 0 593.982 29.965 52.751 18.383.741"; 15, 16 ;2016;AG;Konzernabschluss;Dohm Schmidt Janka Revision und Treuhand AG WPG
"NETTOBUCHWERTE
31. Dez 16 31. Dez 15
EUR EUR
IMMATERIELLE VERMÖGENSGEGENSTÄNDE"; 15, 16 ;2016;AG;Konzernabschluss;Dohm Schmidt Janka Revision und Treuhand AG WPG
"NETTOBUCHWERTE
31. Dez 16 31. Dez 15
EUR EUR
1. selbst geschaffene gewerbliche Schutzrechte und ähnliche
Rechte und Werte
944.347 1.429.142
2. entgeltlich erworbene Konzessionen, gewerbliche Schutzrechte
und ähnliche Rechte und Werte sowie Lizenzen an solchen
Rechten und Werten
112.513 28.611
3. Geschäfts- oder Firmenwert 0 0
1.056.860 1.457.753
SACHANLAGEN
1. andere Anlagen, Betriebs- und Geschäftsausstattung 251.037 235.660
FINANZANLAGEN
1. Beteiligungen an assoziierten Unternehmen 97.921 67.956
2. Ausleihungen an assoziierte Unternehmen 233.922 251.961
3. Wertpapiere des Anlagevermögens 4.174 4.174
4. sonstige Ausleihungen 103.946 103.946
439.963 428.037
1.747.860 2.121.450"; 15, 16 ;2016;AG;Konzernabschluss;Dohm Schmidt Janka Revision und Treuhand AG WPG
Konzerngewinn- und -verlustrechnung für das Geschäftsjahr vom 1. Januar bis 31. Dezember 2016;;2016;AG;Konzernabschluss;Dohm Schmidt Janka Revision und Treuhand AG WPG
"2016 2015
€ €
1. Umsatzerlöse 48.753.248 49.709.731
2. Sonstige betriebliche Erträge 414.418 733.605
49.167.666 50.443.336
3. Materialaufwand";;2016;AG;Konzernabschluss;Dohm Schmidt Janka Revision und Treuhand AG WPG
"2016 2015
€ €
Aufwendungen aus weitergegebenen Provisionen und sonstigen bezogenen Leistungen 38.778.468 39.720.085
38.778.468 39.720.085
4. Personalaufwand
a) Löhne und Gehälter 4.534.771 4.536.253
b) soziale Abgaben und Aufwendungen für Altersversorgung und für Unterstützung 728.689 695.695
(davon für Altersversorgung € 37.566; Vorjahr € 24.499)
5.263.460 5.231.948
5. Abschreibungen und Wertberichtigungen auf immaterielle Vermögensgegenstände des Anlagevermögens und Sachanlagen 593.982 771.588
6. sonstige betriebliche Aufwendungen 3.513.665 3.886.891
7. Erträge aus anderen Wertpapieren und Ausleihungen des Finanzanlagevermögens 0 263
8. Ergebnis aus Beteiligung an assoziierten Unternehmen 35.425 31.257
9. sonstige Zinsen und ähnliche Erträge 19.177 22.356
10. Abschreibungen auf Finanzanlagen und auf Wertpapiere des Umlaufvermögens 8.113 18.844
11. Zinsen und ähnliche Aufwendungen (davon aus Aufzinsung € 0; Vorjahr € 0) 52.971 6.411
12. Steuern vom Einkommen und vom Ertrag 849.959 172.249
13. Ergebnis nach Steuern 161.650 689.196
14. Sonstige Steuern -36.412 1.254
15. Konzernjahresüberschuss 198.062 687.942
16. Verlustvortrag aus dem Vorjahr -2.960.730 -8.693.175
17. Entnahmen aus der Kapitalrücklage 282.919 5.044.503
18. Konzernbilanzverlust -2.479.749 -2.960.730"; 32, 52 ;2016;AG;Konzernabschluss;Dohm Schmidt Janka Revision und Treuhand AG WPG
