Anhang für das Geschäftsjahr 2016; Annotierung (Angabe Nummer in Anahngscheckliste) ;Geschäftsjahr;Gesellschaft;Abschlussart;Prüfer
Inhaltsverzeichnis;;2016;GmbH;Jahresabschluss;KPMG
"1 Angaben zur Form und Darstellung von Bilanz sowie Gewinn- und Verlustrechnung
2 Erläuterungen zu den Posten von Bilanz sowie Gewinn- und Verlustrechnung bezüglich Ausweis, Bilanzierung und Bewertung
2.1 Bilanzierungs- und Bewertungsmethoden
2.2 Erläuterungen zur Bilanz
2.3 Erläuterungen zur Gewinn- und Verlustrechnung
3 Angaben zum Jahresergebnis
4 Ergänzende Angaben
4.1 Haftungsverhältnisse
4.2 Sonstige finanzielle Verpflichtungen
4.3 Angaben zu den Organen
4.4 Abschlussprüferhonorar
4.5 Mitarbeiter im Jahresdurchschnitt (§ 267 Abs. 5 HGB)
4.6 Anteilsbesitz der LVV Leipziger Versorgungs- und Verkehrsgesellschaft mbH, Leipzig, zum 31. Dezember 2016 (§ 285 Nr. 11 HGB)
5 Nachtragsbericht";;2016;GmbH;Jahresabschluss;KPMG
1 Angaben zur Form und Darstellung von Bilanz sowie Gewinn- und Verlustrechnung;;2016;GmbH;Jahresabschluss;KPMG
Die LVV Leipziger Versorgungs- und Verkehrsgesellschaft mbH, Leipzig (nachfolgend Stadtholding), hat ihren Sitz in Leipzig. Sie ist im Handelsregister des Amtsgerichts Leipzig unter HRB 13860 eingetragen.; 90 ;2016;GmbH;Jahresabschluss;KPMG
"Der Jahresabschluss der Stadtholding wird nach den für große Kapitalgesellschaften maßgeblichen Vorschriften des Handelsgesetzbuches (HGB) und den ergänzenden Bestimmungen des Gesetzes betreffend
die Gesellschaften mit beschränkter Haftung (GmbHG) aufgestellt."; 8.0 ;2016;GmbH;Jahresabschluss;KPMG
Geschäftsjahr ist das Kalenderjahr.; 8.0 ;2016;GmbH;Jahresabschluss;KPMG
Als verbundene Unternehmen werden die Unternehmen aufgeführt, an denen die Stadtholding direkt oder indirekt mehrheitlich beteiligt ist beziehungsweise für die sie die einheitliche Leitung ausübt.; 8.0 ;2016;GmbH;Jahresabschluss;KPMG
Für die Gewinn- und Verlustrechnung wird das Gesamtkostenverfahren gemäß § 275 Abs. 2 HGB gewählt.; 8.0 ;2016;GmbH;Jahresabschluss;KPMG
"Im Zuge der Umsetzung des Bilanzrichtlinie-Umsetzungsgesetzes (BilRUG) entfällt ab dem Geschäftsjahr 2016 der separate Ausweis des außerordentlichen Ergebnisses. Das Gliederungsschema der Gewinnund
Verlustrechnung wurde entsprechend angepasst und die Vorjahresbeträge umgegliedert."; 1 ;2016;GmbH;Jahresabschluss;KPMG
"Die Umsatzerlöse sind nicht mit dem Vorjahr vergleichbar, da diese durch die Neudefinition gemäß § 277 Abs. 1 HGB ausgeweitet wurden. Bei Anwendung des § 277 Abs. 1 HGB in der Fassung des BilRUG
hätte sich bereits ein als Umsatzerlöse auszuweisender Vorjahresbetrag in Höhe von TEUR 256 ergeben."; 2, 3, 51 ;2016;GmbH;Jahresabschluss;KPMG
Das Gliederungsschema der Gewinn- und Verlustrechnung wurde um den Posten „Ergebnis vor Steuern“ ergänzt.; 1 ;2016;GmbH;Jahresabschluss;KPMG
2 Erläuterungen zu den Posten von Bilanz sowie Gewinn- und Verlustrechnung bezüglich Ausweis, Bilanzierung und Bewertung;;2016;GmbH;Jahresabschluss;KPMG
2.1 Bilanzierungs- und Bewertungsmethoden;;2016;GmbH;Jahresabschluss;KPMG
Entgeltlich erworbene immaterielle Vermögensgegenstände und Sachanlagen werden zu Anschaffungskosten, vermindert um planmäßige Abschreibungen, bewertet.; 8.2, 8.7 ;2016;GmbH;Jahresabschluss;KPMG
Gewährte Zuschüsse auf Gegenstände des Sachanlagevermögens werden aktivisch abgesetzt.; 8.2, 8.7 ;2016;GmbH;Jahresabschluss;KPMG
"Die planmäßigen Abschreibungen werden nach der linearen Abschreibungsmethode über die voraussichtliche Nutzungsdauer der Anlagegegenstände vorgenommen. Anlagegegenstände, deren Anschaffungskosten
im Einzelfall EUR 410,00 nicht übersteigen, werden im Jahr der Anschaffung vollständig abgeschrieben."; 8.2, 8.7 ;2016;GmbH;Jahresabschluss;KPMG
Finanzanlagen sind zu Anschaffungskosten zuzüglich Anschaffungsnebenkosten angesetzt. Soweit erforderlich, werden Abschreibungen auf den niedrigeren beizulegenden Wert vorgenommen.; 8.12 ;2016;GmbH;Jahresabschluss;KPMG
"Ein bisher bilanziell ausgewiesener Sonderposten von Mio. EUR 16,3, der einen zur Finanzierung des Erwerbs von Aktien an der VNG Verbundnetz Gas Aktiengesellschaft, Leipzig (VNG), gewährten Investitionszuschuss
der EWE Aktiengesellschaft, Oldenburg, aus dem Jahr 2004 betrifft, wurde im Geschäftsjahr 2016 mit den Anschaffungskosten der Beteiligung an der VNG verrechnet."; 10 ;2016;GmbH;Jahresabschluss;KPMG
Die Forderungen und sonstigen Vermögensgegenstände werden zum Nennwert unter Berücksichtigung des Niederstwertprinzips erfasst.; 8.25 ;2016;GmbH;Jahresabschluss;KPMG
Der Kassenbestand sowie die Guthaben bei Kreditinstituten werden mit dem Nominalwert bewertet.; 8.33 ;2016;GmbH;Jahresabschluss;KPMG
Aktive Rechnungsabgrenzungsposten werden für Ausgaben gebildet, die Aufwand nach dem Bilanzstichtag darstellen.; 8.34 ;2016;GmbH;Jahresabschluss;KPMG
"Der Ermittlung aktiver sowie passiver latenter Steuern liegt das bilanzorientierte Temporary-Konzept zugrunde (§ 274 Abs. 1 HGB). Dabei werden auch latente Steuern auf quasi-permanente Differenzen, die sich
aus der unterschiedlichen Bewertung der Beteiligungen in der Handels- und Steuerbilanz ergeben, berücksichtigt. Die einbezogenen Unterschiede beziehen sich nicht nur auf eigene Bilanzposten der Stadtholding,
sondern auch auf solche, die bei Organgesellschaften bestehen. Weiterhin hat die Gesellschaft latente Steuern auf Verlustvorträge, die in den nächsten fünf Jahren voraussichtlich zu einer Steuerentlastung führen,
berücksichtigt. Dieser Einschätzung liegen Planungsrechnungen der Stadtholding zugrunde. Die Berechnung erfolgt mit einem unternehmensindividuellen kombinierten Ertragsteuersatz (Körperschaftsteuer
und Solidaritätszuschlag, Gewerbesteuer) von rund 31,7 % beziehungsweise im Fall von zeitlichen Bilanzierungsunterschieden bei Beteiligungen in der Rechtsform einer Personengesellschaft auf Basis eines
kombinierten Ertragsteuersatzes von 15,8 %, der lediglich die Körperschaftsteuer und den Solidaritätszuschlag beinhaltet. Für das Geschäftsjahr ergibt sich unter Anwendung eines saldierten Ausweises (§ 274
Abs. 1 Satz 3 HGB) insgesamt eine aktive latente Steuer. Von dem Wahlrecht zum Ansatz des aktiven latenten Steuerüberhangs aufgrund sich ergebender Steuerentlastungen nach § 274 Abs. 1 Satz 2 HGB
wird kein Gebrauch gemacht."; 8.35, 8.64, 24 ;2016;GmbH;Jahresabschluss;KPMG
"Die latenten Steuern beruhen neben Verlustvorträgen vor allem auf Ansatzunterschieden bei der Stadtholding und den Tochterunternehmen im Organkreis. Dabei resultieren aktive latente Steuern insbesondere
aus handels- und steuerrechtlich abweichenden Wertansätzen bei Sachanlagen und Finanzanlagen, Vorräten, sonstigen Vermögensgegenständen, Sonderposten, Pensionsrückstellungen, sonstigen Rückstellungen,
Verbindlichkeiten sowie beim passiven Rechnungsabgrenzungsposten. Passive latente Steuern resultieren im Wesentlichen aus Sachanlagen und Finanzanlagen, Forderungen, Sonderposten, Rückstellungen sowie
Verbindlichkeiten."; 8.35, 8.64, 24 ;2016;GmbH;Jahresabschluss;KPMG
"Für die Pensionsverpflichtungen aus beitragsorientierten Leistungszusagen bestehen Rückdeckungsversicherungsverträge, welche an die Pensionsanwärter sowie Pensionäre verpfändet sind. Die Höhe der Pensionsverpflichtungen
ist gemäß § 253 Abs. 1 Satz 3 HGB ausschließlich mit dem Zeitwert der Rückdeckungsversicherung bewertet, da es sich um kongruent rückgedeckte Versorgungszusagen handelt."; 8.48 ;2016;GmbH;Jahresabschluss;KPMG
"Entsprechend § 246 Abs. 2 HGB werden die Verpflichtungen und der Aktivwert der Rückdeckungsversicherung verrechnet. Der Zeitwert der verrechneten Vermögensgegenstände (ursprüngliche Anschaffungskosten
TEUR 703) sowie der Erfüllungsbetrag der verrechneten Schulden betragen unter Beachtung bereits geleisteter Zahlungen jeweils TEUR 602."; 8.47, 37 ;2016;GmbH;Jahresabschluss;KPMG
"Der im Geschäftsjahr 2016 im Zeitwert enthaltene Zinsertrag aus den verpfändeten Rückdeckungsversicherungen (TEUR 21) wurde in der Gewinn- und Verlustrechnung mit den Aufwendungen aus der Aufzinsung
der Verpflichtung für 2016 (TEUR 21) saldiert. Darüber hinaus wird der Zuführungsbetrag zu den Pensionsverpflichtungen im Personalaufwand ausgewiesen."; 8.47 ;2016;GmbH;Jahresabschluss;KPMG
"Bei den sonstigen Rückstellungen sind alle erkennbaren Risiken sowie ungewissen Verbindlichkeiten angemessen und ausreichend berücksichtigt; bewertet werden diese Verpflichtungen mit ihren voraussichtlichen
Erfüllungsbeträgen, die sich nach vernünftiger kaufmännischer Beurteilung ergeben."; 8.47 ;2016;GmbH;Jahresabschluss;KPMG
"Rückstellungen, für die sich aufgrund der geänderten Bewertung eine Auflösung ergeben würde, werden gemäß Art. 67 Abs. 1 Satz 2 EGHGB beibehalten, soweit der aufzulösende Betrag bis spätestens zum
31. Dezember 2024 wieder zugeführt werden müsste."; 8.47 ;2016;GmbH;Jahresabschluss;KPMG
Die Verbindlichkeiten sind mit ihren Erfüllungsbeträgen angesetzt.; 8.51 ;2016;GmbH;Jahresabschluss;KPMG
Passive Rechnungsabgrenzungsposten werden für Einnahmen gebildet, die Ertrag nach dem Bilanzstichtag darstellen.; 8.63 ;2016;GmbH;Jahresabschluss;KPMG
2.2 Erläuterungen zur Bilanz;;2016;GmbH;Jahresabschluss;KPMG
Die Gliederung und Entwicklung des Anlagevermögens werden im Anlagenspiegel dargestellt.; 4.1 ;2016;GmbH;Jahresabschluss;KPMG
"Der in den Anteilen an verbundenen Unternehmen erfasste Beteiligungsbuchwert der Leipziger Verkehrsbetriebe (LVB) GmbH, Leipzig (Verkehrsbetriebe), erhöhte sich im Geschäftsjahr 2016 durch Zahlungen
im Rahmen des Verkehrsleistungsfinanzierungsvertrages (VLFV; TEUR 45.000) sowie durch die Zahlung eines Zuschusses zum Ausgleich von Finanzierungsaufwendungen für die Beschaffung neuer Straßenbahnen
(TEUR 2.000). In gleicher Höhe werden Abschreibungen auf den niedrigeren beizulegenden Wert vorgenommen, da nachhaltig nicht mit einer entsprechenden Werterhöhung zu rechnen ist."; 4.13 ;2016;GmbH;Jahresabschluss;KPMG
"Die Ausleihungen an verbundene Unternehmen enthalten langfristig gewährte Darlehen im Rahmen der Konzernfinanzierung an die Stadtwerke Leipzig GmbH, Leipzig (Stadtwerke; TEUR 123.412), an die
Verkehrsbetriebe (TEUR 134.395) und an die Kommunalen Wasserwerke Leipzig GmbH, Leipzig (Wasserwerke; TEUR 148.233)."; 4.14 ;2016;GmbH;Jahresabschluss;KPMG
"Von den Forderungen gegen verbundene Unternehmen betreffen TEUR 417 (Vj.: TEUR 710) Forderungen aus Lieferungen und Leistungen, TEUR 6.773 Forderungen aus Cash Management (Vj. TEUR
10.103) sowie TEUR 39.580 (Vj.: TEUR 14.961) sonstige Vermögensgegenstände."; 4.27, 6 ;2016;GmbH;Jahresabschluss;KPMG
"Sämtliche Forderungen und sonstigen Vermögensgegenstände sind innerhalb eines Jahres zur Zahlung fällig. Im Vorjahr hatten von den Forderungen und sonstigen Vermögensgegenständen TEUR 2 eine
Restlaufzeit von mehr als einem Jahr."; 4.25 ;2016;GmbH;Jahresabschluss;KPMG
Die Kapitalrücklage hat sich im Geschäftsjahr 2016 durch Kapitaleinlagen des Gesellschafters um TEUR 16.271 erhöht.; 4.39 ;2016;GmbH;Jahresabschluss;KPMG
"Die sonstigen Rückstellungen enthalten im Wesentlichen die vorsorglich gebildete Rückstellung im Zusammenhang mit der Freistellung der Wasserwerke von möglichen Belastungen im Rahmen des Rechtsstreits
der Wasserwerke gegen die Landesbank Baden-Württemberg (LBBW) zu CDO-Transaktionen. Die Aufwendungen aus der weiteren Zuführung von Zinsrückstellungen von TEUR 3.128 werden abweichend zum
Vorjahr nicht mehr in den außerordentlichen Aufwendungen, sondern im Zinsaufwand erfasst. Die Rückstellung dotiert zum Bilanzstichtag mit TEUR 90.697."; 4.50, 10, 40 ;2016;GmbH;Jahresabschluss;KPMG
"Weiterhin sind Rückstellungen für ungewisse Verbindlichkeiten und ausstehende Rechnungen von TEUR 1.755 sowie für Vergütungs- und Urlaubsansprüche der Mitarbeiterinnen und Mitarbeiter von TEUR
363 berücksichtigt."; 4.47, 40 ;2016;GmbH;Jahresabschluss;KPMG
Die Verbindlichkeiten gliedern sich entsprechend ihrer Laufzeit wie folgt:; 4.51 ;2016;GmbH;Jahresabschluss;KPMG
"Verbindlichkeiten bis zu einem Jahr (Vorjahr)
Restlaufzeit von einem bis
zu fünf Jahren (Vorjahr) über fünf Jahre (Vorjahr)
in TEUR Gesamt
31.12.2016 (Vorjahr)
1. Verbindlichkeiten gegenüber Kreditinstituten 71.165 300.010 246.347 617.522
(144.689) (306.794) (121.260) (572.743)"; 4.51, 42, 43 ;2016;GmbH;Jahresabschluss;KPMG
"Verbindlichkeiten bis zu einem Jahr (Vorjahr)
Restlaufzeit von einem bis
zu fünf Jahren (Vorjahr) über fünf Jahre (Vorjahr)
in TEUR Gesamt
31.12.2016 (Vorjahr)
2. Verbindlichkeiten aus Lieferungen und Leistungen 875 0 0 875
(745) (0) (0) (745)
3. Verbindlichkeiten gegenüber dem Gesellschafter 26 1.205 236.641 237.872
(0) (0) (237.846) (237.846)
4. Verbindlichkeiten gegenüber verbundenen
Unternehmen 89.131 0 0 89.131
(48.050) (0) (0) (48.050)
5. Sonstige Verbindlichkeiten 913 0 0 913
(3.035) (0) (0) (3.035)
162.110 301.215 482.988 946.313
(196.519) (306.794) (359.106) (862.419)"; 4.51, 20, 42, 43 ;2016;GmbH;Jahresabschluss;KPMG
"Die Verbindlichkeiten gegenüber dem Gesellschafter von TEUR 237.872 (Vj.: TEUR 237.846) betreffen im Wesentlichen Verbindlichkeiten aus der Gewährung eines Darlehens durch die Stadt Leipzig (TEUR
237.846). Auf Grundlage der zwischen der Stadt Leipzig und der Stadtholding am 29. Juni 2009 geschlossenen Rangrücktritts- und Kapitalbelassungsvereinbarung tritt die Stadt Leipzig mit ihren gegenwärtigen
und zukünftigen Forderungen aus oder im Zusammenhang mit dem Gesellschafterdarlehen hinter alle gegenwärtigen und zukünftigen, auch bedingten, befristeten oder gesetzlichen Ansprüche aller übrigen
Gläubiger im Rang zurück. Die Stadt Leipzig verpflichtet sich weiter, während der Dauer der vorliegenden Vereinbarung das Gesellschafterdarlehen bei der Stadtholding zu belassen."; 4.51, 20 ;2016;GmbH;Jahresabschluss;KPMG
"Tilgungen auf das Gesellschafterdarlehen sind bis zur Höhe eines im Konzernabschluss der Stadtholding oder, falls niedriger, im Jahresabschluss der Stadtholding ausgewiesenen positiven, freien Cash Flows
zulässig, höchstens jedoch in Höhe eines künftigen Jahresüberschusses und begrenzt auf einzelne Jahreshöchstbeträge. Sämtliche Zahlungen auf das Gesellschafterdarlehen stehen unter der zusätzlichen Voraussetzung,
dass die Stadtholding ihren Zahlungsverpflichtungen gegenüber Dritten vollständig und fristgerecht nachkommen kann. Auf Grundlage des Beschlusses der Ratsversammlung der Stadt Leipzig vom 24.
August 2016 wurde mit Datum vom 19./21. Dezember 2016 eine Vereinbarung zwischen der Stadt Leipzig und der Stadtholding zur Tilgungsaussetzung für die Jahre 2016 bis 2018 getroffen."; 4.51 ;2016;GmbH;Jahresabschluss;KPMG
"In Umsetzung des Ratsbeschlusses der Stadt Leipzig vom 19. November 2009 erklärt die Stadt Leipzig gegenüber der Stadtholding in der am 1. April 2010 abgegebenen Freigabeerklärung, dass sie alle im
Zusammenhang mit dem Gesellschafterdarlehen bisher zu ihren Gunsten bestellten Pfandrechte an den Geschäftsanteilen der Stadtwerke und der Wasserwerke vollständig und unbedingt freigegeben hat."; 4.51 ;2016;GmbH;Jahresabschluss;KPMG
Weiterhin betreffen die Verbindlichkeiten gegenüber dem Gesellschafter erhaltene Anzahlungen (TEUR 15) sowie Verbindlichkeiten aus einer Kooperationsvereinbarung (TEUR 10).; 4.51, 20 ;2016;GmbH;Jahresabschluss;KPMG
"Die Verbindlichkeiten gegenüber verbundenen Unternehmen enthalten mit TEUR 118 (Vj.: TEUR 39) Verbindlichkeiten aus Lieferungen und Leistungen, mit TEUR 86.686 (Vj.: TEUR 47.694) Verbindlichkeiten
aus Cash Management und mit TEUR 2.327 (Vj.: TEUR 317) sonstige Verbindlichkeiten."; 4.58, 6 ;2016;GmbH;Jahresabschluss;KPMG
"Der passive Rechnungsabgrenzungsposten enthält Arrangierungsprovisionen im Zusammenhang mit der Ausreichung von Darlehen an verbundene Unternehmen. Die Auflösung erfolgt über die Laufzeit der
Darlehensverträge."; 4.63 ;2016;GmbH;Jahresabschluss;KPMG
2.3 Erläuterungen zur Gewinn- und Verlustrechnung;;2016;GmbH;Jahresabschluss;KPMG
Die Umsatzerlöse betreffen mit TEUR 336 im Wesentlichen Erlöse aus der Erbringung von Dienstleistungen gegenüber verbundenen Unternehmen.; 4.66 ;2016;GmbH;Jahresabschluss;KPMG
Die sonstigen betrieblichen Erträge enthalten mit TEUR 175 periodenfremde Erträge, davon betreffen TEUR 121 die Auflösung von Rückstellungen.; 4.69, 54, 57 ;2016;GmbH;Jahresabschluss;KPMG
In den Zinserträgen sind periodenfremde Erträge von TEUR 987 erfasst, welche sich aus Steuererstattungsansprüchen für Vorjahre ergeben.; 4.85, 57 ;2016;GmbH;Jahresabschluss;KPMG
Darüber hinaus sind periodenfremde Aufwendungen in den sonstigen betrieblichen Aufwendungen mit TEUR 11 enthalten.; 4.80, 57 ;2016;GmbH;Jahresabschluss;KPMG
"Außergewöhnliche Aufwendungen von TEUR 3.128 ergeben sich aus der Zuführung von Zinsrückstellungen im Rahmen der Freistellung der Wasserwerke von den Risiken aus der CDO-Transaktion mit der LBBW;
diese sind nach Entfall des Postens in den Zinsaufwendungen enthalten. In den Zinsaufwendungen sind über dies hinaus periodenfremde Aufwendungen von TEUR 701 erfasst, welche sich aus Steuerverpflichtungen
für Vorjahre ergeben."; 57, 60 ;2016;GmbH;Jahresabschluss;KPMG
3 Angaben zum Jahresergebnis;;2016;GmbH;Jahresabschluss;KPMG
Die Stadtholding schließt das Geschäftsjahr 2016 mit einem Jahresfehlbetrag von TEUR 5.308 ab.; 4.91 ;2016;GmbH;Jahresabschluss;KPMG
Das Jahresergebnis des Geschäftsjahres 2016 ist mit Steuern vom Einkommen und vom Ertrag von TEUR 9.560 und für Vorjahre mit TEUR 8.575 beeinflusst.; 4.91 ;2016;GmbH;Jahresabschluss;KPMG
Es wird vorgeschlagen, den Jahresfehlbetrag von TEUR 5.308 durch Entnahmen aus den Gewinnrücklagen auszugleichen.; 68 ;2016;GmbH;Jahresabschluss;KPMG
4 Ergänzende Angaben;;2016;GmbH;Jahresabschluss;KPMG
"Die Stadtholding stellt gemäß § 290 HGB zum 31. Dezember 2016 einen Konzernabschluss auf. Dieser wird beim Betreiber des elektronischen Bundesanzeigers eingereicht und ist über das Unternehmensregister
abrufbar.";;2016;GmbH;Jahresabschluss;KPMG
4.1 Haftungsverhältnisse;;2016;GmbH;Jahresabschluss;KPMG
"Die Stadtholding hat im Rahmen der Konzernfinanzierung Konzernunternehmen aus einem eigenen Avalrahmen über TEUR 7.000 einen Betrag von TEUR 709 zur Sicherung von Altersteilzeitguthaben zur
Verfügung gestellt.";;2016;GmbH;Jahresabschluss;KPMG
"Weiterhin hat die Stadtholding bei einem Kreditinstitut einen Avalrahmen über TEUR 15.000 abgeschlossen, welcher zur Stellung von Bürgschaften oder Garantien des Konzerns genutzt werden kann. Dieser
wurde zum Bilanzstichtag insgesamt mit TEUR 11.120 in Anspruch genommen.";;2016;GmbH;Jahresabschluss;KPMG
Beide Avalrahmen sind durch Negativerklärung gesichert.;;2016;GmbH;Jahresabschluss;KPMG
"Darüber hinaus besteht bei einem weiteren Kreditinstitut ein Garantierahmen zur Stellung von Bürgschaften bzw. Garantien des Konzerns. Die Höhe des Garantierahmens entspricht der jeweiligen Inanspruchnahme.
Dieser wurde zum Bilanzstichtag von Konzernunternehmen mit insgesamt TEUR 1.188 in Anspruch genommen. Eine Erhöhung der Inanspruchnahme des Garantierahmens wird vertragsbedingt nicht mehr
erfolgen, die bestehenden Inanspruchnahmen werden zukünftig abgelöst.";;2016;GmbH;Jahresabschluss;KPMG
Mit einer Inanspruchnahme wird jeweils aufgrund der positiven Vermögens-, Finanz- und Ertragslage der Konzernunternehmen nicht gerechnet.;;2016;GmbH;Jahresabschluss;KPMG
4.2 Sonstige finanzielle Verpflichtungen; 67 ;2016;GmbH;Jahresabschluss;KPMG
Es bestehen sonstige finanzielle Verpflichtungen aus Miet-, Leasing- und Leistungsverträgen von TEUR 3.051, davon TEUR 72 gegenüber verbundenen Unternehmen.; 67 ;2016;GmbH;Jahresabschluss;KPMG
"Darüber hinaus sind auf Grundlage des VLFV Zahlungsverpflichtungen an verbundene Unternehmen für die Jahre 2017 und 2018 von jeweils TEUR 45.000 vorgesehen. Für Folgejahre soll anhand von Trennungsrechnungen
und des sich für den Planungszeitraum ergebenden Finanzierungsbedarfs die Höchstbetragsregelung überprüft werden."; 67 ;2016;GmbH;Jahresabschluss;KPMG
"Weiterhin bestehen Zahlungsverpflichtungen der Stadtholding gegenüber der Verkehrsbetriebe aus Finanzierungsverpflichtungen im Zusammenhang mit der Beschaffung von Straßenbahnfahrzeugen beziehungsweise
Investitionen in die Verkehrsinfrastruktur für die Jahre 2017 (TEUR 2.000) und 2018 (TEUR 5.000)."; 67 ;2016;GmbH;Jahresabschluss;KPMG
"Die Stadtholding hat im Geschäftsjahr 2016 an die Zusatzversorgungskasse des Kommunalen Versorgungsverbandes Sachsen, Dresden, Umlagen von 1,2 % und Zusatzbeiträge von 4,0 % (davon werden teilweise
2,0 % vom Arbeitnehmer getragen) der zusatzversorgungspflichtigen Entgelte aller Beschäftigten geleistet. Die Umlagen und Zusatzbeiträge dienen der mittelfristigen Ausfinanzierung einer Deckungslücke der
Zusatzversorgungskasse, die im Zuge der Umstellung auf ein beitragsfinanziertes, kapitalgedecktes Versicherungssystem besteht. Sobald die Ausfinanzierung erreicht ist, soll die Umlage entfallen."; 67 ;2016;GmbH;Jahresabschluss;KPMG
4.3 Angaben zu den Organen;;2016;GmbH;Jahresabschluss;KPMG
"Der Geschäftsführung gehören an:
–Herr Dr. Norbert Menke, Sprecher der Geschäftsführung, und
–Herr Volkmar Müller, kaufmännischer Geschäftsführer (Arbeitsdirektor)."; 83 ;2016;GmbH;Jahresabschluss;KPMG
Im Geschäftsjahr 2016 wurden den Mitgliedern der Geschäftsführung folgende Leistungen gewährt:; 84 ;2016;GmbH;Jahresabschluss;KPMG
"in TEUR Festes Jahres- grund- gehalt Sonstige Bezüge
Erfolgs- abhängige Vergütungen
Gesamtvergütung
Geleistete Zahlungen im
Falle der Beendigung der
Tätigkeit (Abfindungen)
Dr. Norbert Menke 2401 18 45 303 0
Volkmar Müller 220 10 50 280 0
460 28 95 583 0
in TEUR Art der Alters- Im Geschäftsjahr 2016
Alters- versorgung gezahlte Beträge
ver- sorgung* (Beitrags-) Aufwand Gesamtvergütung
davon erfolgs- abhängige
Vergütung
Dr. Norbert Menke A 30 303 45
Volkmar Müller A 25 280 50
55 583 95"; 84 ;2016;GmbH;Jahresabschluss;KPMG
"1 inklusive Sprecherzulage
* A – beitragsorientierte Leistungszusage
Die Bezüge der früheren Mitglieder der Geschäftsführung betrugen TEUR 42.
Für laufende Pensionen an ehemalige Geschäftsführer sind TEUR 602 zurückgestellt.";;2016;GmbH;Jahresabschluss;KPMG
Der Aufsichtsrat besteht aus folgenden Mitgliedern:;;2016;GmbH;Jahresabschluss;KPMG
"Anteilseignervertreter
Burkhard Jung Oberbürgermeister der
Vorsitzender des Aufsichtsrates Stadt Leipzig"; 83 ;2016;GmbH;Jahresabschluss;KPMG
"Torsten Bonew Bürgermeister und Beigeordneter für Finanzen,
Stadt Leipzig
Axel Dyck Geschäftsführer,
FCB Fachbüro für Consulting und Bodenmechanik GmbH
Reiner Engelmann Diplomlehrer,
Freistaat Sachsen
Katharina Krefft Ärztin,
Sachsenklinik GmbH
Dr. Ilse Lauter Dozentin für Buchführung,
Freiberuflich
Andrea Niermann Richterin,
Landgericht Leipzig
Heiko Oßwald Betriebsprüfer,
Finanzamt Leipzig
Claus-Uwe Rothkegel Geschäftsführer,
Rothkegel BauFachhandel GmbH
Frank Tornau Geschäftsführer,
Saxonia Network Systems GmbH"; 83 ;2016;GmbH;Jahresabschluss;KPMG
"Arbeitnehmervertreter
Ines Kuche Bezirksgeschäftsführerin,
Stellvertretende Vorsitzende ver.di – Vereinte Dienstleistungsgewerkschaft, Bezirk Leipzig-Nordsachsen
Matthias Irmscher Straßenbahnfahrer,
Leipziger Stadtverkehrsbetriebe (LSVB) GmbH
Peter Kubiak Sachbearbeiter Koordination Telekommunikation,
Netz Leipzig GmbH
Sabine Lange stellvertretende Landesleiterin,
ver.di – Vereinte Dienstleistungsgewerkschaft, Landesbezirk Sachsen,
Sachsen-Anhalt und Thüringen
Steffen Laue Vorsitzender des Betriebsrates,
IFTEC GmbH & Co. KG
Jürgen Mehnert Bezirksleiter,
IG Bergbau, Chemie, Energie – Bezirk Leipzig
Ronald Petzold Vorsitzender des Gemeinschaftsbetriebsrates der Leipziger Verkehrsbetriebe
(LVB) GmbH, Leipziger Stadtverkehrsbetriebe (LSVB) GmbH, LeoBus GmbH,
Leipziger Verkehrsbetriebe (LVB) GmbH
Steffen Schmidt Betriebsrat,
Stadtwerke Leipzig GmbH
Michaela Späth Sachbearbeiterin Personalbetreuung,
Kommunale Wasserwerke Leipzig GmbH
Steffen Tippach Bereichsleiter Marketing,
Leipziger Verkehrsbetriebe (LVB) GmbH"; 83 ;2016;GmbH;Jahresabschluss;KPMG
Die Mitglieder des Aufsichtsrates erhielten für ihre Tätigkeit im Geschäftsjahr 2016 folgende Vergütung und Aufwandsentschädigung:; 84 ;2016;GmbH;Jahresabschluss;KPMG
"Anteilseignervertreter Vergütung
in TEUR Aufwandsentschädigung
Burkhard Jung
Vorsitzender des Aufsichtsrates 1,4 0,5
Torsten Bonew 0,7 0,5
Axel Dyck 0,8 0,5
Reiner Engelmann 0,8 0,5
Katharina Krefft 0,8 0,5
Dr. Ilse Lauter 0,7 0,5
Andrea Niermann 0,7 0,5
Heiko Oßwald 0,7 0,5
Claus-Uwe Rothkegel 0,7 0,5
Frank Tornau 0,7 0,5"; 84 ;2016;GmbH;Jahresabschluss;KPMG
"Arbeitnehmervertreter Vergütung in TEUR Aufwandsentschädigung
Ines Kuche
Stellvertretende Aufsichtsratsvorsitzende 1,1 0,5
Matthias Irmscher 0,8 0,5
Peter Kubiak 0,8 0,5
Anteilseignervertreter Vergütung
in TEUR Aufwandsentschädigung
Sabine Lange 0,7 0,5
Steffen Laue 0,7 0,5
Jürgen Mehnert 0,7 0,5
Ronald Petzold 0,7 0,5
Steffen Schmidt 0,7 0,5
Michaela Späth 0,8 0,5
Steffen Tippach 0,8 0,5"; 84 ;2016;GmbH;Jahresabschluss;KPMG
4.4 Abschlussprüferhonorar;;2016;GmbH;Jahresabschluss;KPMG
"Auf die Angabe des vom Abschlussprüfer berechneten Gesamthonorars nach § 285 Nr. 17 HGB wird verzichtet, da diese Angaben in dem von der Stadtholding aufgestellten Konzernabschluss zum 31. Dezember
2016 enthalten sein werden";;2016;GmbH;Jahresabschluss;KPMG
4.5 Mitarbeiter im Jahresdurchschnitt (§ 267 Abs. 5 HGB);;2016;GmbH;Jahresabschluss;KPMG
Die Stadtholding beschäftigte im Jahresdurchschnitt 44 (Vj.: 43) Gehaltsempfänger.; 64 ;2016;GmbH;Jahresabschluss;KPMG
4.6 Anteilsbesitz der LVV Leipziger Versorgungs- und Verkehrsgesellschaft mbH, Leipzig, zum 31. Dezember 2016 (§ 285 Nr. 11 HGB); 77 ;2016;GmbH;Jahresabschluss;KPMG
"Verbundene Unternehmen Abkürzung Gesellschafter
Anteil am gezeichneten
Kapital.
%
Eigenkapital.
TEUR
Ergebnis .
TEUR
Bau und Service Leipzig GmbH,
Leipzig
Bau und Service Wasserwerke 100,00 1.467 1.9871
ELG Leipzig GmbH, Leipzig ELG Stadtwerke 90,00 41 3
Verkehrsbetriebe 10,00
Gda?skie Przedsi?biorstwo Energetyki
Cieplnej Sp. z o.o.,
GPEC Stadtwerke 82,86 78.288 12.906
Gda?sk, Polen2
GPEC EKSPERT SP. Z O.O.,
Gda?sk, Polen2
GPEC EKSPERT GPEC 100,00 21 3
GPEC ENERGIA SP. Z O.O., Jelenia
Góra, Polen2
GPEC ENERGIA GPEC 100,00 1.359 -592
GPEC PLUS SP. Z O.O.;
Gda?sk, Polen2
GPEC PLUS GPEC 100,00 k. A. k. A."; 77 ;2016;GmbH;Jahresabschluss;KPMG
"Verbundene Unternehmen Abkürzung Gesellschafter
Anteil am gezeichneten
Kapital.
%
Eigenkapital.
TEUR
Ergebnis .
TEUR
GPEC PRO SP. Z O.O.; Gda?sk,
Polen2
GPEC PRO GPEC 100,00 k. A. k. A.
GPEC SERWIS SP. Z O.O.,
Gda?sk, Polen2
GPEC SERWIS GPEC 100,00 5.257 2.845
GPEC STAROGARD SP. Z
O.O., Starogard Gda?ski, Polen2
GPEC STAROGARD GPEC 100,00 5.891 773
GPEC SYSTEM SP. Z O.O.,
Gda?sk, Polen2
GPEC SYSTEM GPEC 100,00 k. A. k. A.
GPEC TCZEW SP. Z O.O., Tczew,
Polen2
GPEC TCZEW GPEC 100,00 4.770 734
IFTEC GmbH Co. KG, Leipzig IFTEC Verkehrsbetriebe 50,00 10.157 2.844
LIBV 0,00
Innvo Innovationsgesellschaft-
Management mbH, Leipzig
3
Innvo mbH Stadtwerke 100,00 194 -1
Kommunale Wasserwerke Leipzig
GmbH, Leipzig
Wasserwerke Stadtholding 74,65 285.417 24.0044
LAB Leipziger Aus- und Weiterbildungsbetriebe
GmbH, Leipzig
LAB Verkehrsbetriebe 51,00 390 9
LSVB 25,00
IFTEC 24,00
LAS GmbH, Leipzig LAS Stadtwerke 100,00 499 1.8571
Leipziger Servicebetriebe (LSB)
GmbH, Leipzig
LSB Verkehrsbetriebe 100,00 297 27
Leipziger Stadtverkehrsbetriebe
(LSVB) GmbH, Leipzig
LSVB Verkehrsbetriebe 100,00 354 771
Leipziger Verkehrsbetriebe
(LVB) GmbH, Leipzig
Verkehrsbetriebe Stadtholding 100,00 136.141 0,31
Leipziger Windpark Management
GmbH, Leipzig
LWM Stadtwerke 100,00 25 0"; 77 ;2016;GmbH;Jahresabschluss;KPMG
"Verbundene Unternehmen Abkürzung Gesellschafter
Anteil am gezeichneten
Kapital.
%
Eigenkapital.
TEUR
Ergebnis .
TEUR
LeoBus GmbH, Leipzig LeoBus Verkehrsbetriebe 100,00 2.123 157
LSI GmbH LSI Bau und Service 100,00 453 214
LTB Leipziger Transport und Logistik
Betriebe GmbH, Leipzig
LTB LeoBus 75,00 806 123
Verkehrsbetriebe 25,00
Natur21 GmbH, Leipzig Natur21 Stadtwerke 100,00 25 21
Netz Leipzig GmbH, Leipzig Netz Leipzig Stadtwerke 100,00 30.009 -8.2721
Orchis Energia Sopot Sp. z o.o.,
Sopot, Polen2
Orchis GPEC 65,12 1.536 86
Sportbäder Leipzig GmbH, Leipzig
Sportbäder Wasserwerke 100,00 1.409 0
Stadtwerke Leipzig GmbH, Leipzig
Stadtwerke Stadtholding 100,00 250.066 64.0691
SWL Beteiligungs GmbH, Leipzig
SWLB Stadtwerke 100,00 35 -3
Thüringenwind GmbH & Co.
Tüngeda KG, Hörselberg-Hainich3
Tüngeda LWM 0,00 963 -490
Stadtwerke 70,00
Verkehrs-Consult Leipzig (VCL)
GmbH, Leipzig
VCL IFTEC 75,00 290 562
Wassergut Canitz GmbH, Leipzig
Wassergut Wasserwerke 100,00 1.489 2031
Beteiligungen Abkürzung Gesellschafter
Anteil am gezeichneten
Kapital.
%
Eigenkapital.
TEUR
Ergebnis .
TEUR
8KU GmbH, Berlin3 8KU Stadtwerke 12,50 287 6
beka GmbH, Köln3 beka Verkehrsbetriebe 0,47 383 63
envia Mitteldeutsche Energie
AG, Chemnitz3
enviaM Stadtholding 0,075 1.738.767 306.994"; 77 ;2016;GmbH;Jahresabschluss;KPMG
"Beteiligungen Abkürzung Gesellschafter
Anteil am gezeichneten
Kapital.
%
Eigenkapital.
TEUR
Ergebnis .
TEUR
Ennovatis GmbH, Großpösna6 ennovatis Innvo mbH 6,27 -246 129
Erdgasversorgung Industriepark
Leipzig Nord GmbH, Leipzig
EVIL Stadtwerke 50,00 436 6
European Energy Exchange AG,
Leipzig
EEX Stadtholding 7,38 129.282 66.132
Fernwasserversorgung Elbaue-
Ostharz GmbH, Leipzig
FEO Wasserwerke 25,50 118.498 3.231
FWNL Fernwärmenetz Leipzig
GmbH & Co. KG, i. L., Leipzig6
FWNL Stadtwerke 0,15 3.507 -37
Heizkraftwerk Eutritzscher Straße
GmbH & Co. KG, i. L., Leipzig6
EuKG Stadtwerke 25,75 2.718 -205
SWLB 0,00
Joblinge gemeinnützige AG
Leipzig, Leipzig3
Joblinge Stadtwerke 6,67 50 0
KBE Kommunale Beteiligungsgesellschaft
mbH
KBE Stadtholding 1,35 511.028 45.837
an der envia, Chemnitz7
LIB Verwaltungs-GmbH, Leipzig
LIBV Verkehrsbetriebe 50,00 26 1
Meter1 GmbH & Co. KG, Halle
(Saale)
Meter1 KG Meter1 GmbH 0,00 323 615
Stadtwerke 33,33
Meter1 Verwaltung GmbH, Halle
(Saale)
Meter1 GmbH Stadtwerke 33,33 32 1
Mitteldeutscher Verkehrsverbund
GmbH (MDV), Leipzig3
MDV Verkehrsbetriebe 17,55 461 0
Servicegesellschaft Saale mbH,
Halle (Saale)3
SGS LSB 49,00 132 0"; 77 ;2016;GmbH;Jahresabschluss;KPMG
"Beteiligungen Abkürzung Gesellschafter
Anteil am gezeichneten
Kapital.
%
Eigenkapital.
TEUR
Ergebnis .
TEUR
SAG Abwicklungs AG (vormals
Solarion AG), Zwenkau8
SAG Innvo mbH 11,43 36.620 1.260
Trianel Erneuerbare Energien
GmbH & Co. KG, Aachen3
TEE Stadtwerke 5,66 24.545 -299
Trianel Erneuerbare Energien
Verwaltungs GmbH, Aachen3
TEEV TEE 100,00 26 1
Verbundnetz Gas Verwaltungsund
VNG VuB Stadtholding 34,57 317 3
Beteiligungsgesellschaft m.b.H.,
Leipzig
VNG – Verbundnetz Gas Aktiengesellschaft,
Leipzig
VNG AG Stadtholding 7,46 9 642.961 -55.825
WEO GmbH & Co. KG, Berlin3 WEO KG WEO GmbH 0,00 010 -609
Stadtwerke 33,33
WEO Verwaltungs GmbH, Berlin3
WEO GmbH WEO KG 100,00 36 4"; 77 ;2016;GmbH;Jahresabschluss;KPMG
"1 Jahresergebnis vor Ergebnisabführung
2 Umrechnungskurs Bilanz zum Stichtag, Gewinn- und Verlustrechnung zum Durchschnitt
3 Angaben entsprechend Jahresabschluss zum 31. Dezember 2015
4 Jahresergebnis vor Ergebnisabführung und Ausgleichszahlung Minderheitsgesellschafter
5 treuhänderisch gehaltenes Aktienpaket über KBE
6 Angaben entsprechend Jahresabschluss zum 31. Dezember 2013
7 Angaben entsprechend Jahresabschluss zum 30. Juni 2016
8 Angaben entsprechend Jahresabschluss zum 31. Dezember 2012
9 über VNG VuB gehaltene LVV-Anteile
10 nicht durch Vermögenseinlagen gedeckter Verlustanteil der Kommanditisten von TEUR 4.941"; 77 ;2016;GmbH;Jahresabschluss;KPMG
5 Nachtragsbericht; 69 ;2016;GmbH;Jahresabschluss;KPMG
"Weitere Vorgänge von besonderer Bedeutung, die nicht bereits im Jahresabschluss zum 31. Dezember 2016 sowie im Lagebericht für das Geschäftsjahr 2016 Erwähnung fanden, sind nach dem Schluss des
Geschäftsjahres nicht zu verzeichnen."; 69 ;2016;GmbH;Jahresabschluss;KPMG
Leipzig, den 31. März 2017;;2016;GmbH;Jahresabschluss;KPMG
Geschäftsführung;;2016;GmbH;Jahresabschluss;KPMG
"Dr. Norbert Menke
Volkmar Müller";;2016;GmbH;Jahresabschluss;KPMG
Entwicklung des Anlagevermögens im Geschäftsjahr 2016; 15, 16 ;2016;GmbH;Jahresabschluss;KPMG
"in TEUR Anschaffungs- und Herstellungskosten
01.01.2016 Zugänge Umbuchung Zuschüsse Abgänge 31.12.2016
I. Immaterielle Vermögensgegenstände
1. Entgeltlich erworbene
EDV-Programme sowie
ähnliche Rechte und Werte
832 138 349 0 0 1.319
2. geleistete Anzahlungen 308 41 -349 0 0 0
1.140 179 0 0 0 1.319
II. Sachanlagen
1. Bauten auf fremden
Grundstücken
4 211 0 -211 0 4
2. Betriebs- und Geschäftsausstattung
192 77 0 0 27 242
3. geleistete Anzahlungen 0 38 0 0 0 38
196 326 0 -211 27 284
III. Finanzanlagen
1. Anteile an verbundenen
Unternehmen
1.616.287 47.000 0 0 0 1.663.287"; 15, 16 ;2016;GmbH;Jahresabschluss;KPMG
"in TEUR Anschaffungs- und Herstellungskosten
01.01.2016 Zugänge Umbuchung Zuschüsse Abgänge 31.12.2016
2. Ausleihungen an verbundene
Unternehmen
369.726 91.000 0 0 54.686 406.040
3. Beteiligungen 131.853 0 0 -16.273 0 115.580
2.117.866 138.000 0 -16.273 54.686 2.184.907
2.119.202 138.505 0 -16.484 54.713 2.186.510
in TEUR Kumulierte Abschreibungen
01.01.2016 Zugänge Abgänge 31.12.2016
I. Immaterielle Vermögensgegenstände
1. Entgeltlich erworbene EDV-Programme
sowie
ähnliche Rechte und Werte 409 159 0 568
2. geleistete Anzahlungen 0 0 0 0
409 159 0 568
II. Sachanlagen
1. Bauten auf fremden Grundstücken
1 1 0 2
2. Betriebs- und Geschäftsausstattung
114 43 27 130
3. geleistete Anzahlungen 0 0 0 0
115 44 27 132
III. Finanzanlagen
1. Anteile an verbundenen Unternehmen
1.025.658 47.000 0 1.072.658
2. Ausleihungen an verbundene Unternehmen
0 0 0 0
3. Beteiligungen 0 0 0 0
1.025.658 47.000 0 1.072.658
1.026.182 47.203 27 1.073.358"; 15, 16 ;2016;GmbH;Jahresabschluss;KPMG
"in TEUR Buchwerte
31.12.2016 31.12.2015
I. Immaterielle Vermögensgegenstände
1. Entgeltlich erworbene EDV-Programme sowie
ähnliche Rechte und Werte 751 28
2. geleistete Anzahlungen 0 0
751 28
II. Sachanlagen
1. Bauten auf fremden Grundstücken 2 3
2. Betriebs- und Geschäftsausstattung 112 88
3. geleistete Anzahlungen 38 0
152 91
III. Finanzanlagen
1. Anteile an verbundenen Unternehmen 590.629 590.629
2. Ausleihungen an verbundene Unternehmen 406.040 308.543
3. Beteiligungen 115.580 126.301
1.112.249 1.025.473
1.113.152 1.025.592"; 15, 16 ;2016;GmbH;Jahresabschluss;KPMG
Bilanz zum 31. Dezember 2016;;2016;GmbH;Jahresabschluss;KPMG
Aktiva;;2016;GmbH;Jahresabschluss;KPMG
"31.12.2016 in TEUR 31.12.2015
A. Anlagevermögen
I. Immaterielle Vermögensgegenstände
1. Entgeltlich erworbene EDV-Programme sowie ähnliche Rechte und Werte 751 423
2. geleistete Anzahlungen 0 308
751 731
II. Sachanlagen
1. Bauten auf fremden Grundstücken 2 3
2. Betriebs- und Geschäftsausstattung 112 78
3. geleistete Anzahlungen 38 0
152 81
III. Finanzanlagen
1. Anteile an verbundenen Unternehmen 590.629 590.629
2. Ausleihungen an verbundene Unternehmen 406.040 369.726
3. Beteiligungen 115.580 131.853
1.112.249 1.092.208
1.113.152 1.093.020
B. Umlaufvermögen";;2016;GmbH;Jahresabschluss;KPMG
"31.12.2016 in TEUR 31.12.2015
I. Forderungen und sonstige Vermögensgegenstände
1. Forderungen gegen verbundene Unternehmen 46.770 25.774
2. Forderungen gegen Gesellschafter 0 8
3. Forderungen gegen Unternehmen, mit denen ein Beteiligungsverhältnis besteht 51 0
4. Sonstige Vermögensgegenstände 12.899 21.690
59.720 47.472
II. Kassenbestand und Guthaben bei Kreditinstituten 130.676 63.210
190.396 110.682
C. Rechnungsabgrenzungsposten 217 76
1.303.765 1.203.778"; 20 ;2016;GmbH;Jahresabschluss;KPMG
Passiva;;2016;GmbH;Jahresabschluss;KPMG
"31.12.2016 in TEUR 31.12.2015
A. Eigenkapital
I. Gezeichnetes Kapital 512 512
II. Kapitalrücklage 199.472 183.201
III. Gewinnrücklagen 51.055 30.808
IV. Jahresfehlbetrag/-überschuss -5.308 20.247
245.731 234.768
B. Sonderposten für Investitionszuschüsse 0 16.273
C. Rückstellungen
1. Steuerrückstellungen 18.258 200
2. Sonstige Rückstellungen 92.816 88.319
111.074 88.519
D. Verbindlichkeiten
1. Verbindlichkeiten gegenüber Kreditinstituten 617.522 572.742
2. Verbindlichkeiten aus Lieferungen und Leistungen 874 745
3. Verbindlichkeiten gegenüber dem Gesellschafter 237.872 237.846
4. Verbindlichkeiten gegenüber verbundenen Unternehmen 89.131 48.050
5. Sonstige Verbindlichkeiten 914 3.035
davon aus Steuern: TEUR 908 (Vj.: TEUR 257)";;2016;GmbH;Jahresabschluss;KPMG
"31.12.2016 in TEUR 31.12.2015
946.313 862.418
E. Rechnungsabgrenzungsposten 647 1.800
1.303.765 1.203.778";;2016;GmbH;Jahresabschluss;KPMG
Gewinn- und Verlustrechnung für das Geschäftsjahr vom 1. Januar bis 31. Dezember 2016;;2016;GmbH;Jahresabschluss;KPMG
"2016 in TEUR 2015
1. Umsatzerlöse 370 0
2. Sonstige betriebliche Erträge 1.045 1.953
3. Personalaufwand
a) Löhne und Gehälter 3.664 3.431
b) Soziale Abgaben und Aufwendungen für Altersversorgung und für Unterstützung 624 578
davon für Altersversorgung: TEUR 140 (Vj.: TEUR 133)
4.288 4.009
4. Abschreibungen auf immaterielle Vermögensgegenstände des Anlagevermögens und Sachanlagen 203 41
5. Sonstige betriebliche Aufwendungen 4.099 5.990
6. Erträge aus Beteiligungen 1.195 6.579
7. Erträge aus Gewinnabführungsverträgen 87.566 84.477
8. Erträge aus Ausleihungen des Finanzanlagevermögens 8.569 7.917
davon aus verbundenen Unternehmen: TEUR 8.569 (Vj.: TEUR 7.917)
9. Sonstige Zinsen und ähnliche Erträge 2.767 3.158
davon aus verbundenen Unternehmen: TEUR 827 (Vj.: TEUR 1.178)
10. Abschreibungen auf Finanzanlagen 47.000 46.000
11. Zinsen und ähnliche Aufwendungen 33.095 30.759
davon an verbundene Unternehmen: TEUR 4 (Vj.: TEUR 24)
12.Ergebnis vor Steuern 12.827 17.285
13. Steuern vom Einkommen und vom Ertrag 18.135 -2.962
14. Ergebnis nach Steuern -5.308 20.247
15. Jahresfehlbetrag/-überschuss -5.308 20.247";;2016;GmbH;Jahresabschluss;KPMG
