;  Annotierung (Angabe Nummer in Anahngscheckliste)  ;Geschäftsjahr;Gesellschaft;Abschlussart;Prüfer
;;;;;
1 Angaben zur Form und Darstellung von Bilanz sowie Gewinn- und Verlustrechnung;;2016;Stadtwerke Leipzig GmbH;Jahresabschluss;KPMG
Die Stadtwerke Leipzig GmbH, Leipzig (nachfolgend Stadtwerke), hat ihren Sitz in Leipzig. Sie ist im Handelsregister des Amtsgerichtes Leipzig unter der Handelsregisternummer HRB 3058 eingetragen.; 90 ;2016;Stadtwerke Leipzig GmbH;Jahresabschluss;KPMG
Im vorliegenden Jahresabschluss der Stadtwerke wurden die Vorschriften des Handelsgesetzbuches (HGB), des Gesetzes über die Eröffnungsbilanz in Deutscher Mark und die Kapitalneufestsetzung (DMBilG) sowie die einschlägigen Vorschriften des Gesetzes betreffend die Gesellschaften mit beschränkter Haftung (GmbHG) angewendet.; 8.0 ;2016;Stadtwerke Leipzig GmbH;Jahresabschluss;KPMG
Die Gliederung der Bilanz erfolgte nach den Vorschriften gemäß § 266 ff. HGB. Die Gewinn- und Verlustrechnung wurde nach dem Gesamtkostenverfahren gemäß § 275 Abs. 2 HGB aufgestellt.; 8.0 ;2016;Stadtwerke Leipzig GmbH;Jahresabschluss;KPMG
Aufgrund der Anpassung der Gliederung der handelsrechtlichen Gewinn- und Verlustrechnung sowie der Definition der Umsatzerlöse im Rahmen des Bilanzrichtlinie-Umsetzungsgesetzes (BilRUG) sind einzelne Posten der Gewinn- und Verlustrechnung nur eingeschränkt mit dem Vorjahr vergleichbar. Die sich bei Anwendung des § 277 Abs. 1 HGB in der Fassung des BilRuG ergebenden Vorjahresangaben sind im Abschnitt; 51 ;2016;Stadtwerke Leipzig GmbH;Jahresabschluss;KPMG
2.3 näher erläutert. Weiterhin erfolgte für das Vorjahr eine Umgliederung des außerordentlichen Postens in die sonstigen betrieblichen Aufwendungen. Dies führt zu einer Veränderung der Vorjahresangaben in der Gewinn- und Verlustrechnung.; 1, 3, 51 ;2016;Stadtwerke Leipzig GmbH;Jahresabschluss;KPMG
Mit Wirkung zum 1. Januar 2016 ist die RETIS Leipzig GmbH, Leipzig, (nachfolgend RETIS) auf die Stadtwerke verschmolzen worden. Im Zuge der Verschmelzung wurde das Vermögen der RETIS, im Wesentlichen bestehend aus dem Gas- und Fernwärmenetz im Stadtgebiet, als Ganzes auf die Stadtwerke übertragen. Aus diesem Grund sind einzelne Posten der Bilanz nur eingeschränkt mit dem Vorjahr vergleichbar. Die Anschaffungskosten der übertragenen Vermögensgegenstände und Schulden wurden nach dem Buchwert der untergegangenen Anteile an der RETIS bemessen. Die wesentlichen bilanziellen Effekte sowie Bewertungsgrundlagen werden in den Abschnitten 2.1.1 und 2.2.1 erläutert.; 2 ;2016;Stadtwerke Leipzig GmbH;Jahresabschluss;KPMG
2 Erläuterungen zu den Posten von Bilanz sowie Gewinn- und Verlustrechnung bezüglich Ausweis, Bilanzierung und Bewertung;;2016;Stadtwerke Leipzig GmbH;Jahresabschluss;KPMG
2.1 Bilanzierungs- und Bewertungsmethoden;;2016;Stadtwerke Leipzig GmbH;Jahresabschluss;KPMG
Für die Aufstellung des Jahresabschlusses sind die nachfolgenden Bilanzierungs- und Bewertungsmethoden maßgebend.;;2016;Stadtwerke Leipzig GmbH;Jahresabschluss;KPMG
2.1.1 Anlagevermögen; 8.1 ;2016;Stadtwerke Leipzig GmbH;Jahresabschluss;KPMG
Entgeltlich erworbene immaterielle Vermögensgegenstände und Sachanlagen werden zu Anschaffungs- beziehungsweise Herstellungskosten abzüglich planmäßiger und außerplanmäßiger Abschreibungen be- wertet. In den Herstellungskosten selbst erstellter Sachanlagen sind neben den Einzelkosten auch angemessene Teile der Gemeinkosten berücksichtigt.; 8.4, 8.7 ;2016;Stadtwerke Leipzig GmbH;Jahresabschluss;KPMG
Grundstückszugänge gemäß Vermögenszuordnungsgesetz sind mit einem pauschalen Bodenwert bilanziert. Unentgeltlich übernommene Anlagegegenstände wurden zum Zeitpunkt der Übertragung mit ihrem Verkehrswert angesetzt.; 8.7 ;2016;Stadtwerke Leipzig GmbH;Jahresabschluss;KPMG
Die Anschaffungskosten der durch die Verschmelzung übergegangenen Vermögensgegenstände und Schulden der RETIS wurden nach dem Buchwert der untergegangenen Anteile an der RETIS bemessen. Die Gesamtanschaffungskosten des Anlagevermögens wurden auf die einzelnen Vermögensgegenstände des Gasnetzes bis zur Höhe der, in Anlehnung an die GasNEV, ermittelten Sachzeitwerte und im Falle des Fernwärmenetzes bis zur Höhe der Ertragswerte verteilt. Die Verteilung der Anschaffungskosten erfolgte demnach nach dem Verhältnis der auf dieser Basis ermittelten Zeitwerte. Entsprechend der historischen Aktivierungsdaten wurden die Zugänge eines Jahres für das Gas- und Fernwärmenetz jeweils zu Jahressammelposten zusammengefasst, für die ein Zugang zum 30. Juni unterstellt wird. Nach Übertragung des Gasnetzes wurden die Nutzungsdauern entsprechend GasNEV umgestellt. Für die Anlagen des Fernwärmenetzes wurden die Nutzungsdauern beibehalten.; 8.7 ;2016;Stadtwerke Leipzig GmbH;Jahresabschluss;KPMG
Planmäßige Abschreibungen erfolgen überwiegend linear unter Zugrundelegung der betriebsgewöhnlichen Nutzungsdauer.; 8.4, 8.7 ;2016;Stadtwerke Leipzig GmbH;Jahresabschluss;KPMG
Geringwertige Wirtschaftsgüter mit Anschaffungs- und Herstellungskosten bis zu EUR 150,00 werden grundsätzlich im Jahr der Anschaffung aufwandswirksam verbucht. Bei geringwertigen Wirtschaftsgütern mit Anschaffungskosten zwischen EUR 150,00 und EUR 410,00 wurde vom Wahlrecht der Sofortabschreibung im Zugangsjahr Gebrauch gemacht.; 8.7 ;2016;Stadtwerke Leipzig GmbH;Jahresabschluss;KPMG
Finanzanlagen sind zu Anschaffungskosten angesetzt. Bei Ausleihungen wurde der Nennwert zugrunde gelegt.; 8.12 ;2016;Stadtwerke Leipzig GmbH;Jahresabschluss;KPMG
Soweit erforderlich, wurden Abschreibungen auf den niedrigeren beizulegenden Wert am Bilanzstichtag gemäß § 253 Abs. 3 Satz 5 HGB bei voraussichtlich dauerhafter Wertminderung vorgenommen.; 8.7 ;2016;Stadtwerke Leipzig GmbH;Jahresabschluss;KPMG
2.1.2 Umlaufvermögen; 8.19 ;2016;Stadtwerke Leipzig GmbH;Jahresabschluss;KPMG
Die Roh-, Hilfs- und Betriebsstoffe werden grundsätzlich zu durchschnittlichen Einstandspreisen unter Berücksichtigung des Niederstwertprinzips angesetzt.; 8.21 ;2016;Stadtwerke Leipzig GmbH;Jahresabschluss;KPMG
Unentgeltlich zugeteilte Emissionszertifikate werden unter den Vorräten zum Erinnerungswert angesetzt. Entgeltlich erworbene Emissionszertifikate werden ebenfalls in den Vorräten zu Anschaffungskosten bilanziert. Soweit erforderlich, wurden Abwertungen auf den niedrigeren beizulegenden Wert am Bilanzstichtag vorgenommen.; 8.20, 23 ;2016;Stadtwerke Leipzig GmbH;Jahresabschluss;KPMG
Unfertige Leistungen sind verlustfrei zu Herstellungskosten bewertet.; 8.22 ;2016;Stadtwerke Leipzig GmbH;Jahresabschluss;KPMG
Forderungen und sonstige Vermögensgegenstände sind zum Nennwert bewertet, erkennbaren Risiken ist durch die Bildung angemessener Wertberichtigungen Rechnung getragen. Für allgemeine Ausfallrisiken wurden pauschalierte Einzelwertberichtigungen nach der Altersstruktur der Forderungen sowie für allgemeine Kreditrisiken eine Pauschalwertberichtigung von 1,0 % gebildet. Innerhalb der Forderungen aus Strom-, Gas- und Fernwärmelieferungen sind erhaltene Abschlagszahlungen auf den abgegrenzten, noch nicht abgelesenen Verbrauch der Kunden der Stadtwerke verrechnet.; 8.25 ;2016;Stadtwerke Leipzig GmbH;Jahresabschluss;KPMG
Insoweit Netting-Vereinbarungen mit Großhandelspartnern bestehen, sind Saldierungen von Forderungen und Verbindlichkeiten vorgenommen worden.; 8.25, 8.51 ;2016;Stadtwerke Leipzig GmbH;Jahresabschluss;KPMG
Sofern es sich bei den sonstigen Vermögensgegenständen um Zweckvermögen zur Absicherung von Altersteilzeitverpflichtungen handelt, erfolgt gemäß § 246 Abs. 2 Satz 2 HGB eine Saldierung mit den Rückstellungen für Altersteilzeitverpflichtungen.; 8.29 ;2016;Stadtwerke Leipzig GmbH;Jahresabschluss;KPMG
Flüssige Mittel (Kassenbestand, Guthaben bei Kreditinstituten und Schecks) werden zum Nennwert bewertet.; 8.33 ;2016;Stadtwerke Leipzig GmbH;Jahresabschluss;KPMG
2.1.3 Eigenkapital; 8.37 ;2016;Stadtwerke Leipzig GmbH;Jahresabschluss;KPMG
Das gezeichnete Kapital ist zum Nennbetrag bewertet.; 8.38 ;2016;Stadtwerke Leipzig GmbH;Jahresabschluss;KPMG
2.1.4 Sonderposten; 8.37 ;2016;Stadtwerke Leipzig GmbH;Jahresabschluss;KPMG
Für den Sonderposten mit Rücklageanteil wurde vom Beibehaltungs- und Fortführungswahlrecht gemäß Art. 67 Abs. 3 Satz 1 Einführungsgesetz zum Handelsgesetzbuch (EGHGB) Gebrauch gemacht.; 8.37, 32 ;2016;Stadtwerke Leipzig GmbH;Jahresabschluss;KPMG
Der für Sonderabschreibungen nach § 4 Fördergebietsgesetz (FöGbG) gebildete Sonderposten mit Rücklageanteil wird planmäßig ertragswirksam aufgelöst. Die Auflösung erfolgt grundsätzlich nach Ablauf des Begünstigungszeitraumes linear über die Restnutzungsdauer des Anlagegegenstandes oder bei Abgang der begünstigten Sachanlagen.; 8.37 ;2016;Stadtwerke Leipzig GmbH;Jahresabschluss;KPMG
Investitionszuschüsse werden als Sonderposten zum Anlagevermögen passiviert und über die Nutzungsdauer der Anlagegegenstände aufgelöst.; 8.37 ;2016;Stadtwerke Leipzig GmbH;Jahresabschluss;KPMG
Die jährliche Auflösung des Sonderpostens für Baukostenzuschüsse beträgt für erhaltene Baukostenzuschüsse bis zum 31. Dezember 2002 5,0 %. Ab dem 1. Januar 2003 erfolgt die Auflösung über die Nutzungs- dauer der bezuschussten Vermögensgegenstände. Die im Sonderposten für unentgeltlich ausgegebene Emissionsberechtigungen ausgewiesenen Rechte wurden zum Erinnerungswert bilanziert.; 8.37, 23 ;2016;Stadtwerke Leipzig GmbH;Jahresabschluss;KPMG
2.1.5 Rückstellungen; 8.47 ;2016;Stadtwerke Leipzig GmbH;Jahresabschluss;KPMG
Für die seit dem 1. Januar 2010 bestehenden Rückstellungen wurden, soweit möglich, die Wahlrechte gemäß Art. 67 Abs. 1 und Abs. 3 EGHGB zur Beibehaltung und Fortführung in Anspruch genommen.; 8.47 ;2016;Stadtwerke Leipzig GmbH;Jahresabschluss;KPMG
Ausgewählte Personalrückstellungen sowie Rückstellungen für Pensionen und ähnliche Verpflichtungen werden auf Basis versicherungsmathematischer Gutachten unter Zugrundelegung der Richttafeln 2005 G von Prof. Dr. Klaus Heubeck nach dem Anwartschaftsbarwertverfahren (Projected Unit Credit Method) gebildet. Der zugrunde gelegte Rechnungszins für die Abzinsung der Rückstellungen für Altersver- sorgungsverpflichtungen beläuft sich gemäß § 253 Abs. 2 Satz 1, 2 HGB zum 31. Dezember 2016 auf 4,01 % und im Falle sonstiger Rückstellungen auf 3,23 %. Aus der Abzinsung der Rückstellungen für Altersversorgungsverpflichtungen mit dem durchschnittlichen Marktzinssatz der vergangenen zehn Jahre ergibt sich im Vergleich zur Abzinsung mit dem durchschnittlichen Marktzinssatz der vergangenen sieben Jahre ein Unterschiedsbetrag in Höhe von TEUR 1.000.; 8.48, 34, 35 ;2016;Stadtwerke Leipzig GmbH;Jahresabschluss;KPMG
Der Jahresabschluss wurde unter Anwendung des Gesetzeswortlautes ohne Berücksichtigung der Abführungssperre des Unterschiedsbetrages aufgestellt. Die Rückstellung für ausgeschiedene und pensionierte Mitarbeiter entspricht dem Barwert der Verpflichtung.; 8.48 ;2016;Stadtwerke Leipzig GmbH;Jahresabschluss;KPMG
Für die Rückstellungen für Pensionen und ähnliche Verpflichtungen wurden künftige Gehalts- und Rentenanpassungen beziehungsweise Aufwandssteigerungen von bis zu 5,0 % unterstellt.; 8.48, 34 ;2016;Stadtwerke Leipzig GmbH;Jahresabschluss;KPMG
Verpflichtungen aus Altersteilzeitvereinbarungen sind über eine Rückdeckungsversicherung bei der Allianz AG abgesichert. Die Forderungen aus dieser Zeitkontenrückdeckungsversicherung sind gemäß § 246 Abs. 2 Satz 2 HGB mit den Verpflichtungen verrechnet worden.; 8.50 ;2016;Stadtwerke Leipzig GmbH;Jahresabschluss;KPMG
In den sonstigen Rückstellungen werden zur Erfüllung der Rückgabeverpflichtung unentgeltlich zugeteilte Emissionszertifikate zum Erinnerungswert sowie entgeltlich erworbene Emissionszertifikate zum Markt- wert erfasst.; 8.50, 23 ;2016;Stadtwerke Leipzig GmbH;Jahresabschluss;KPMG
Bei der Bewertung der sonstigen Rückstellungen wurde eine Kostensteigerung zwischen 2,0 % und 3,0 % berücksichtigt. Die sonstigen Rückstellungen mit einer Laufzeit von mehr als einem Jahr werden mit fristadäquaten Zinssätzen abgezinst, die von der Deutschen Bundesbank bekannt gegeben worden sind. Für die Abzinsung der Rückstellungen betragen die Zinssätze für 2016 je nach Restlaufzeit 1,59 % bis 3,35 %.; 8.50 ;2016;Stadtwerke Leipzig GmbH;Jahresabschluss;KPMG
Bei der Bemessung der sonstigen Rückstellungen wird erkennbaren Risiken und ungewissen Verbindlichkeiten Rechnung getragen. Die Bewertung erfolgt zum Erfüllungsbetrag.; 8.50 ;2016;Stadtwerke Leipzig GmbH;Jahresabschluss;KPMG
2.1.6 Verbindlichkeiten; 8.51 ;2016;Stadtwerke Leipzig GmbH;Jahresabschluss;KPMG
Die Verbindlichkeiten sind mit ihrem Erfüllungsbetrag passiviert.; 8.51 ;2016;Stadtwerke Leipzig GmbH;Jahresabschluss;KPMG
2.2 Erläuterungen zur Bilanz;;2016;Stadtwerke Leipzig GmbH;Jahresabschluss;KPMG
2.2.1 Anlagevermögen; 4.1 ;2016;Stadtwerke Leipzig GmbH;Jahresabschluss;KPMG
Die Entwicklung des Anlagevermögens ist in der Übersicht zur Entwicklung des Anlagevermögens der Stadtwerke dargestellt. Infolge der Verschmelzung der RETIS sind im Anlagespiegel der Stadtwerke die Zugänge des Sachanlagevermögens für die Anlagen des Gas- und Fernwärmenetzes (TEUR 251.295) sowie die Abgänge des Beteiligungsbuchwertes (TEUR 98.059) und der Ausleihungen (TEUR 122.547) des Finanzanlagevermögens abgebildet.; 4.1 ;2016;Stadtwerke Leipzig GmbH;Jahresabschluss;KPMG
2.2.2 Vorräte; 4.20 ;2016;Stadtwerke Leipzig GmbH;Jahresabschluss;KPMG
Die Vorräte enthalten zum Bilanzstichtag unentgeltlich zugeteilte rückgabepflichtige Emissionsberechtigungen zum Ausstoß von CO2, die mit einem Erinnerungswert pro Anlage von EUR 1,00 angesetzt wurden (Marktwert zum 31. Dezember 2016: TEUR 2.359).; 4.20, 23 ;2016;Stadtwerke Leipzig GmbH;Jahresabschluss;KPMG
2.2.3 Forderungen und sonstige Vermögensgegenstände; 4.25 ;2016;Stadtwerke Leipzig GmbH;Jahresabschluss;KPMG
Die Forderungen gegen verbundene Unternehmen enthalten Forderungen aus Lieferungen und Leistungen von TEUR 13.746 (Vj.: TEUR 7.401) sowie sonstige Forderungen von TEUR 79.195 (Vj.: TEUR 45.700).; 4.27, 6 ;2016;Stadtwerke Leipzig GmbH;Jahresabschluss;KPMG
Den Forderungen gegen verbundene Unternehmen sind Forderungen gegen den Gesellschafter LVV Leipziger Versorgungs- und Verkehrsgesellschaft mbH, Leipzig (Stadtholding), über TEUR 77.643 (Vj.: TEUR 37.171) zugehörig.; 4.27, 20 ;2016;Stadtwerke Leipzig GmbH;Jahresabschluss;KPMG
Die Forderungen gegen Unternehmen, mit denen ein Beteiligungsverhältnis besteht, betreffen ausschließlich Forderungen aus Lieferungen und Leistungen. Die sonstigen Vermögensgegenstände umfassen Forderungen für noch nicht abzugsfähige Vorsteuer von TEUR 2.060 (antizipativer Posten).; 4.28, 6 ;2016;Stadtwerke Leipzig GmbH;Jahresabschluss;KPMG
Alle Forderungen und sonstigen Vermögensgegenstände im laufenden Geschäftsjahr sind kurzfristig fällig.; 4.25 ;2016;Stadtwerke Leipzig GmbH;Jahresabschluss;KPMG
Im Vorjahr enthielten die sonstigen Vermögensgegenstände langfristige Forderungen für Ansprüche, die an Dritte verpfändet wurden, von TEUR 2.216.; 4.29 ;2016;Stadtwerke Leipzig GmbH;Jahresabschluss;KPMG
2.2.4 Eigenkapital; 4.37 ;2016;Stadtwerke Leipzig GmbH;Jahresabschluss;KPMG
Die Gewinnrücklagen enthalten die Sonderrücklagen gemäß § 27 Abs. 2 DMBilG.; 4.37 ;2016;Stadtwerke Leipzig GmbH;Jahresabschluss;KPMG
2.2.5 Sonderposten; 4.37 ;2016;Stadtwerke Leipzig GmbH;Jahresabschluss;KPMG
Der Sonderposten für Investitionszuschüsse wurde zum 31. Dezember 2016 in Höhe von TEUR 47 außerplanmäßig aufgelöst.; 4.37 ;2016;Stadtwerke Leipzig GmbH;Jahresabschluss;KPMG
Aus der Verschmelzung sind im Sonderposten für Investitionszuschüsse Zugänge von TEUR 2.112 und im Sonderposten für Baukostenzuschüsse Zugänge von TEUR 8.985 enthalten.; 4.37 ;2016;Stadtwerke Leipzig GmbH;Jahresabschluss;KPMG
2.2.6 Rückstellungen; 4.47 ;2016;Stadtwerke Leipzig GmbH;Jahresabschluss;KPMG
Die Ansprüche aus der Rückdeckungsversicherung werden mit den Altersteilzeitverpflichtungen nach § 246 Abs. 2 Satz 2 HGB verrechnet. Der beizulegende Zeitwert des verrechneten Vermögensgegenstandes, der den fortgeführten Anschaffungskosten entspricht, beträgt TEUR 1.233. Der Erfüllungsbetrag der verrechneten Schulden umfasst TEUR 1.749. Der Zinsaufwand aus der Altersteilzeitverpflichtung (TEUR 80) wurde mit dem Zinsertrag aus der Rückdeckungsversicherung (TEUR 22) verrechnet.; 4.47, 37 ;2016;Stadtwerke Leipzig GmbH;Jahresabschluss;KPMG
Die sonstigen Rückstellungen beinhalten insbesondere Rückstellungen für drohende Verluste (TEUR 48.367), personalbezogene Rückstellungen (TEUR 26.107) sowie Rückstellungen für ausstehende Rechnungen (TEUR 25.375).; 4.50, 40 ;2016;Stadtwerke Leipzig GmbH;Jahresabschluss;KPMG
In den sonstigen Rückstellungen sind Aufwandsrückstellungen von TEUR 9.622 abgebildet, für die das Beibehaltungswahlrecht nach Art. 67 Abs. 3 Satz 1 EGHGB in Anspruch genommen wurde. Der Betrag der Überdeckung gemäß Art. 67 Abs. 1 Satz 4 EGHGB beläuft sich für aufgrund von Art. 67 Abs. 1 Satz 2 EGHGB beibehaltene Rückstellungen auf TEUR 29.; 4.50, 39, 40 ;2016;Stadtwerke Leipzig GmbH;Jahresabschluss;KPMG
2.2.7 Verbindlichkeiten; 4.51 ;2016;Stadtwerke Leipzig GmbH;Jahresabschluss;KPMG
In der nachfolgenden Tabelle sind die Restlaufzeiten der Verbindlichkeiten dargestellt:; 4.51 ;2016;Stadtwerke Leipzig GmbH;Jahresabschluss;KPMG
"in TEUR Restlaufzeit Gesamt
Verbindlichkeiten bis zu einem Jahr (Vorjahr)
von einem bis zu fünf Jahren
(Vorjahr) über fünf Jahre (Vorjahr) 31.12.2016 (Vorjahr)
1. Verbindlichkeiten gegenüber Kreditinstituten 3.561 15.453 3.980 22.994
(1.327) (5.307) (5.307) (11.941)
2. Erhaltene Anzahlungen auf Bestellungen 1.159 0 0 1.159
(363) (0) (0) (363)
3. Verbindlichkeiten aus Lieferungen und Leistungen 52.772 0 0 52.772
(46.632) (0) (0) (46.632)
4. Verbindlichkeiten gegenüber verbundenen Unternehmen 49.698 98.754 17.663 166.115
(34.500) (109.984) (13.138) (157.622)
davon: gegenüber dem Gesellschafter 40.747 98.754 17.663 157.164
(20.436) (109.984) (13.138) (143.558)
5. Sonstige Verbindlichkeiten 9.649 0 0 9.649
(11.438) (0) (0) (11.438)
116.839 114.207 21.643 252.689
(94.260) (115.291) (18.445) (227.996)"; 4.51, 20, 42, 43 ;2016;Stadtwerke Leipzig GmbH;Jahresabschluss;KPMG
Im Geschäftsjahr 2016 erfolgte aufgrund der Verschmelzung der Zugang der Darlehen der RETIS in den Verbindlichkeiten gegenüber Kreditinstituten von TEUR 14.502. Für Verbindlichkeiten gegenüber Kreditinstituten von TEUR 10.614 (Vj.: TEUR 11.941) sind Negativerklärungen abgegeben worden.; 4.54 ;2016;Stadtwerke Leipzig GmbH;Jahresabschluss;KPMG
Die Verbindlichkeiten gegenüber verbundenen Unternehmen entfallen mit TEUR 1.699 (Vj.: TEUR 4.375) auf Lieferungen und Leistungen sowie mit TEUR 164.416 (Vj.: TEUR 153.247) auf sonstige Verbind- lichkeiten.; 4.58, 6 ;2016;Stadtwerke Leipzig GmbH;Jahresabschluss;KPMG
Die in den Verbindlichkeiten gegenüber verbundenen Unternehmen enthaltenen Gesellschafterdarlehen von TEUR 123.412 wurden mit Negativerklärungen versehen.; 4.58 ;2016;Stadtwerke Leipzig GmbH;Jahresabschluss;KPMG
2.3 Erläuterungen zur Gewinn- und Verlustrechnung;;2016;Stadtwerke Leipzig GmbH;Jahresabschluss;KPMG
2.3.1 Umsatzerlöse; 4.66 ;2016;Stadtwerke Leipzig GmbH;Jahresabschluss;KPMG
Die Umsatzerlöse von TEUR 1.928.709 stellen sich wie folgt dar:; 4.66, 50 ;2016;Stadtwerke Leipzig GmbH;Jahresabschluss;KPMG
"Umsatzerlöse.
in TEUR 2016 2015
Energievertrieb Strom (brutto) 214.784 213.040
Stromsteuer -19.539 -19.292
Energievertrieb Strom (netto) 195.245 193.748
Energievertrieb Gas (brutto) 52.099 50.655
Erdgassteuer -5.667 -5.103
Energievertrieb Gas (netto) 46.432 45.552
Energievertrieb Fernwärme 124.822 131.765
Energievertrieb 366.499 371.065
Energiegroßhandel Strom (brutto) 1.310.876 1.484.835
Stromsteuer -434 -450
Energiegroßhandel Strom (netto) 1.310.442 1.484.385
Energiegroßhandel Gas (brutto) 87.186 63.106
Erdgassteuer -36 -73
Energiegroßhandel Gas (netto) 87.150 63.033
Energiegroßhandel 1.397.592 1.547.418
Weitere Umsatzerlöse 164.618 55.627
1.928.709 1.974.110"; 4.66, 50 ;2016;Stadtwerke Leipzig GmbH;Jahresabschluss;KPMG
Die Umsatzerlöse sind nicht mit dem Vorjahr vergleichbar, da diese durch die Neudefinition gemäß § 277 Abs. 1 HGB ausgeweitet wurden. Bei Anwendung des § 277 Abs. 1 HGB in der Fassung des BilRUG bereits im Jahr 2015 hätte sich ein als Umsatzerlöse auszuweisender Vorjahresbetrag in Höhe von TEUR 2.049.109 ergeben.; 4.66, 51 ;2016;Stadtwerke Leipzig GmbH;Jahresabschluss;KPMG
Die weiteren Umsatzerlöse enthalten periodenfremde Umsatzerlöse von TEUR 51 (Vj.: TEUR -211). Diese betreffen unter anderem die Korrektur der im Vorjahr aufgrund der rollierenden Verbrauchsabrechnung geschätzten Umsätze sowie Pachterträge.; 4.66, 57 ;2016;Stadtwerke Leipzig GmbH;Jahresabschluss;KPMG
2.3.2 Sonstige betriebliche Erträge; 4.69 ;2016;Stadtwerke Leipzig GmbH;Jahresabschluss;KPMG
Die sonstigen betrieblichen Erträge beinhalten Erträge aus der Auflösung von Sonderposten mit Rücklageanteil (TEUR 978) sowie periodenfremde Erträge von insgesamt TEUR 35.695 (Vj.: TEUR 18.329). Die periodenfremden Erträge betreffen im Wesentlichen außergewöhnliche Erträge aus dem Abschluss strittiger Geschäftsvorfälle (TEUR 20.503) sowie Erträge aus der Auflösung von Rückstellungen (TEUR 8.961).; 4.69, 54, 57, 60 ;2016;Stadtwerke Leipzig GmbH;Jahresabschluss;KPMG
2.3.3 Materialaufwand; 4.70 ;2016;Stadtwerke Leipzig GmbH;Jahresabschluss;KPMG
Die Aufwendungen für Roh-, Hilfs- und Betriebsstoffe sowie für bezogene Waren enthalten periodenfremde Materialaufwendungen von insgesamt TEUR 9.193 (Vj.: TEUR 2.170).; 4.70, 57 ;2016;Stadtwerke Leipzig GmbH;Jahresabschluss;KPMG
2.3.4 Abschreibungen; 4.77 ;2016;Stadtwerke Leipzig GmbH;Jahresabschluss;KPMG
Im Geschäftsjahr 2016 wurden außerplanmäßige Abschreibungen, in außergewöhnlicher Höhe von TEUR 7.867 (Vj.: TEUR 456) auf das Anlagevermögen vorgenommen. Diese betrafen im Wesentlichen technische Anlagen und Maschinen.; 4.77, 55 ;2016;Stadtwerke Leipzig GmbH;Jahresabschluss;KPMG
Im laufenden Geschäftsjahr entfallen Abschreibungen in Höhe von TEUR 18.484 auf das im Rahmen der Verschmelzung übernommene Sachanlagevermögen.; 4.77 ;2016;Stadtwerke Leipzig GmbH;Jahresabschluss;KPMG
2.3.5 Sonstige betriebliche Aufwendungen; 4.80 ;2016;Stadtwerke Leipzig GmbH;Jahresabschluss;KPMG
Die sonstigen betrieblichen Aufwendungen enthalten periodenfremde Aufwendungen von TEUR 2.054 (Vj.: TEUR 1.157), insbesondere für Verluste aus Anlagenabgängen sowie für periodenfremde Konzessi- onsabgaben. Weiterhin sind außergewöhnliche Aufwendungen aus der Bildung einer Drohverlustrückstellung infolge der Auflösung der Bewertungseinheit für das Finanzierungsportfolio in Höhe von TEUR; 4.80, 57, 60 ;2016;Stadtwerke Leipzig GmbH;Jahresabschluss;KPMG
12.247 enthalten.; 4.80 ;2016;Stadtwerke Leipzig GmbH;Jahresabschluss;KPMG
In den sonstigen betrieblichen Aufwendungen des Vorjahres waren Pachtaufwendungen für das Fernwärmenetz in Höhe von TEUR 18.181 enthalten, die aufgrund der Verschmelzung im laufenden Geschäftsjahr entfallen.; 4.80 ;2016;Stadtwerke Leipzig GmbH;Jahresabschluss;KPMG
Bei Anwendung des § 277 Abs. 1 HGB in der Fassung des BilRUG hätte sich ein als sonstige betriebliche Aufwendungen auszuweisender Vorjahresbetrag in Höhe von TEUR 96.058 ergeben.; 4.80 ;2016;Stadtwerke Leipzig GmbH;Jahresabschluss;KPMG
2.3.6 Zinsergebnis; 4.85, 4.88 ;2016;Stadtwerke Leipzig GmbH;Jahresabschluss;KPMG
Im Zinsergebnis werden gemäß § 277 Abs. 5 HGB Erträge (TEUR 41, Vj.: TEUR 109) und Aufwendungen (TEUR 921, Vj.: TEUR 946) aus der Auf- und Abzinsung von Rückstellungen ausgewiesen.; 4.85, 4.88, 58 ;2016;Stadtwerke Leipzig GmbH;Jahresabschluss;KPMG
3 Angaben zum Jahresergebnis; 4.93 ;2016;Stadtwerke Leipzig GmbH;Jahresabschluss;KPMG
Zwischen den Stadtwerken und der Stadtholding besteht mit Wirkung zum 1. Januar 2001 ein Ergebnisabführungsvertrag, welcher auf die Dauer von fünf Jahren abgeschlossen wurde. Er verlängert sich jeweils um ein weiteres Jahr, wenn er nicht sechs Monate vor Ablauf gekündigt wird.; 4.93 ;2016;Stadtwerke Leipzig GmbH;Jahresabschluss;KPMG
4 Ergänzende Angaben;;2016;Stadtwerke Leipzig GmbH;Jahresabschluss;KPMG
Der Jahresabschluss der Stadtwerke wird in den befreienden Konzernabschluss der Stadtholding einbezogen (kleinster und größter Konsolidierungskreis). Dieser Abschluss wird im elektronischen Bundesanzeiger veröffentlicht.; 75, 76 ;2016;Stadtwerke Leipzig GmbH;Jahresabschluss;KPMG
4.1 Sonstige finanzielle Verpflichtungen und nicht in der Bilanz enthaltene Verpflichtungen; 67 ;2016;Stadtwerke Leipzig GmbH;Jahresabschluss;KPMG
Zum 31. Dezember 2016 bestanden Verpflichtungen aus operativem Leasing von TEUR 107.154. Aus drei abgeschlossenen Leasingverträgen ergeben sich Verpflichtungen jeweils bis zum Jahr 2021, 2022 und 2024. Bei zwei Leasingverträgen enthalten zukünftige Zahlungen einen variablen Zinsanteil, der auf Basis des Drei-Monats-EURIBOR berechnet wird. Zinsanteile werden in den ausgewiesenen Verpflichtungen aus operativem Leasing für alle drei Verträge nicht dargestellt. Das operative Leasing bezieht sich auf die beiden Biomasse(heiz)kraftwerke sowie das Gas- und Dampfturbinenkraftwerk Leipzig. Vorteile dieser Geschäfte liegen im Wesentlichen in der Finanzierung durch den Leasinggeber, Risiken ergeben sich aus hohen langfristigen Aufwendungen und der fehlenden Eigentümerstellung.; 67 ;2016;Stadtwerke Leipzig GmbH;Jahresabschluss;KPMG
Darüber hinaus ergeben sich aus Miet- und Pachtverträgen sowie aus Investitionen sonstige finanzielle Verpflichtungen von TEUR 58.440.; 67 ;2016;Stadtwerke Leipzig GmbH;Jahresabschluss;KPMG
Weiterhin bestanden sonstige finanzielle Verpflichtungen aus der Gewährung von Darlehen beziehungsweise Bürgschaften, aus noch nicht geforderten Kapitaleinlagen sowie noch nicht eingeforderter Einlagen auf GmbH-Anteile und aus möglichen Verpflichtungen bestehender Ergebnisabführungsverträge in Höhe von TEUR 13.907, davon gegenüber verbundenen Unternehmen von TEUR 6.646.; 67 ;2016;Stadtwerke Leipzig GmbH;Jahresabschluss;KPMG
Bezüglich der Verpflichtungen aus Energiebeschaffung wird auf den Gliederungspunkt 4.2 verwiesen.; 67 ;2016;Stadtwerke Leipzig GmbH;Jahresabschluss;KPMG
4.2 Derivative Finanzinstrumente; 49 ;2016;Stadtwerke Leipzig GmbH;Jahresabschluss;KPMG
Zur Begrenzung von Zins- und Währungsrisiken werden Zins- und Devisenderivate abgeschlossen. Die Absicherung gegen Preisrisiken aus dem Energiebereich erfolgt durch den Einsatz von Commodity-Derivaten.; 49 ;2016;Stadtwerke Leipzig GmbH;Jahresabschluss;KPMG
Zum Bilanzstichtag stellen sich Nominalvolumina, beizulegende Zeitwerte und Buchwerte der ausgewiesenen Finanzderivate wie folgt dar:; 49 ;2016;Stadtwerke Leipzig GmbH;Jahresabschluss;KPMG
"Finanz- und Commodity-Derivate.
in TEUR"; 49 ;2016;Stadtwerke Leipzig GmbH;Jahresabschluss;KPMG
"Zinsderivate (Zinsswaps)
Commodity-Derivate1"; 49 ;2016;Stadtwerke Leipzig GmbH;Jahresabschluss;KPMG
1 Grund- und Sicherungsinstmmente in Bewertungseinheiten; 49 ;2016;Stadtwerke Leipzig GmbH;Jahresabschluss;KPMG
2 Ineffektiver Teil der Sicherungsbeziehung; 49 ;2016;Stadtwerke Leipzig GmbH;Jahresabschluss;KPMG
Zinsderivate: Die Payer Swaps waren als Sicherungsinstrumente Bestandteil einer Bewertungseinheit (Portfolio-Hedge), die zur Absicherung von Zinsrisiken mit einem Sicherungshorizont bis zum 31. Dezember 2018 gebildet worden war. Die Bewertungseinheit wurde aufgrund mangelnder Effektivität des Hedgings im Geschäftsjahr 2016 aufgelöst. Somit entfällt die laufende Effektivitätsmessung der Bewertungseinheit.; 27, 49 ;2016;Stadtwerke Leipzig GmbH;Jahresabschluss;KPMG
Zum Bewertungsstichtag wurden die Marktwerte der Zinsderivate anhand der Zinsstrukturkurve und mittels eines Multi-Curve-Ansatzes ermittelt. Die dabei verwendeten Marktkurven wurden von der Vereinigten Wirtschaftsdienste AG (VWD) bereitgestellt. Aus der Bewertung aller in das Portfolio einbezogenen Zinsderivate ergibt sich eine Drohverlustrückstellung von TEUR 12.247.; 49 ;2016;Stadtwerke Leipzig GmbH;Jahresabschluss;KPMG
Commodity-Derivate: Die Absicherung gegen Preisrisiken aus dem Energiebereich erfolgt durch den Einsatz von Commodity-Derivaten in Form von Optionen, Forwards und Futures.; 49 ;2016;Stadtwerke Leipzig GmbH;Jahresabschluss;KPMG
Entsprechend § 285 Satz 1 Nr. 19 HGB werden unter den Commodity-Derivaten alle zu Handels- und Eigenbedarfszwecken erworbenen Finanzderivate im Anhang angegeben. Das Nominalvolumen entspricht dem additiven Wert aller geschlossenen Kauf- (Mio. EUR 1.303,1) und Verkaufsverträge (Mio. EUR 1.303,4) für zukünftige Lieferperioden bis einschließlich 2019 in den Commodities Strom und CO 2-Emissi- onszertifikate. Die zu Handelszwecken geschlossenen Kauf- und Verkaufskontrakte wurden in Anlehnung an die Vorgaben des Risikomanagements nach Lieferperioden und Commodities getrennt zu Portfolios zusammengefasst und entsprechend § 254 HGB bewertet. Die Ermittlung der beizulegenden Zeitwerte erfolgte mit Marktpreisen zum Bilanzstichtag, basierend auf extern anerkannten Quellen, zum Beispiel den amtlichen Schlusskursen an der European Energy Exchange AG, Leipzig (EEX).; 49 ;2016;Stadtwerke Leipzig GmbH;Jahresabschluss;KPMG
Für die Eigenhandelsportfolien Strom und CO2 sind zum 31. Dezember 2016 Rückstellungen aus Bewertungseinheiten von TEUR 288 gebildet worden.; 49 ;2016;Stadtwerke Leipzig GmbH;Jahresabschluss;KPMG
Im Bereich des Energievertriebs werden für die Commodities Strom und Gas Vertriebsportfolios gebildet. Die Portfolios umfassen derzeit die, jeweils für die Jahresscheiben 2017, 2018 und 2019, abgeschlossenen beziehungsweise erwarteten Absatz- und Beschaffungsgeschäfte. Die Absatzgeschäfte umfassen verbindliche Absatzverträge mit Kunden, den mit hoher Wahrscheinlichkeit noch zu erwartenden Kundenabsatz sowie kontrahierte Börsen- beziehungsweise OTC (Over the Counter)-Absatzgeschäfte. Die Beschaffungsgeschäfte umfassen kontrahierte Börsen- beziehungsweise OTC-Beschaffungsgeschäfte, deren Wert sich zum 31. Dezember 2016 auf Mio. EUR 173,4 beläuft. Zum 31. Dezember 2016 war keine Drohverlustrückstellung erforderlich, da sich auf Portfoliobasis im Erfüllungsjahr kein Verlust abzeichnete.; 49 ;2016;Stadtwerke Leipzig GmbH;Jahresabschluss;KPMG
Weiterhin wurde eine Bewertungseinheit aus Fernwärmeabsatz- und Ölabsicherungsverträgen gebildet. Die Absatzgeschäfte umfassen größtenteils verbindliche Absatzverträge mit Kunden bis 2018, welche teilweise ölpreisabhängig sind. Diese Preisrisiken werden durch finanzwirtschaftliche Geschäfte abgesichert. Das Nominalvolumen der Gasoil -Swapgeschäfte beträgt Mio. EUR 5,4 und der Marktwert zum 31. Dezember 2016 beträgt Mio. EUR -0,4. Aus der Bewertung des Sicherungszusammenhangs ergab sich zum 31. Dezember 2016 eine Drohverlustrückstellung von TEUR 78.; 27, 28, 49 ;2016;Stadtwerke Leipzig GmbH;Jahresabschluss;KPMG
Bei der Bilanzierung der Bewertungseinheiten wurde jeweils die Einfrierungsmethode angewandt.; 27 ;2016;Stadtwerke Leipzig GmbH;Jahresabschluss;KPMG
4.3 Angaben gemäß § 6b Abs. 2 EnWG; 82 ;2016;Stadtwerke Leipzig GmbH;Jahresabschluss;KPMG
Im Geschäftsjahr wurden folgende angabepflichtige Geschäfte größeren Umfangs mit der Netz Leipzig GmbH, Leipzig, getätigt:; 82 ;2016;Stadtwerke Leipzig GmbH;Jahresabschluss;KPMG
–Erträge aus der Verpachtung des Strom- und Gasnetzes von Mio. EUR 54,4 sowie aus kaufmännischen Dienstleistungen von Mio. EUR 18,8,; 82 ;2016;Stadtwerke Leipzig GmbH;Jahresabschluss;KPMG
–Aufwendungen für Leistungen im Rahmen des Dienstleistungsvertrages Fernwärme von Mio. EUR 17,9.; 82 ;2016;Stadtwerke Leipzig GmbH;Jahresabschluss;KPMG
4.4 Angaben zu den Organen;;2016;Stadtwerke Leipzig GmbH;Jahresabschluss;KPMG
Der Geschäftsführung gehören an:; 83 ;2016;Stadtwerke Leipzig GmbH;Jahresabschluss;KPMG
–Herr Dr. Johannes Kleinsorg, Sprecher der Geschäftsführung, und; 83 ;2016;Stadtwerke Leipzig GmbH;Jahresabschluss;KPMG
–Herr Karsten Rogall, kaufmännischer Geschäftsführer.; 83 ;2016;Stadtwerke Leipzig GmbH;Jahresabschluss;KPMG
Gewährte Leistungen an die aktuellen Mitglieder der Geschäftsführung im Geschäftsjahr 2016:; 84 ;2016;Stadtwerke Leipzig GmbH;Jahresabschluss;KPMG
"in TEUR Festes Jahresgrundgehalt Sonstige Bezüge
Erfolgsabhängige Vergütungen
Gesamtvergütung
Dr. Johannes Kleinsorg 2202 14 105 339
Karsten Rogall 200 16 63 279
420 30 168 618
in TEUR
Geleistete Zahlungen im Falle der
Beendigung der Tätigkeit (Abfindungen)
Art der Altersversorgung1
Altersversorgung
(Beitrags-)Aufwand
Im Geschäftsjahr 2016 gezahlte
Beträge Gesamtvergütung
davon erfolgsabhängige
Vergütung
Dr. Johannes Kleinsorg 0 B 20 334 100
Karsten Rogall 0 B 30 276 60
0 50 610 160"; 84 ;2016;Stadtwerke Leipzig GmbH;Jahresabschluss;KPMG
Die Bezüge an frühere Mitglieder der Geschäftsführung betrugen TEUR 420. Für laufende Pensionen an ehemalige Geschäftsführer sind TEUR 5.229 zurückgestellt. Der Aufsichtsrat bestand aus folgenden Mitgliedern:; 88 ;2016;Stadtwerke Leipzig GmbH;Jahresabschluss;KPMG
"AnteiIseignervertreter
Dr. Norbert Menke Sprecher der Geschäftsführung,
Vorsitzender des Aufsichtsrates LVV Leipziger Versorgungs- und Verkehrsgesellschaft mbH
Reiner Engelmann Diplomlehrer,
2. stellvertretender Vorsitzender Freistaat Sachsen
Karsten Albrecht selbstständiger Beratungsingenieur
Uwe Albrecht Bürgermeister,
Stadt Leipzig
Heiko Bär Honorarlehrer"; 83 ;2016;Stadtwerke Leipzig GmbH;Jahresabschluss;KPMG
"AnteiIseignervertreter
Oliver Beckel Diplom-Kaufmann,
Hanwah Q Cells GmbH
Ingrid Glöckner Diplom-Ingenieurin,
Deutsche Rentenversicherung Mitteldeutschland
Achim Haas Geschäftsführer,
SUB GmbH
Tobias Keller Geschäftsführer,
SHK-Meisterbetrieb
Anett Ludwig Wissenschaftliche Angestellte,
(bis zum 28.09.2016) Umweltbundesamt
Dr. Gesine Märtens Sozialarbeiterin,
(ab dem 28.09.2016) Frauen für Frauen e. V.
Dr. Maximilian Rinck Diplom-Physiker,
(ab dem 11.04.2016) European Energy Exchange AG
Ingo Sasama Fraktionsgeschäftsführer,
Bündnis 90/Die Grünen
Frank Tornau Geschäftsführer,
Saxonia Network Systems GmbH
Steffen Wehmann Kaufmännischer Angestellter,
Konsumgenossenschaft Leipzig eG
Arbeitnehmervertreter
Steffen Schmidt Betriebsrat,
1. stellvertretender Vorsitzender Stadtwerke Leipzig GmbH
Susann Frölich Betriebsrätin, Stadtwerke Leipzig GmbH
Jana Fromm Sachbearbeiterin, Netz Leipzig GmbH
Ines Kuche Bezirksgeschäftsführerin, ver.di - Vereinte Dienstleistungsgewerkschaft, Bezirk Leipzig-
Nordsachsen
Peter Kubiak Sachbearbeiter, Netz Leipzig GmbH
Thomas Washeim Schichtleiter, Stadtwerke Leipzig GmbH
Marissa Zorn Betriebsrätin, Stadtwerke Leipzig GmbH"; 83 ;2016;Stadtwerke Leipzig GmbH;Jahresabschluss;KPMG
Der Aufsichtsrat erhielt für seine Tätigkeit im Geschäftsjahr 2016 folgende Vergütungen:; 84 ;2016;Stadtwerke Leipzig GmbH;Jahresabschluss;KPMG
"Anteilseignervertreter Vergütung1 Aufwandsentschädigung
Dr. Norbert Menke Vorsitzender des Aufsichtsrates 2,4 0,6
Reiner Engelmann 2. stellvertretender Vorsitzender 1,6 0,6
Karsten Albrecht 1,3 0,6
Uwe Albrecht 1,3 0,6
Heiko Bär 1,3 0,6
Oliver Beckel 0,9 0,6
Ingrid Glöckner 1,7 0,6
Achim Haas 1,2 0,6
Tobias Keller 1,3 0,6
Anett Ludwig 0,4 0,4
Dr. Gesine Märtens 0,3 0,1
Dr. Maximilian Rinck 1,2 0,4
Ingo Sasama 1,2 0,6
Frank Tornau 1,3 0,6
Steffen Wehmann 1,1 0,6
in TEUR
Arbeitnehmervertreter Vergütung Aufwandsentschädigung
Steffen Schmidt, 1. stellvertretender Vorsitzender 1,8 0,6
Susann Frölich 1,2 0,6
Jana Fromm 1,2 0,6
Ines Kuche 1,7 0,6
Peter Kubiak 0,9 0,6
Thomas Washeim 1,8 0,6
Marissa Zorn 1,2 0,6
1 Inklusive Sitzungsgeld"; 84 ;2016;Stadtwerke Leipzig GmbH;Jahresabschluss;KPMG
4.5 Abschlussprüferhonorar;;2016;Stadtwerke Leipzig GmbH;Jahresabschluss;KPMG
Von der Pflicht zur Angabe des vom Abschlussprüfer berechneten Gesamthonorars sind die Stadtwerke befreit, da diese Angaben in den Konzernabschluss der Stadtholding einbezogen werden.; 72 ;2016;Stadtwerke Leipzig GmbH;Jahresabschluss;KPMG
4.6 Mitarbeiter im Jahresdurchschnitt; 64 ;2016;Stadtwerke Leipzig GmbH;Jahresabschluss;KPMG
Mitarbeiter im Jahresdurchschnitt (§ 267 Abs. 5 HGB); 64 ;2016;Stadtwerke Leipzig GmbH;Jahresabschluss;KPMG
2016                                     2015; 64 ;2016;Stadtwerke Leipzig GmbH;Jahresabschluss;KPMG
"Angestellte                                                                                                                                                                                                                                      454                                       471
Gewerbliche Mitarbeiter                                                                                                                                                                                                                 111                                       111"; 64 ;2016;Stadtwerke Leipzig GmbH;Jahresabschluss;KPMG
565                                       582; 64 ;2016;Stadtwerke Leipzig GmbH;Jahresabschluss;KPMG
4.7 Anteilsbesitz der Stadtwerke Leipzig GmbH, Leipzig, zum 31. Dezember 2016 (§ 285 Nr. 11 HGB); 77 ;2016;Stadtwerke Leipzig GmbH;Jahresabschluss;KPMG
An folgenden Unternehmen halten die Stadtwerke zum Bilanzstichtag einen Anteil von mindestens 20 %:; 77 ;2016;Stadtwerke Leipzig GmbH;Jahresabschluss;KPMG
"Verbundene Unternehmen Abkürzung
Anteil am gezeichneten
Kapital.
%
Eigenkapital.
TEUR
Ergebnis.
TEUR
Netz Leipzig GmbH, Leipzig1 Netz Leipzig 100,00 30.009 -8.272
LAS GmbH, Leipzig1 LAS 100,00 499 1.857
SWL Beteiligungs GmbH, Leipzig SWL-B 100,00 35 -3
Innvo Innovationsgesellschaft-Management mbH,
Leipzig2
Innvo mbH 100,00 194 -1
Natur21 GmbH, Leipzig1 Natur21 100,00 25 2
Leipziger Windpark Management GmbH LWM 100,00 25 0
ELG Leipzig GmbH, Leipzig ELG 90,00 41 3
Gdanskie Przedsiçbiorstwo Energetyki Cieplnej
Sp. z o.o., Gdansk, Polen3
GPEC 82,86 78.288 12.906
Thüringenwind GmbH S Co. Tüngeda KG, Hörselberg-
Hainich4
Tüngeda 70,00 963 -490"; 77 ;2016;Stadtwerke Leipzig GmbH;Jahresabschluss;KPMG
"Beteiligungen
Abkürzung Anteil am gezeichneten
Kapital.
%
Eigenkapital.
TEUR
Ergebnis.
TEUR
Erdgasversorgung Industriepark Leipzig Nord
GmbH, Leipzig
EVIL 50,00 436 6
Meterl GmbH & Co. KG, Halle2 Meter1 33,33 323 615"; 77 ;2016;Stadtwerke Leipzig GmbH;Jahresabschluss;KPMG
"Verbundene Unternehmen Abkürzung
Anteil am gezeichneten
Kapital.
%
Eigenkapital.
TEUR
Ergebnis.
TEUR
WEO GmbH & Co. KG, Nürnberg2 WEO 33,33 05 -596
1 Jahresüberschuss vor Gewinnabführung 2016
2 Jahresabschluss 2016 (vorläufig)
3 Umrechnungskurs Bilanz zum Stichtag, Gewinn- und Verlustrechnung zum Durchschnitt
4 Jahresabschluss 2015
5 nicht durch Vermögenseinlagen gedeckter Verlustanteil der Kommanditisten von TEUR 5.541"; 77 ;2016;Stadtwerke Leipzig GmbH;Jahresabschluss;KPMG
5 Nachtragsbericht; 69 ;2016;Stadtwerke Leipzig GmbH;Jahresabschluss;KPMG
Es sind keine Vorgänge von besonderer Bedeutung nach dem Schluss des Geschäftsjahres eingetreten, die Auswirkungen auf die Lage der Stadtwerke haben.; 69 ;2016;Stadtwerke Leipzig GmbH;Jahresabschluss;KPMG
Leipzig, den 24. März 2017;;2016;Stadtwerke Leipzig GmbH;Jahresabschluss;KPMG
Geschäftsführung;;2016;Stadtwerke Leipzig GmbH;Jahresabschluss;KPMG
Dr. Johannes Kleinsorg Karsten Rogall;;2016;Stadtwerke Leipzig GmbH;Jahresabschluss;KPMG
Entwicklung des Anlagevermögens im Geschäftsjahr 2016; 15 ;2016;Stadtwerke Leipzig GmbH;Jahresabschluss;KPMG
"in EUR Anschaffungs- und Herstellungskosten
01.01.2016 Zugänge Abgänge Umbuchungen 31.12.2016
I. Immaterielle Vermögensgegenstände
1. Entgeltlich erworbene
Konzessionen, gewerbliche
Schutzrechte und ähnliche
Rechte und Werte sowie Lizenzen
an solchen Rechten
und Werten
58.706.015,36 414.353,44 47.299,84 134.105,01 59.207.173,97
2. Geleistete Anzahlungen 208.596,26 58.525,13 0,00 -134.105,01 133.016,38"; 15 ;2016;Stadtwerke Leipzig GmbH;Jahresabschluss;KPMG
"in EUR Anschaffungs- und Herstellungskosten
01.01.2016 Zugänge Abgänge Umbuchungen 31.12.2016
58.914.611,62 472.878,57 47.299,84 0,00 59.340.190,35
II. Sachanlagen
1. Grundstücke, grundstücksgleiche
Rechte und Bauten
einschließlich der Bauten auf
fremden Grundstücken
132.459.080,70 1.152.048,25 798.341,57 0,00 132.812.787,38
2. Technische Anlagen und
Maschinen
436.063.487,01 273.650.136,61 8.638.670,64 4.651.412,60 705.726.365,58
3. Andere Anlagen, Betriebsund
Geschäftsausstattung
15.525.872,46 895.314,51 1.858.075,25 0,00 14.563.111,72
4. Geleistete Anzahlungen und
Anlagen im Bau
6.117.796,93 3.632.489,13 0,00 -4.651.412,60 5.098.873,46
590.166.237,10 279.329.988,50 11.295.087,46 0,00 858.201.138,14
III. Finanzanlagen
1. Anteile an verbundenen Unternehmen
199.040.012,41 3.004.000,00 98.091.858,50 0,00 103.952.153,91
2. Ausleihungen an verbundene
Unternehmen
122.546.927,97 0,00 122.546.927,97 0,00 0,00
3. Beteiligungen 5.309.707,73 1.097.466,29 0,00 0,00 6.407.174,02
4. Ausleihungen an Unternehmen,
mit denen ein Beteiligungsverhältnis
besteht
6.330.000,00 0,00 0,00 0,00 6.330.000,00
5. Sonstige Ausleihungen 1.929.420,70 70.000,00 111.813,77 0,00 1.887.606,93
335.156.068,81 4.171.466,29 220.750.600,24 0,00 118.576.934,86
984.236.917,53 283.974.333,36 232.092.987,54 0,00 1.036.118.263,35"; 15 ;2016;Stadtwerke Leipzig GmbH;Jahresabschluss;KPMG
"in EUR Kumulierte Abschreibungen
01.01.2016 Zugänge Abgänge Zuschreibungen Umbuchungen 31.12.2016
I. Immaterielle Vermögensgegenstände
1. Entgeltlich erworbene
Konzessionen, gewerbliche
Schutzrechte und
53.532.657,36 4.458.088,45 47.299,84 0,00 0,00 57.943.445,97"; 15, 16 ;2016;Stadtwerke Leipzig GmbH;Jahresabschluss;KPMG
"in EUR Kumulierte Abschreibungen
01.01.2016 Zugänge Abgänge Zuschreibungen Umbuchungen 31.12.2016
ähnliche Rechte und Werte
sowie Lizenzen an solchen
Rechten und Werten
2. Geleistete Anzahlungen
0,00 0,00 0,00 0,00 0,00 0,00
53.532.657,36 4.458.088,45 47.299,84 0,00 0,00 57.943.445,97
II. Sachanlagen
1. Grundstücke, grundstücksgleiche
Rechte und
Bauten einschließlich
der Bauten auf fremden
Grundstücken
81.360.253,18 2.551.089,65 426.492,81 0,00 0,00 83.484.850,02
2. Technische Anlagen
und Maschinen
294.335.811,01 39.070.427,90 7.109.037,33 223.928,00 0,00 326.073.273,58
3. Andere Anlagen, Betriebs-
und Geschäftsausstattung
12.797.112,46 904.367,51 1.600.603,25 0,00 0,00 12.100.876,72
4. Geleistete Anzahlungen
und Anlagen im Bau
0,00 0,00 0,00 0,00 0,00 0,00
388.493.176,65 42.525.885,06 9.136.133,39 223.928,00 0,00 421.659.000,32
III. Finanzanlagen
1. Anteile an verbundenen
Unternehmen
49.187,06 0,00 0,00 0,00 0,00 49.187,06
2. Ausleihungen an verbundene
Unternehmen
0,00 0,00 0,00 0,00 0,00 0,00
3. Beteiligungen 3.775.376,76 0,00 0,00 0,00 0,00 3.775.376,76
4. Ausleihungen an Unternehmen,
mit denen ein
Beteiligungsverhältnis
besteht
1.860.600,00 0,00 0,00 0,00 0,00 1.860.600,00
5. Sonstige Ausleihungen 256.976,38 0,00 0,00 0,00 0,00 256.976,38
5.942.140,20 0,00 0,00 0,00 0,00 5.942.140,20"; 15, 16 ;2016;Stadtwerke Leipzig GmbH;Jahresabschluss;KPMG
"in EUR Kumulierte Abschreibungen
01.01.2016 Zugänge Abgänge Zuschreibungen Umbuchungen 31.12.2016
447.967.974,21 46.983.973,51 9.183.433,23 223.928,00 0,00 485.544.586,49
in EUR Buchwerte
31.12.2016 31.12.2015
I. Immaterielle Vermögensgegenstände
1. Entgeltlich erworbene Konzessionen, gewerbliche Schutzrechte
und ähnliche Rechte und Werte sowie Lizenzen an solchen
Rechten und Werten
1.263.728,00 5.173.358,00
2. Geleistete Anzahlungen 133.016,38 208.596,26
1.396.744,38 5.381.954,26
II. Sachanlagen
1. Grundstücke, grundstücksgleiche Rechte und Bauten einschließlich
der Bauten auf fremden Grundstücken
49.327.937,36 51.098.827,52
2. Technische Anlagen und Maschinen 379.653.092,00 141.727.676,00
3. Andere Anlagen, Betriebs- und Geschäftsausstattung 2.462.235,00 2.728.760,00
4. Geleistete Anzahlungen und Anlagen im Bau 5.098.873,46 6.117.796,93
436.542.137,82 201.673.060,45
III. Finanzanlagen
1. Anteile an verbundenen Unternehmen 103.902.966,85 198.990.825,35
2. Ausleihungen an verbundene Unternehmen 0,00 122.546.927,97
3. Beteiligungen 2.631.797,26 1.534.330,97
4. Ausleihungen an Unternehmen, mit denen ein Beteiligungsverhältnis
besteht
4.469.400,00 4.469.400,00
5. Sonstige Ausleihungen 1.630.630,55 1.672.444,32
112.634.794,66 329.213.928,61
550.573.676,86 536.268.943,32"; 15, 16 ;2016;Stadtwerke Leipzig GmbH;Jahresabschluss;KPMG
