Ab S. 20; Annotierung (Angabe Nummer in Anahngscheckliste) ;Gesch„ftsjahr;Gesellschaft;Abschlussart;Prfer
Anhang fr das Gesch„ftsjahr 2016;;2016;SE;Jahresabschluss;KPMG
(einschlieálich Beteiligungsliste);;2016;SE;Jahresabschluss;KPMG
I. Rechnungslegung;;2016;SE;Jahresabschluss;KPMG
Die Papierfabrik August Koehler SE hat ihren Sitz in Oberkirch und ist eingetragen in das Handelsregister beim Amtsgericht Freiburg im Breisgau (Reg.Nr. HRB 709115).; 113   ;2016;SE;Jahresabschluss;KPMG
Die Erstellung des Jahresabschlusses erfolgte nach den handelsrechtlichen Vorschriften ber die Rechnungslegung von Aktiengesellschaften in der Fassung des Bilanzrichtlinie-Umsetzungsgesetz (BilRUG).; 8 ;2016;SE;Jahresabschluss;KPMG
"Die Gewinn- und Verlustrechnung ist nach dem Gesamtkostenverfahren erstellt und gem„á õ 275 Abs. 2 HGB gegliedert. Die Gesellschaft gilt nach den Kriterien des õ 267 Abs. 2 und 3 HGB als ?groáe?
Kapitalgesellschaft."; 8 ;2016;SE;Jahresabschluss;KPMG
Soweit Ausweise wahlweise in der Bilanz oder im Anhang ausgebt werden k”nnen, sind die Angaben im ?Anhang fr das Gesch„ftsjahr 2016? gemacht.; 8 ;2016;SE;Jahresabschluss;KPMG
II. Bilanzierungs- und Bewertungsmethoden, nderungen in den Bewertungsmethoden W„hrungsumrechnung;;2016;SE;Jahresabschluss;KPMG
1. Bilanzierungs- und Bewertungsmethoden und nderungen in den Bewertungsmethoden;;2016;SE;Jahresabschluss;KPMG
Fr die Erstellung des Jahresabschlusses waren die folgenden Bilanzierungs- und Bewertungsmethoden maágebend:;;2016;SE;Jahresabschluss;KPMG
Die immateriellen Verm”gensgegenst„nde (EDV-Software) sind zu Anschaffungskosten, vermindert um planm„áige Abschreibungen, bewertet. Unentgeltlich erworbene Emissionsrechte werden nicht bilanziert.; 8.2 ;2016;SE;Jahresabschluss;KPMG
"Das Sachanlageverm”gen ist zu Anschaffungs- oder Herstellungskosten (Fremdleistungen) bzw. unter Ansatz von Lohn-, Material- und angemessenen Gemeinkosten (Eigenleistungen), vermindert um planm„áige
und auáerplanm„áige Abschreibungen, bewertet."; 8.7 ;2016;SE;Jahresabschluss;KPMG
"Das bewegliche und unbewegliche Sachanlageverm”gen wird grunds„tzlich linear abgeschrieben. Degressive Abschreibungen auf Zug„nge vergangener Jahre werden fortgefhrt. Bei degressiven Abschreibungen
erfolgt ein planm„áiger šbergang auf lineare Abschreibungen, falls dies zu h”heren Abschreibungsbetr„gen fhrt. Die Festlegung der voraussichtlichen Nutzungsdauern erfolgt auf Basis der betriebs- oder
branchenspezifischen Erfahrungen in Bezug auf die wirtschaftlichen Nutzungsm”glichkeiten."; 8.7 ;2016;SE;Jahresabschluss;KPMG
"Fr abnutzbare bewegliche Wirtschaftsgter des Anlageverm”gens, deren Anschaffungs- oder Herstellungskosten vermindert um einen darin enthaltenen Vorsteuerbetrag 150 ?, aber nicht 1.000 ? bersteigen, wird
nach õ 6 Abs. 2a EStG ein Sammelposten gebildet. Der jeweilige Sammelposten wird im Wirtschaftsjahr der Bildung und den folgenden vier Wirtschaftsjahren mit jeweils einem Fnftel gewinnmindernd aufgel”st."; 8.1 ;2016;SE;Jahresabschluss;KPMG
"Unter den Finanzanlagen sind die Anteile an verbundenen Unternehmen bzw. Beteiligungen zu Anschaffungskosten, vermindert um auáerplanm„áige Abschreibungen im Falle von dauerhaften Wertminderungen,
bewertet."; 8.12 ;2016;SE;Jahresabschluss;KPMG
Die Ausleihungen sind zu Anschaffungskosten, gegebenenfalls abzglich erforderlicher Abschreibungen, bilanziert.; 8.14 ;2016;SE;Jahresabschluss;KPMG
"Vorr„te werden zu Anschaffungs- oder Herstellungskosten bewertet. Wenn die B”rsen- oder Marktpreise beziehungsweise die beizulegenden Zeitwerte der Absatzprodukte auf der Basis von Nettover„uáerungswerten
niedriger sind, erfolgt eine Wertminderung auf diesen niedrigeren Wert. Der Nettover„uáerungswert entspricht dem im normalen Gesch„ftsverlauf erzielbaren Verkaufserl”s abzglich der bis zum Verkauf
noch anfallenden Aufwendungen fr Fertigstellung und Vertrieb."; 8.20 ;2016;SE;Jahresabschluss;KPMG
"Als Herstellungskosten der fertigen und unfertigen Erzeugnisse werden neben den direkt zurechenbaren Kosten auch angemessene Teile der Material- und Fertigungsgemeinkosten bei Normalkapazit„t der
betreffenden Produktionsanlagen erfasst, soweit sie im Zusammenhang mit dem Herstellungsvorgang anfallen. Kosten fr die betriebliche Altersversorgung, fr soziale Einrichtungen des Betriebs und freiwillige
soziale Leistungen des Unternehmens sowie Kosten der allgemeinen Verwaltung werden bercksichtigt, soweit sie auf die Herstellung entfallen. Fremdkapitalkosten werden nicht in die Herstellungskosten
einbezogen."; 8.22,8.23 ;2016;SE;Jahresabschluss;KPMG
Abschl„ge auf Vorr„te ergeben sich neben einem Preisrckgang der Absatzprodukte auch durch hohe Lagerreichweiten.; 2,8.20 ;2016;SE;Jahresabschluss;KPMG
"Bei Forderungen aus Lieferungen und Leistungen wurden Ausfallrisiken durch Einzelwertberichtigungen bercksichtigt; fr das allgemeine Kreditrisiko besteht eine Pauschalwertberichtigung."; 2,8.26 ;2016;SE;Jahresabschluss;KPMG
Die brigen Forderungen und die sonstigen Verm”gensgegenst„nde sind, mit Ausnahme des abgezinsten K”rperschaftsteuerguthabens, zum Nominalwert angesetzt.; 8.25 ;2016;SE;Jahresabschluss;KPMG
"Die Pensionsrckstellungen sind gem„á dem Teilwertverfahren passiviert. Als Rechnungsgrundlage dienten die ?Richttafeln 2005 G? der Heubeck-Richttafeln-GmbH, K”ln. Im Berichtsjahr wurde gem„á õ 253
Abs. 2 Satz 1 HGB n.F. in Verbindung mit IDW HFA RS 30 die Methodik zur Bewertung der Pensionsrckstellungen von dem bisher zu verwendenden 7-j„hrigen Durchschnittszins von 3,24 % (Vj. 3,89 %)
zu dem ab 2016 zu verwendenden 10-j„hrigen Durchschnittszins von 4,01 % ge„ndert."; 2,8.48 ;2016;SE;Jahresabschluss;KPMG
"Die sonstigen Rckstellungen bercksichtigen alle erkennbaren Risiken und ungewissen Verbindlichkeiten und sind in H”he des nach vernnftiger kaufm„nnischer Beurteilung notwendigen Erfllungsbetrags
angesetzt. Die Rckstellungen mit einer Restlaufzeit von mehr als einem Jahr sind mit dem ihrer Restlaufzeit entsprechenden durchschnittlichen Marktzinssatz der vergangenen sieben Gesch„ftsjahre abgezinst."; 8.50 ;2016;SE;Jahresabschluss;KPMG
Die Verbindlichkeiten sind zum Erfllungsbetrag bilanziert.; 8.50 ;2016;SE;Jahresabschluss;KPMG
"Latente Steuern werden nach dem bilanzorientierten Abgrenzungskonzept des õ 274 HGB bilanziert, nach dem alle Bilanzierungs- und Bewertungsdifferenzen zwischen Handels- und Steuerbilanz einzubeziehen
sind. Die Bewertung erfolgt mit den am Bilanzstichtag gltigen Steuers„tzen. Aktive und passive latente Steuern werden saldiert. Vom Aktivierungswahlrecht nach õ 274 Abs. 1 Satz 2 HGB wird kein Gebrauch
gemacht."; 8.35,8.64 ;2016;SE;Jahresabschluss;KPMG
2. W„hrungsumrechnung;;2016;SE;Jahresabschluss;KPMG
"Auf fremde W„hrung lautende Verm”gensgegenst„nde und Verbindlichkeiten mit einer Restlaufzeit von bis zu einem Jahr sind gem„á õ 256 a HGB zum Devisenkassamittelkurs am Abschlussstichtag umgerechnet.
Langfristige Verm”gensgegenst„nde in fremder W„hrung werden mit dem Devisenkassamittelkurs am Buchungstag oder dem jeweils niedrigeren Kurs am Bilanzstichtag umgerechnet. Langfristige
Verbindlichkeiten in fremder W„hrung werden mit dem Devisenkassamittelkurs am Buchungstag oder dem jeweils h”heren Kurs am Bilanzstichtag umgerechnet.";;2016;SE;Jahresabschluss;KPMG
Vorr„te wurden entsprechend dem maágeblichen Beschaffungsmarkt zum Devisengeldkurs umgerechnet.; 8.20 ;2016;SE;Jahresabschluss;KPMG
Fr die W„hrungsumrechnung wurden u.a. folgende Wechselkurse zugrunde gelegt:;;2016;SE;Jahresabschluss;KPMG
"Wechselkurse Durchschnittskurs Stichtagskurs
in ? 2016 2015 31.12.2016 31.12.2015
1 US-Dollar 0,9033 0,9010 0,9470 0,9181
1 GBP 1,2201 1,3774 1,1650 1,3605";;2016;SE;Jahresabschluss;KPMG
III. Bilanzerl„uterungen;;2016;SE;Jahresabschluss;KPMG
1. Anlageverm”gen;;2016;SE;Jahresabschluss;KPMG
Die Entwicklung der einzelnen Posten des Anlageverm”gens ist unter Angabe der Abschreibungen des Gesch„ftsjahres im Anlagespiegel (Anlage zum Anhang) dargestellt.; 4.1 ;2016;SE;Jahresabschluss;KPMG
2. Finanzanlagen;;2016;SE;Jahresabschluss;KPMG
Der Anteilsbesitz gem„á õ 285 Nr. 11 HGB stellt sich wie folgt dar:; 4.13 ;2016;SE;Jahresabschluss;KPMG
"Name und Sitz der Gesellschaft/T„tigkeit Anteil am Kapital Eigenkapital 31.12.2016
Ergebnis des letzten Gesch„ftsjahres
Verbundene Unternehmen
Koehler Kehl GmbH, Kehl 100,00 % 10.000.000 ? 69.049.122 ? *)
--Produktionsgesellschaft-- (Vj. 100,00 %) (Vj. 10.000.000 ?) (Vj. 33.928.783 ?)
Reacto Papier GmbH, Oberkirch 100,00 % 102.258 ? -2 ? *)
--Beteiligungsgesellschaft-- (Vj. 100,00 %) (Vj. 102.258 ?) (Vj. 519 ?)
PKS-Papierrohstoffe Einkaufs-gesellschaft mbH, Oberkirch 100,00 % 466.662 ? 61.089 ?
(Vj. 100,00 %) (Vj. 405.573 ?) (Vj. 66.225 ?)
--Einkaufsgesellschaft--
Katz GmbH, Oberkirch --Beteiligungsgesellschaft-- 100,00 % 47.168 ? 3.383 ?
(Vj. 100,00 %) (Vj. 43.785 ?) (Vj. 3.272 ?)
Koehler Verwaltungsgesellschaft mbH, Oberkirch 100,00 % 198.945 ? 13.383 ?
(Vj. 100,00 %) (Vj. 185.562 ?) (Vj. 14.765 ?)
--Beteiligungsgesellschaft--
Koehler decor GmbH & Co. KG, Oberkirch 100,00 % -1.559.556 ? -276.493 ?
(Vj. 100,00 %) (Vj. -1.283.063 ?) (Vj. -1.386.484 ?)
--ehemalige Produktions- und Vertriebsgesellschaft--
Koehler Immobilien GmbH & Co. KG, Oberkirch 92,11 % 246.094 ? 1.622 ?
(Vj. 92,11 %) (Vj. 244.472 ?) (Vj. 13.863 ?)
--Grundstcksverwaltungs gesellschaft--
W. Euler Papierfabrik GmbH & Co. KG, Oberkirch 99,59 % -16.275.479 ? -463.885 ?
(Vj. 99,59 %) (Vj. -15.811.594 ?) (Vj. -2.276.844 ?)
--ehemalige Produktions- und Vertriebsgesellschaft--
Koehler Greiz GmbH & Co. KG, Greiz 99,98 % 10.222.498 ? 815.721 ?
(Vj. 99,98 %) (Vj. 9.406.776 ?) (Vj. 2.376.130 ?)
--Produktionsgesellschaft--
Euler Beteiligungs-GmbH, 99,45 % 150.891 ? 9.592 ?
Oberkirch (Vj. 99,45 %) (Vj. 141.299 ?) (Vj. 18.585 ?)
--Beteiligungsgesellschaft--
Koehler-Euler Beteiligungsgesellschaft mbH & Co. KG, Oberkirch 100,00 % -619.431 ? -31.268 ?
Name und Sitz der Gesellschaft/T„tigkeit Anteil am Kapital Eigenkapital 31.12.2016
Ergebnis des letzten Gesch„ftsjahres
(Vj. 100,00 %) (Vj. -588.163 ?) (Vj. -28.803 ?)
--Beteiligungsgesellschaft--
*) Ergebnis vor Ergebnisabfhrung
Name und Sitz der Gesellschaft/T„tigkeit Anteil am Kapital Eigenkapital 31.12.2016
Ergebnis des letzten Gesch„ftsjahres
Verbundene Unternehmen
Katz GmbH & Co. KG, Weisenbach 100,00 % 20.707.674 ? 400.555 ?
(Vj. 100,00 %) (Vj. 20.307.119 ?) (Vj. 3.489.667 ?)
--Produktions- und Vertriebsgesellschaft--
Koehler Invest GmbH, Oberkirch 100,00 % 5.773.304 ? 92 ?
--Beteiligungsgesellschaft-- (Vj. 100,00 %) (Vj. 3.523.212 ?) (Vj. -883 ?)
Quarmby Promotions Ltd., Leeds, Groábritannien 100,00 % 140.376 œ 35.505 œ
(Vj. 100,00 %) (Vj. 104.871 œ) (Vj. 46.191 œ)
--Vertriebsgesellschaft--
The Katz Group Americas Inc., Sanborn, New York, USA 100,00 % 16.815.822 $ 3.069.347 $
(Vj. 100,00 %) (Vj. 13.746.475 $) (Vj. 2.848.570 $)
--Produktions- und Vertriebs gesellschaft--
3685 Lockport LLC., Wilmington, Delaware, USA 100,00 % 600.000 $ 0 $
(Vj. 0,00 %) (Vj. 0 $) (Vj. 0 $)
--Grundstcksverwaltungs gesellschaft--
Koehler Invest, Inc., Dover, Delaware, USA 100,00 % 7.724.513 $ -275.487 $
(Vj. 0,00 %) (Vj. 0 $) (Vj. 0 $)
--Beteiligungsgesellschaft--
Koehler America Inc., New York 100,00 % 2.608.140 $ 673.028 $
--Papiervertriebsgesellschaft-- (Vj. 100,00 %) (Vj. 1.935.112 $) (Vj. 641.859 $)
Koehler France S.A.R.L., Paris 100,00 % 683.884 ? -60.202 ?
--Papiervertriebsgesellschaft-- (Vj. 100,00 %) (Vj. 744.086 ?) (Vj. 48.651 ?)
Koehler (UK) Ltd., Dartford 100,00 % 204.110 œ 56.130 œ
Name und Sitz der Gesellschaft/T„tigkeit Anteil am Kapital Eigenkapital 31.12.2016
Ergebnis des letzten Gesch„ftsjahres
BP IP LLC 40,00 % 0 $ 0 $
Atlanta, Georgia/USA (Vj. 0,00 %) (Vj. 0 $) (Vj. 0 $)
-- Verwaltungsgesellschaft--"; 4.13 ;2016;SE;Jahresabschluss;KPMG
*) Die Gesellschaften haben ein Rumpfgesch„ftsjahr vom 1. Juni - 31. Dezember 2016.; 4 ;2016;SE;Jahresabschluss;KPMG
Die Papierfabrik August Koehler SE hat mit ihren Tochtergesellschaften Koehler Kehl GmbH und Reacto Papier GmbH einen Ergebnisabfhrungsvertrag abgeschlossen.; 4 ;2016;SE;Jahresabschluss;KPMG
Die zur Umrechnung in Euro ben”tigten Wechselkurse der in Fremdw„hrung erfolgten Angaben zu Eigenkapital und Ergebnis des letzten Gesch„ftsjahres k”nnen der Tabelle unter II.2 entnommen werden.; 4 ;2016;SE;Jahresabschluss;KPMG
Die Ausleihungen an verbundene Unternehmen betreffen Darlehen gegenber Unternehmen der Energiesparte des Koehler Konzerns und gegenber der Koehler Invest Inc.; 4.14 ;2016;SE;Jahresabschluss;KPMG
Die ?Sonstige Ausleihungen? beinhalten Mietkautionen.; 4.18 ;2016;SE;Jahresabschluss;KPMG
3. Vorr„te;;2016;SE;Jahresabschluss;KPMG
"3. Vorr„te
31.12.2016 31.12.2015
? ?
Roh-, Hilfs- und Betriebsstoffe 23.679.214,22 25.300.459,78
Unfertige Erzeugnisse 4.617.958,17 4.562.960,86
Fertige Erzeugnisse 19.744.700,79 20.841.868,74
Waren 29.937.800,98 18.623.724,66
77.979.674,16 69.329.014,04"; 4.20 ;2016;SE;Jahresabschluss;KPMG
4. Forderungen und sonstige Verm”gensgegenst„nde;;2016;SE;Jahresabschluss;KPMG
"4. Forderungen und sonstige Verm”gensgegenst„nde
31.12.2016 31.12.2015
? ?
Forderungen aus Lieferungen und Leistungen 81.260.436,94 79.916.243,32
Forderungen gegen verbundene Unternehmen 90.529.625,30 97.429.351,95
Sonstige Verm”gensgegenst„nde 8.371.646,97 15.058.342,91
180.161.709,21 192.403.938,18"; 4.25 ;2016;SE;Jahresabschluss;KPMG
"Von den Forderungen gegen verbundene Unternehmen entfallen 17.213 T? (Vj. 18.567 T?) auf Forderungen aus Lieferungen und Leistungen. Die sonstigen Verm”gensgegenst„nde beinhalten im Wesentlichen
den aktivierten Anspruch auf Auszahlung des K”rperschaftsteuerguthabens und Steuererstattungsansprche. Das K”rperschaftsteuerguthaben in H”he von 687 T? (Vj. 1.349 T?) sowie alle brigen Forderungen
und sonstigen Verm”gensgegenst„nde haben eine Restlaufzeit bis einem Jahr. Aufgrund der Neufassung des HGB durch das BilRUG gab es fr das Jahr 2015 eine Verschiebung von der Bilanzposition Sonstige
Verm”gensgegenst„nde zu Forderungen aus Lieferungen und Leistungen in H”he von 12.381,12 EUR."; 2,4.25 ;2016;SE;Jahresabschluss;KPMG
5. Kassenbestand und Guthaben bei Kreditinstituten;;2016;SE;Jahresabschluss;KPMG
"Kassenbestand und Guthaben bei Kreditinstituten
31.12.2016 31.12.2015
? ?
Kassenbestand 4.208,23 2.454,93
Guthaben bei Kreditinstituten 141.269.585,03 64.633.515,25
141.273.793,26 64.635.970,18"; 4.33 ;2016;SE;Jahresabschluss;KPMG
6. Latente Steuern;;2016;SE;Jahresabschluss;KPMG
"Die zu aktiven latenten Steuern fhrenden Differenzen betreffen die in der Steuerbilanz abweichenden Bewertungen von Rckstellungen fr Pensionen, Altersteilzeit und Jubil„en sowie den in der Steuerbilanz
nicht anzusetzenden Drohverlustrckstellungen. Dagegen wurden passive latente Steuern fr die der Papierfabrik August Koehler SE von Tochter-Personengesellschaften steuerlich zugerechneten Verluste, die
Umrechnung von Fremdw„hrungspositionen sowie die Bewertungsunterschiede durch šbertragung einer Rcklage gem„á õ 6b EStG saldiert."; 4.35,4.64,27 ;2016;SE;Jahresabschluss;KPMG
"Die Bewertung der latenten Steuern auf steuerlich bereits genutzte Verluste von Tochterpersonengesellschaften erfolgte mit einem Steuersatz in H”he von 15,825 %. Die brigen latenten Steuern wurden mit
einem Steuersatz von 28,2 % (Vj. 28,2 %) bewertet."; 4.35,4.64,27 ;2016;SE;Jahresabschluss;KPMG
Zum 31. Dezember 2016 bestand per Saldo ein Aktivberhang. Vom Aktivierungswahlrecht nach õ 274 Abs. 1 Satz 2 HGB wird kein Gebrauch gemacht.; 4.35,27 ;2016;SE;Jahresabschluss;KPMG
7. Gezeichnetes Kapital;;2016;SE;Jahresabschluss;KPMG
Das Grundkapital der Gesellschaft ist eingeteilt in:; 4.38 ;2016;SE;Jahresabschluss;KPMG
"116.640.000 Stammaktien im Nennwert
von je
1,00 ? 116.640.000,00
12.960.000 Vorzugsaktien im Nennwert
von je
1,00 ? 12.960.000,00
129.600.000,00"; 4.38,24 ;2016;SE;Jahresabschluss;KPMG
"Zum 31. Dezember 2016 betr„gt das gezeichnete Kapital 129.600.000,00 ? (Vj. 129.600.000,00 ?). Auf die Vorzugsaktien entfallen 12.960.000 Stimmen (Vj. 12.960.000) beziehungsweise 10,0 % der Stimmrechte
(Vj. 10,0 %), auf die brigen Aktien 116.640.000 Stimmen (Vj. 116.640.000) beziehungsweise 90,0 % der Stimmrechte (Vj. 90,0 %)."; 4.38 ;2016;SE;Jahresabschluss;KPMG
8. Gewinnrcklagen;;2016;SE;Jahresabschluss;KPMG
Die Gewinnrcklagen setzen sich wie folgt zusammen:; 4.40 ;2016;SE;Jahresabschluss;KPMG
"31.12.2016 31.12.2015
? ?
Gesetzliche Rcklage
1. Januar 12.960.000,00 12.960.000,00
Einstellungen aus dem Bilanzgewinn 0,00 0,00
31. Dezember 12.960.000,00 12.960.000,00
Andere Gewinnrcklagen
1. Januar 125.926.000,00 89.705.000,00
Einstellung durch die Hauptversammlung aus dem Bilanzgewinn des Vorjahres 25.826.000,00 36.221.000,00
Entnahmen zur Kapitalerh”hung aus Gesellschaftsmitteln 0,00 0,00
31. Dezember 151.752.000,00 125.926.000,00
164.712.000,00 138.886.000,00"; 4.40,35,74,77 ;2016;SE;Jahresabschluss;KPMG
9. Jahresberschuss/Gewinnvortrag/Ergebnisverwendung;;2016;SE;Jahresabschluss;KPMG
Der Jahresberschuss von 55.153.250,29 ? (Vj. 36.237.648,73 ?) und der Gewinnvortrag von 307,97 ? (Vj. 834,70 ?) ergeben einen Bilanzgewinn von 55.153.558,26 ? (Vj. 36.238.483,43 ?).; 4.46,37,78 ;2016;SE;Jahresabschluss;KPMG
"Vorstand und Aufsichtsrat schlagen vor, aus dem Bilanzgewinn eine Dividende im Gesamtbetrag von 10.412.175,46 ? (Vj. 10.412.175,46 ?) auszuschtten, einen Betrag in H”he von 44.741.000,00 ? (Vj.
25.826.000,00 ?) in andere Gewinnrcklagen einzustellen und den Restbetrag in H”he von 382,80 ? (Vj. 307,97 ?) auf neue Rechnung vorzutragen."; 84 ;2016;SE;Jahresabschluss;KPMG
10. Rckstellungen;;2016;SE;Jahresabschluss;KPMG
"31.12.2016 31.12.2015
? ?
Rckstellungen fr Pensionen 42.732.816,36 40.362.909,88
Steuerrckstellungen 6.096.188,00 3.459.979,00
Sonstige Rckstellungen 106.358.291,02 88.987.291,88
155.187.295,38 132.810.180,76"; 4.47 ;2016;SE;Jahresabschluss;KPMG
"Die Pensionsrckstellungen sind gem„á dem Teilwertverfahren bilanziert. Es besteht kein Fehlbetrag aus dem Nachholverbot. Die Vereinfachungsregelung des õ 253 Abs. 2 Satz 2 HGB wird angewandt. Im
Berichtsjahr wurde gem„á õ 253 Abs. 2 Satz 1 HGB n.F. in Verbindung mit IDW HFA RS 30 die Methodik zur Bewertung der Pensionsrckstellungen von dem bisher zu verwendenden 7-j„hrigen Durchschnittszins
von 3,24 % (Vj. 3,89 %) zu dem ab 2016 zu verwendenden 10-j„hrigen Durchschnittszins von 4,01 % ge„ndert."; 2,4.48,41,42 ;2016;SE;Jahresabschluss;KPMG
"Der Effekt aus der Zins„nderung betr„gt 444.815 ?. Die erfolgswirksame Anpassung der Rckstellung aus dieser nderung wurde im Finanzergebnis ausgewiesen. Der Unterschiedsbetrag gem„á õ 253 Abs. 6
Satz 1 HGB n.F. betr„gt 3.007.439 ?. Der Unterschiedsbetrag ist grunds„tzlich ausschttungsgesperrt, sofern die nach der Ausschttung frei verfgbaren Rcklagen zuzglich eines Gewinnvortrags bzw. abzglich
eines Verlustvortrags nicht mindestens dem Unterschiedsbetrag im Sinne des õ253 Abs. 6 Satz 1 HGB entsprechen."; 4.48,42 ;2016;SE;Jahresabschluss;KPMG
"Die sonstigen Rckstellungen beinhalten u.a. Rckstellungen fr Gew„hrleistungen, Rckstellungen fr ausstehende Lohn- und Gehaltsverpflichtungen, Rckstellungen fr Erfolgsbeteiligung Mitarbeiter, Rckstellungen
fr die Prfung des Jahresabschlusses, Rckstellungen fr Tantiemen, Altersteilzeit, Berufsgenossenschaftsbeitr„ge, Jubil„umszuwendungen, Resturlaubsverpflichtungen sowie drohende Verluste aus
schwebenden Gesch„ften."; 4.50,47 ;2016;SE;Jahresabschluss;KPMG
"Die sonstigen Rckstellungen beinhalten einen Betrag in H”he von 80.500 T? (Vj. 66.771 T?) aufgrund von m”glichen Zollnachzahlungen. Die Zufhrung wurde wegen Anpassungen des Wechselkurses,
aufgelaufener Zinsen und einer Erh”hung des Gesamtrisikos durch die Best„tigung der Verwaltungsentscheidung in zweiter Gerichtsinstanz - den Dumpingzollsatz von 75,36 % betreffend - erforderlich. Das
Gesamtrisiko bel„uft sich unter Bercksichtigung der aufgelaufenen Zinsen auf 211 Mio. ?. Die Rechts- und Beratungskosten, die im Rahmen des Verfahrens anstehen, wurden in H”he von 5.655 T? bercksichtigt.
Die Gesellschaft wird weiterhin alle M”glichkeiten nutzen, eine in keinem Verh„ltnis stehende Zahlung zu minimieren. Dazu geh”ren unter anderem das Ausnutzen des weiteren Instanzenwegs und das Anstreben
eines Vergleichs mit der amerikanischen Regierung."; 4.50,47 ;2016;SE;Jahresabschluss;KPMG
"Die gebildete Altersteilzeitrckstellung (Blockmodell) umfasst die seitens der Arbeitnehmer bis zum Bilanzstichtag erdienten Ansprche auf Lohn- und Gehaltszahlungen in der Freistellungsphase (Erfllungsrckstand)
sowie die Aufstockungsleistungen unter Anwendung des IDW HFA 3."; 4.48 ;2016;SE;Jahresabschluss;KPMG
11. Verbindlichkeiten;;2016;SE;Jahresabschluss;KPMG
"11. Verbindlichkeiten
31.12.2016 RLZ < 1 Jahr RLZ 1 bis 5 Jahre RLZ > 5 Jahre
? T? T? T?
1. Verbindlichkeiten gegenber Kreditinstituten 12.490.188,85 2.339 7.189 2.962
(im Vorjahr) (14.958.004,88) (2.595) (7.699) (4.664)
2. Erhaltene Anzahlungen auf Bestellungen 557.318,58 557
(im Vorjahr) (677.136,94) (677)
3. Verbindlichkeiten aus Lieferungen und Leistungen 6.279.961,05 6.280
(im Vorjahr) (12.334.728,83) (12.335)
4. Verbindlichkeiten gegenber verbundenen Unternehmen 11.993.837,37 11.994
(im Vorjahr) (9.656.492,88) (9.656)
5. Sonstige Verbindlichkeiten 61.875.020,31 59.606 1.760 509
(im Vorjahr) (54.802.996,20) (52.598) (1.306) (899)
- davon aus Steuern 2.758.678,15 2.759
(im Vorjahr) (3.042.347,38) (3.042)
Summe aller Verbindlichkeiten 93.196.326,16 80.776 8.949 3.471
(im Vorjahr) (92.429.359,73) (77.861) (9.005) (5.563)"; 4.51,49,50 ;2016;SE;Jahresabschluss;KPMG
"Aufgrund der Neufassung des HGB durch das BilRUG gab es fr das Jahr 2015 eine Verschiebung von der Bilanzposition Sonstige Verbindlichkeiten zu Verbindlichkeiten aus Lieferungen und Leistungen in
H”he von 3.598,94 EUR."; 2,4.60,4.56 ;2016;SE;Jahresabschluss;KPMG
12. Haftungsverh„ltnisse;;2016;SE;Jahresabschluss;KPMG
"31.12.2016 31.12.2015
T? T?
Haftsumme aus Genossenschaftsanteilen 5 5
Selbstschuldnerische Haftung fr Kredite 11.681 15.450
- davon fr verbundene Unternehmen (11.681) (15.450)"; 54 ;2016;SE;Jahresabschluss;KPMG
"Das verbundene Unternehmen EBE-Elsflether Bioenergie GmbH, Elsfleth, hat bei der Papierfabrik August Koehler SE einen Darlehensvertrag in H”he von 737 T? abgeschlossen. Das Darlehen valutiert zum 31.
Dezember 2016 mit 362 T?. Die Darlehensgeberin hat auf dieses Darlehen der Haspa AG, Hamburg, gegenber den Nachrang erkl„rt."; 54 ;2016;SE;Jahresabschluss;KPMG
Auf Grund der guten Finanz- und Ertragslage der betroffenen Tochter- bzw. Schwesterunternehmen gehen wir davon aus, dass wir aus den Haftungsverh„ltnissen nicht in Anspruch genommen werden.; 55 ;2016;SE;Jahresabschluss;KPMG
IV. Erl„uterungen zur Gewinn- und Verlustrechnung;;2016;SE;Jahresabschluss;KPMG
1. Umsatzerl”se;;2016;SE;Jahresabschluss;KPMG
"Die Umsatzerl”se wurden entsprechend der Neudefinition des õ 277 Abs. 1 HGB in der Fassung des BilRUG erfasst. Hauptumsatztr„ger sind Thermopapier, Selbstdurchschreibepapier, Feinpapier, Dekorpapier
und technisches Spezialpapier."; 4.66,58 ;2016;SE;Jahresabschluss;KPMG
Geographische Gliederung:; 4.66,58 ;2016;SE;Jahresabschluss;KPMG
"2016 2015
? % ? %
Bundesrepublik Deutschland 195.688.535,81 29,7 176.657.410,85 26,8
Europ„ische Union 185.685.318,46 28,1 203.064.180,61 30,9
Sonstige Drittl„nder 277.955.383,65 42,2 277.969.586,98 42,3
659.329.237,92 100,0 657.691.178,44 100,0"; 4.66,58 ;2016;SE;Jahresabschluss;KPMG
"Das Vorjahr wurde an die Neudefinition der Umsatzerl”se gem„á õ 277 Abs. 1 HGB i.d.F. des BilRUG angepasst. Bei Anwendung des õ 277 Abs. 1 HGB in der Fassung vor BilRUG haben sich fr das Vorjahr
Umsatzerl”se in H”he von 655.241 T? ergeben. Der Differenzbetrag in H”he von 2.449.939,19 ? wurde aus den sonstigen betrieblichen Ertr„gen umgegliedert."; 2,3,4.66,59 ;2016;SE;Jahresabschluss;KPMG
2. Sonstige betriebliche Ertr„ge;;2016;SE;Jahresabschluss;KPMG
"Hierin sind periodenfremde Ertr„ge von 2.556.721,96 ? (Vj. 17.907.030,16 ?) enthalten. Sie betreffen im Wesentlichen Ertr„ge aus der Herabsetzung der Einzelwertberichtigung der Forderungen. Die Ertr„ge
aus der W„hrungsumrechnung belaufen sich auf 10.457.043,55 ? (Vj. 12.964.480,07 ?)."; 4.69,65,67 ;2016;SE;Jahresabschluss;KPMG
3. Materialaufwand;;2016;SE;Jahresabschluss;KPMG
"2016 2015
? ?
a) Aufwendungen fr Roh-, Hilfs- und Betriebsstoffe und fr bezogene Waren 488.181.052,20 497.300.497,90
b) Aufwendungen fr bezogene Leistungen 736.932,74 1.345.247,79
488.917.984,94 498.645.745,69"; 4.70 ;2016;SE;Jahresabschluss;KPMG
4. Personalaufwand;;2016;SE;Jahresabschluss;KPMG
"2016 2015
? ?
a) L”hne und Geh„lter 56.677.380,90 53.111.857,03
b) Soziale Abgaben und Aufwendungen fr Altersversorgung 12.851.195,21 12.251.459,21
- davon fr Altersversorgung (3.434.002,00) (3.139.225,64)
69.528.576,11 65.363.316,24"; 4.73 ;2016;SE;Jahresabschluss;KPMG
5. Abschreibungen;;2016;SE;Jahresabschluss;KPMG
Die Abschreibungen auf immaterielle Verm”gensgegenst„nde des Anlageverm”gens und Sachanlagen in H”he von 7.002.229,48 ? (Vj. 6.672.085,52 ?) betreffen ausschlieálich planm„áige Abschreibungen.; 4.77 ;2016;SE;Jahresabschluss;KPMG
6. Sonstige betriebliche Aufwendungen;;2016;SE;Jahresabschluss;KPMG
"Sie beinhalten fast ausschlieálich Instandhaltungs- und brige Betriebsaufwendungen, Verwaltungs- sowie Vertriebsaufwendungen, insbesondere Versandkosten und Z”lle sowie periodenfremde Aufwendungen
in H”he von 178 T? (Vj. 3 T?). Die Aufwendungen aus der W„hrungsumrechnung belaufen sich auf 8.267.563,76 ? (Vj. 6.634.056,48 ?). Des Weiteren sind auáergew”hnliche Aufwendungen in H”he von
10.804.141,54 ? (Vj. 18.968.515,14 ?) aus der Zufhrung zur Anti-Dumping-Rckstellung enthalten."; 4.80,65,67,68 ;2016;SE;Jahresabschluss;KPMG
7. Zinsaufwendungen;;2016;SE;Jahresabschluss;KPMG
In den Zinsen und „hnlichen Aufwendungen in H”he von 8.124.446,89 ? (Vj. 6.886.053,73 ?) sind Aufwendungen aus der Aufzinsung von Rckstellungen in H”he von 1.685.964,00 ? (Vj. 3.865.490,00 ?) enthalten.; 4.88,66 ;2016;SE;Jahresabschluss;KPMG
8. Steuern von Einkommen und vom Ertrag;;2016;SE;Jahresabschluss;KPMG
"2016 2015
? ?
Steuern vom Einkommen und Ertrag
laufendes Jahr 22.950.929,48 17.834.852,35
Steuern vom Einkommen und Ertrag Vorjahre 533.259,78 -225.106,24
23.484.189,26 17.609.746,11"; 4.90,69 ;2016;SE;Jahresabschluss;KPMG
V. Sonstige Pflichtangaben;;2016;SE;Jahresabschluss;KPMG
1. Sonstige finanzielle Verpflichtungen gem„á õ 285 Nr. 3a HGB;;2016;SE;Jahresabschluss;KPMG
"31.12.2016 RLZ < 1 Jahr RLZ 1 bis 5 Jahre RLZ > 5 Jahre 31.12.2015
T? T? T? T? T?
Verpflichtungen aus Leasingvertr„gen
679 151 528 0 298
Verpflichtungen aus Investitionen 875 875 0 0 1.714
Summe aller Verpflichtungen 1.554 1.026 528 0 2.012"; 83 ;2016;SE;Jahresabschluss;KPMG
2. Belegschaft;;2016;SE;Jahresabschluss;KPMG
Die durchschnittliche Zahl der w„hrend des Gesch„ftsjahres besch„ftigten Arbeitnehmer, getrennt nach Gruppen (õ 285 Nr. 7 HGB):; 80 ;2016;SE;Jahresabschluss;KPMG
"2016 2015
Gewerbliche Mitarbeiter 509 506
Kaufm„nnische und technische Angestellte 390 369
899 875
Auszubildende 67 68"; 80 ;2016;SE;Jahresabschluss;KPMG
3. Gesamtbezge von Vorstand und Aufsichtsrat (õ 285 Nr. 9 a, b HGB);;2016;SE;Jahresabschluss;KPMG
Die Vergtungen an den Aufsichtsrat fr 2016 betragen 48.750,00 ? (Vj. 48.750,00 ?).; 103 ;2016;SE;Jahresabschluss;KPMG
4. Mitglieder des Aufsichtsrats;;2016;SE;Jahresabschluss;KPMG
"Herr Wolfgang Furler, Oberkirch,.
-- Vorsitzender --.
-- Gesch„ftsfhrender Gesellschafter der Koehler Holding GmbH & Co. KG --
Herr Klaus Furler, Oberkirch,.
-- stellvertretender Vorsitzender --.
-- Gesch„ftsfhrender Gesellschafter der Koehler Holding GmbH & Co. KG --
Herr Fritz Holzhey, Schongau,.
-- Selbst„ndiger Unternehmer --
Herr Dr. Markus Tschernig, Starnberg,.
-- Unternehmensberater --
Herr Hans-J”rg Brandstetter, Lautenbach,.
-- (Arbeitnehmervertreter) --.
-- Konzernbetriebsratsvorsitzender -- .
-- stellvertretender Betriebsratsvorsitzender --
Herr Thomas Lampart, Renchen,.
-- (Arbeitnehmervertreter) --.
-- Betriebsratsvorsitzender -"; 102 ;2016;SE;Jahresabschluss;KPMG
5. Mitglieder des Vorstands;;2016;SE;Jahresabschluss;KPMG
"Herr Kai Furler, Baden-Baden,.
-- Vorstandsvorsitzender --
Herr Dr. Stefan Karrer, Baden-Baden,.
-- Technischer Vorstand --
Herr Frank Lendowski, Offenburg,.
-- Vorstand Finanzen und Verwaltung --"; 102 ;2016;SE;Jahresabschluss;KPMG
Der Beruf der Vorstandsmitglieder ist mit ihrer Organstellung identisch.;;2016;SE;Jahresabschluss;KPMG
"Herr Kai Furler vertritt als Vorstandsvorsitzender die Gesellschaft alleine und ist von den Beschr„nkungen des õ 181 BGB befreit. Herr Dr. Stefan Karrer beziehungsweise Herr Frank Lendowski vertreten die
Gesellschaft gemeinsam mit einem weiteren Mitglied des Vorstands oder mit einem Prokuristen.";;2016;SE;Jahresabschluss;KPMG
6. Mutterunternehmen .;;2016;SE;Jahresabschluss;KPMG
(õ 285 Nr. 14 HGB);;2016;SE;Jahresabschluss;KPMG
"Der Jahresabschluss der Papierfabrik August Koehler SE, Oberkirch, wird in den Konzernabschluss der Koehler Holding GmbH & Co. KG, Oberkirch, (gr”áter Kreis von Unternehmen) einbezogen. Dieser
Konzernabschluss wird beim Betreiber des Bundesanzeigers (Bundesanzeiger Verlagsgesellschaft mbH, K”ln) eingereicht und im Bundesanzeiger bekannt gemacht. Die Koehler Holding GmbH & Co. KG,
Oberkirch, stellt einen befreienden Konzernabschluss gem„á õ 291 Abs. 2 Nr. 1 HGB auf."; 86,92 ;2016;SE;Jahresabschluss;KPMG
7. Abschlussprferhonorar .;;2016;SE;Jahresabschluss;KPMG
(õ 285 Nr. 17 HGB);;2016;SE;Jahresabschluss;KPMG
"Das von dem Abschlussprfer fr das Gesch„ftsjahr berechnete Gesamthonorar betr„gt 232 T? (Vj. 81 T?) und betrifft in H”he von 84 T? (Vj. 81 T?) Abschlussprfungsleistungen, in H”he von 35 T? (Vj. 0
T?) Steuerberatungsleistungen und in H”he von 113 T? (Vj. 0 T?) sonstige Beratungsleistungen."; 89 ;2016;SE;Jahresabschluss;KPMG
8. Finanzinstrumente .;;2016;SE;Jahresabschluss;KPMG
(õ 285 Nr. 19 HGB);;2016;SE;Jahresabschluss;KPMG
Die Buch- und Zeitwerte der derivaten Finanzinstrumente der Papierfabrik August Koehler SE stellen sich wie folgt dar:; 57 ;2016;SE;Jahresabschluss;KPMG
"Nominalvolumen Buchwert 31.12.2016 Bilanzposition
Zeit- bzw. Marktwert
31.12.2016
Zellstoff 48.000 Tonnen -2.661 T? Sonstige Rckstellungen -3.058 T$
Commodity Swaps (Vj. 0 Tonnen) (Vj. 0 T?) Sonstige Rckstellungen (Vj. 0 T $)"; 57 ;2016;SE;Jahresabschluss;KPMG
Die Zeitwerte der Derivate werden durch den Einsatz von anerkannten mathematischen Bewertungsmethoden (z.B. Discounted-Cashflow-Methode) auf der Basis von aktuellen Marktparametern ermittelt.; 57 ;2016;SE;Jahresabschluss;KPMG
"Ein Marktrisiko ergibt sich, wenn Preis„nderungen an den Finanzm„rkten den Wert von Finanzinstrumenten negativ beeinflussen. Die in der šbersicht aufgefhrten Marktwerte wurden auf der Basis der am
Bilanzstichtag zur Verfgung stehenden Marktinformationen ermittelt."; 57 ;2016;SE;Jahresabschluss;KPMG
Ein Zinsrisiko, das heiát m”gliche Wertschwankungen von Finanzinstrumenten aufgrund von nderungen der Marktzinss„tze, kann sich vor allem bei langfristigen Verbindlichkeiten ergeben.; 57 ;2016;SE;Jahresabschluss;KPMG
Eine hohe Nettoliquidit„t sowie vorhandene Kreditlinien stellen eine jederzeit ausreichende Liquidit„tsversorgung der Papierfabrik August Koehler SE sicher.; 57 ;2016;SE;Jahresabschluss;KPMG
"Das Ausfallrisiko aus finanziellen Verm”genswerten besteht in der Gefahr des Ausfalls eines Vertragspartners und daher maximal in H”he der positiven Zeitwerte der Forderungen gegenber den jeweiligen
Kontrahenten. Wir gehen davon aus, dass durch Wertberichtigungen fr Forderungsausf„lle das tats„chliche Risiko aus origin„ren Finanzinstrumenten abgedeckt ist."; 57 ;2016;SE;Jahresabschluss;KPMG
9. Nachtragsbericht .;;2016;SE;Jahresabschluss;KPMG
(õ 285 Nr. 33 HGB);;2016;SE;Jahresabschluss;KPMG
Nach Abschluss des Gesch„ftsjahres 2016 sind keine Vorg„nge von besonderer Bedeutung eingetreten.; 85 ;2016;SE;Jahresabschluss;KPMG
Oberkirch, 14. M„rz 2017;;2016;SE;Jahresabschluss;KPMG
PAPIERFABRIK AUGUST KOEHLER SE;;2016;SE;Jahresabschluss;KPMG
Der Vorstand;;2016;SE;Jahresabschluss;KPMG
Kai Furler;;2016;SE;Jahresabschluss;KPMG
Dr. Stefan Karrer;;2016;SE;Jahresabschluss;KPMG
Frank Lendowski;;2016;SE;Jahresabschluss;KPMG
Entwicklung des Anlageverm”gens im Gesch„ftsjahr 2016;;2016;SE;Jahresabschluss;KPMG
"Anschaffungs- und Herstellungskosten
1.1.2016 Zug„nge Umbuchungen Abg„nge 31.12.2016
EUR EUR EUR EUR EUR
I. Immaterielle Verm”gensgegenst„nde
1. Entgeltlich erworbene gewerbliche
Schutzrechte und
„hnliche Rechte und Werte
7.749.986,44 550.926,50 0,00 192.521,18 8.108.391,76
2. Geleistete Anzahlungen auf
immaterielle Verm”gensgegenst„nde
0,00 10.360,00 0,00 0,00 10.360,00
7.749.986,44 561.286,50 0,00 192.521,18 8.118.751,76
II. Sachanlagen
1. Grundstcke, grundstcksgleiche
Rechte und Bauten
einschlieálich der Bauten auf
fremden Grundstcken
58.197.330,10 2.175.113,87 1.642.609,13 403.436,50 61.611.616,60
2. Technische Anlagen und
Maschinen
120.638.412,58 1.784.186,15 0,00 851.005,77 121.571.592,96
3. Andere Anlagen, Betriebsund
Gesch„ftsausstattung
32.519.862,19 2.648.825,03 880,64 4.787.205,43 30.382.362,43
4. Geleistete Anzahlungen
und Anlagen im Bau
1.647.987,42 59.512,75 -1.643.489,77 4.497,65 59.512,75
213.003.592,29 6.667.637,80 0,00 6.046.145,35 213.625.084,74
III. Finanzanlagen
1. Anteile an verbundenen
Unternehmen
72.615.454,15 9.307.785,62 0,00 0,00 81.923.239,77
2. Ausleihungen an verbundene
Unternehmen
97.015.074,65 8.694.516,02 0,00 22.964.386,63 82.745.204,04
3. Beteiligungen 238.030,37 359.527,34 0,00 475.792,03 121.765,68
4. Sonstige Ausleihungen 2.763,55 0,00 0,00 1.000,00 1.763,55
169.871.322,72 18.361.828,98 0,00 23.441.178,66 164.791.973,04
390.624.901,45 25.590.753,28 0,00 29.679.845,19 386.535.809,54
Kumulierte Abschreibungen
1.1.2016
Abschreibungen des Gesch„fts-jahres
Abg„nge 31.12.2016
EUR EUR EUR EUR
I. Immaterielle Verm”gensgegenst„nde
1. Entgeltlich erworbene gewerbliche
Schutzrechte und „hnliche
Rechte und Werte
6.258.605,68 672.223,50 190.105,18 6.740.724,00
2. Geleistete Anzahlungen auf immaterielle
Verm”gensgegenst„nde
0,00 0,00 0,00 0,00
6.258.605,68 672.223,50 190.105,18 6.740.724,00
II. Sachanlagen
1. Grundstcke, grundstcksgleiche
Rechte und Bauten einschlieálich
der Bauten auf fremden Grundstcken
31.609.357,08 1.385.061,16 392.461,50 32.601.956,74
2. Technische Anlagen und Maschinen
88.728.906,58 3.286.649,15 851.005,77 91.164.549,96
3. Andere Anlagen, Betriebs- und
Gesch„ftsausstattung
26.984.558,27 1.658.295,67 4.685.426,43 23.957.427,51
4. Geleistete Anzahlungen und Anlagen
im Bau
0,00 0,00 0,00 0,00
147.322.821,93 6.330.005,98 5.928.893,70 147.723.934,21
III. Finanzanlagen
1. Anteile an verbundenen Unternehmen
33.652.732,43 0,00 0,00 33.652.732,43
2. Ausleihungen an verbundene Unternehmen
0,00 0,00 0,00 0,00
3. Beteiligungen 0,00 0,00 0,00 0,00
4. Sonstige Ausleihungen 0,00 0,00 0,00 0,00
33.652.732,43 0,00 0,00 33.652.732,43
187.234.160,04 7.002.229,48 6.118.998,88 188.117.390,64
Buchwerte
31.12.2016 31.12.2015
EUR EUR
I. Immaterielle Verm”gensgegenst„nde
1. Entgeltlich erworbene gewerbliche Schutzrechte und „hnliche
Rechte und Werte
1.367.667,76 1.491.380,76
2. Geleistete Anzahlungen auf immaterielle Verm”gensgegenst„nde
10.360,00 0,00
1.378.027,76 1.491.380,76
II. Sachanlagen
1. Grundstcke, grundstcksgleiche Rechte und Bauten einschlieálich
der Bauten auf fremden Grundstcken
29.009.659,86 26.587.973,02
2. Technische Anlagen und Maschinen 30.407.043,00 31.909.506,00
3. Andere Anlagen, Betriebs- und Gesch„ftsausstattung 6.424.934,92 5.535.303,92
4. Geleistete Anzahlungen und Anlagen im Bau 59.512,75 1.647.987,42
65.901.150,53 65.680.770,36
III. Finanzanlagen
1. Anteile an verbundenen Unternehmen 48.270.507,34 38.962.721,72
2. Ausleihungen an verbundene Unternehmen 82.745.204,04 97.015.074,65
3. Beteiligungen 121.765,68 238.030,37
4. Sonstige Ausleihungen 1.763,55 2.763,55
131.139.240,61 136.218.590,29
198.418.418,90 203.390.741,41"; 15,16 ;2016;SE;Jahresabschluss;KPMG
