Anhang zum Konzernabschluss für das Geschäftsjahr vom 01. März 2016 bis zum 28. Februar 2017; Annotierung (Angabe Nummer in Anahngscheckliste) ;Geschäftsjahr;Gesellschaft;Abschlussart;Prüfer
der GROB-WERKE GmbH & Co. KG;;2016/2017;GROB-WERKE GmbH & Co. KG;Konzernabschluss;PNHR
A. ALLGEMEINE ANGABEN zum Konzernabschluss;;2016/2017;GROB-WERKE GmbH & Co. KG;Konzernabschluss;PNHR
1. Rechtlicher Aufbau des Konzerns und Konsolidierungskreis;;2016/2017;GROB-WERKE GmbH & Co. KG;Konzernabschluss;PNHR
Sitz des Mutterunternehmens, die GROB-WERKE GmbH & Co. KG, ist Mindelheim. Die Gesellschaft ist unter der Nummer HRA 11233 im Register des Amtsgerichts Memmingen eingetragen. Der Konzernabschluss zum 28.02.2017 wird unter Berücksichtigung der Vorschriften des deutschen Handelsgesetzbuches (§§ 290 ff. HGB) aufgestellt. Die jeweils geltenden DRS werden beachtet. Der Kreis der voll konsolidierten Unternehmen besteht aus den folgenden Gesellschaften:; 83 ;2016/2017;GROB-WERKE GmbH & Co. KG;Konzernabschluss;PNHR
Konsolidierungskreis zum 28.02.2017; 68 ;2016/2017;GROB-WERKE GmbH & Co. KG;Konzernabschluss;PNHR
"Höhe des Eigenkapitals.
T€ in %
Anteil vom Eigenkapital.
T€
Ergebnis des Geschäftsjahres
.
T€
Unmittelbare Beteiligung
(Vollkonsolidierung § 301 HGB)
GROB Beteiligungsgesellschaft mbH, Mindelheim 1) 119.468 100 119.468 12.378
Mittelbare Beteiligung
(Vollkonsolidierung § 301 HGB)
B. GROB do Brasil S.A., Sao Paulo, Brasilien 2) 48.191 99,99 48.186 3.382
GROB Systems Inc., Bluffton/Ohio, USA 1) 75.973 100 75.973 15.758
GROB Machine Tools (Dalian), Co. Ltd., China 1) 65.813 100 65.813 10.523
Assoziierte Unternehmen (mittelbar und unmittelbar)
(at equity-Bilanzierung § 311 HGB)
GROB Machine Tools (Beijing) Co. Ltd., China 1) -2.314 100 -2.314 669
GROB Machine Tools U.K. Ltd., Wellesbourne, Grossbritannien 1) 823 100 823 328
GROB Mexiko S.A. de C.V., Querétaro, Mexiko 1) 5.005 100 5.005 1837
GROB Korea Co. Ltd., Seoul, Südkorea 1) 4.357 100 4.357 -64
GROB Machine Tools India Pvt. Ltd., Hyderabad, India 4) 4.389 99,99 4.388 1037
OOO GROB-RussMasch, Moskau, Russland 3) 373 100 373 33
GROB Hungaria Kft., Budapest, Ungarn 1) 211 100 211 -6
GROB Italia S.r.l. 3), Turin, Italien 19 100 19 -11
GROB Polska Sp. z o.o. 5), Posen, Polen 243 100 243 146
DMG meccanica S.r.l., Turin, Italien 3) 3.299 100 3.299 954
1) lt. Landesabschluss zum 28.02.2017, umgerechnet mit dem Stichtagskurs bzw. Jahresmittelkurs
2) lt. HB II zum 28.02.2017
3) lt. Landesabschluss zum 31.12.2016, umgerechnet mit dem Stichtagskurs bzw. Jahresmittelkurs
4) lt. Landesabschluss zum 31.03.2017, umgerechnet mit dem Stichtagskurs bzw. Jahresmittelkurs
5) lt. Landesabschluss zum 30.11.2016, umgerechnet mit dem Stichtagskurs bzw. Jahresmittelkurs"; 68, 69 ;2016/2017;GROB-WERKE GmbH & Co. KG;Konzernabschluss;PNHR
Unmittelbare und mittelbare Beteiligungsunternehmen unter der einheitlichen Leitung der GROB-WERKE GmbH & Co. KG werden nach der Methode der Vollkonsolidierung (purchase method), sofern sie nicht von untergeordneter Bedeutung sind, in den Konzernabschluss einbezogen.;;2016/2017;GROB-WERKE GmbH & Co. KG;Konzernabschluss;PNHR
Bei den assoziierten Unternehmen GROB Machine Tools U.K. Limited, GROB Mexico S.A. de C.V., GROB Korea Co., Ltd., GROB Machine Tools (Beijing) Co., Ltd., GROB Machine Tools India Pvt. Limited, GROBRussMasch GmbH, GROB Hungaria Kft., GROB Italia S.r.l., GROB Polska Sp. z o.o. und DMG meccanica wird gemäß § 296 Abs. 2 HGB auf die Einbeziehung in den Konzernabschluss verzichtet, da diese Tochterunternehmen von untergeordneter Bedeutung für die Darstellung der Vermögens-, Finanz- und Ertragslage des Konzerns sind.; 69, 89 ;2016/2017;GROB-WERKE GmbH & Co. KG;Konzernabschluss;PNHR
Bilanzsumme und Umsatzerlöse der Gesellschaften betragen zusammen lediglich ca. 3,2 Prozent der Bilanzsumme und 3,2 Prozent der Umsatzerlöse des Konzerns, wobei die Funktionen der Gesellschaften innerhalb des Konzerns ebenfalls von untergeordneter Bedeutung sind (Service- und Vertriebsunternehmen). Da ein maßgeblicher Einfluss auf die Geschäfts- und Finanzpolitik i. S. § 311 HGB ausgeübt wird, sind diese Unternehmen gemäß § 264a i. V. m. § 311 f. HGB „at equity“ zu bilanzieren. Auf Anpassungen an die konzerneinheitliche Bilanzierung und Bewertung gem. § 312 Abs. 5 Satz 1 HGB und DRS 8 wird verzichtet, da die Anpassungen geringfügig sind und deren Einfluss auf die Vermögens-, Finanz- und Ertragslage von untergeordneter Bedeutung ist.; 89, 98 ;2016/2017;GROB-WERKE GmbH & Co. KG;Konzernabschluss;PNHR
Für folgende Personenhandelsgesellschaft im Sinne des § 264a Abs. 1 HGB wird von der Befreiung zur Offenlegung eines Jahresabschlusses gemäß § 264b HGB nach den für Kapitalgesellschaften geltenden Vorschriften Gebrauch gemacht: GROB-WERKE GmbH & Co. KG.; 101 ;2016/2017;GROB-WERKE GmbH & Co. KG;Konzernabschluss;PNHR
2. Stichtag des Konzernabschlusses;;2016/2017;GROB-WERKE GmbH & Co. KG;Konzernabschluss;PNHR
Der Konzernabschluss wird auf den Bilanzstichtag des Mutterunternehmens der GROB-WERKE GmbH & Co. KG, den 28.02.2017, aufgestellt. Die Gewinn- und Verlustrechnung des Konzerns umfasst den Zeitraum des abweichenden Geschäftsjahres der GROB-WERKE GmbH & Co. KG vom 01.03.2016 bis 28.02.2017.;;2016/2017;GROB-WERKE GmbH & Co. KG;Konzernabschluss;PNHR
Der Bilanzstichtag der in den Konzernabschluss nach der Methode der Vollkonsolidierung einbezogenen Unternehmen ist der 28.02.2017. Für die GROB Machine Tools (Dalian) Co., Ltd., China, die B. GROB do Brasil S.A., Brasilien, die GROB Systems Inc., USA sowie die assoziierten Unternehmen GROB Mexico S.A., GROB Korea Co., Ltd., GROB Hungaria Kft. GROB Machine Tools (Beijing) Co., Ltd. und GROB Machine Tools U.K. Ltd. werden gemäß § 299 HGB jeweils zum 28.02.2017 Abschlüsse aufgestellt. Die GROB-RussMasch GmbH, GROB Italia S.r.l. und DMG meccanica werden mit dem Abschluss zum 31.12.2016 in den Konzernabschluss einbezogen. GROB Machine Tools India Pvt. Ltd. wird mit dem Abschluss zum 31.03.2017 berücksichtigt. GROB Polska Sp. z o.o. wird mit dem Abschluss zum 30.11.2016 einbezogen.; 90 ;2016/2017;GROB-WERKE GmbH & Co. KG;Konzernabschluss;PNHR
3. Konsolidierungsmethoden;;2016/2017;GROB-WERKE GmbH & Co. KG;Konzernabschluss;PNHR
a) Einheitliche Bilanzierung und Bewertung gemäß §§ 300 Abs. 2, 308 HGB;;2016/2017;GROB-WERKE GmbH & Co. KG;Konzernabschluss;PNHR
Die Jahresabschlüsse der ausländischen Konzerngesellschaften, die aufgrund des Weltabschlussprinzips einzubeziehen sind, weichen hinsichtlich Gliederung, Ansatz und Bewertung teilweise von den Grundsätzen der Muttergesellschaft ab.; 94 ;2016/2017;GROB-WERKE GmbH & Co. KG;Konzernabschluss;PNHR
"Zur Erstellung der Handelsbilanzen II (fortentwickelte nationale Handelsbilanzen mit konzerneinheitlicher Bilanzierung und Bewertung) werden bei Abweichungen von den deutschen Gliederungs- und Bewer- tungsvorschriften soweit wie möglich Umgliederungen und Neubewertungen in Anwendung der vorhandenen ""Richtlinie zur Bilanzierung im Konzern der GROB-WERKE GmbH & Co. KG"" vorgenommen."; 94 ;2016/2017;GROB-WERKE GmbH & Co. KG;Konzernabschluss;PNHR
Sofern keine Neubewertungen in den Handelsbilanzen II vorgenommen werden, werden die Vermögensgegenstände und Schulden mit den Werten übernommen, mit denen sie umgerechnet in EURO in den Jahresabschlüssen der Konzerngesellschaften angesetzt werden.; 94 ;2016/2017;GROB-WERKE GmbH & Co. KG;Konzernabschluss;PNHR
Mit Ausnahme der nachfolgend dargestellten Einschränkung ergibt sich eine einheitliche Bilanzierung nach § 300 Abs. 2 HGB und Bewertung nach § 308 HGB in den Handelsbilanzen II:; 94 ;2016/2017;GROB-WERKE GmbH & Co. KG;Konzernabschluss;PNHR
Die Ermittlung der Herstellungskosten der unfertigen Erzeugnisse erfolgte im Mutterunternehmen zum 28.02.2017 durch eine Kostenträgerrechnung im SAP-System. In die Herstellungskosten einbezogen wurden die Kostenblöcke Materialeinzel- und Materialgemeinkosten, Fertigungseinzel- und Fertigungsgemeinkosten, Sondereinzelkosten der Fertigung sowie notwendige Verwaltungsgemeinkosten des laufenden Geschäftsjahres. Die Materialeinzelkosten wurden den einzelnen Aufträgen/Projekten über Materialentnahmescheine, die Materialgemeinkosten über einen Materialgemeinkostenzuschlag und Fertigungseinzel- und Gemeinkosten über Fertigungsstundensätze zugerechnet. Anteilige allgemeine Verwaltungskosten sind in den einzelnen Gemeinkostenblöcken über Umlagen enthalten.; 94 ;2016/2017;GROB-WERKE GmbH & Co. KG;Konzernabschluss;PNHR
Die Ermittlung der Herstellungskosten der unfertigen Erzeugnisse auf Ebene der B. GROB do Brasil S.A., der GROB Systems Inc. und der GROB Machine Tools (Dalian) erfolgte in der Handelsbilanz II abweichend zum Mutterunternehmen: Ausgehend vom Verkaufspreis wurden die Herstellungskosten retrograd mit dem Fertigungsgrad unter genereller, zum Teil unternehmensindividueller Klassifizierung von Kostenblöcken als Nicht-Herstellungskosten errechnet. Dabei werden für die unfertigen Erzeugnisse folgende, der Kostenstruktur der jeweiligen Gesellschaft entsprechende Abschlagssätze berücksichtigt:; 94 ;2016/2017;GROB-WERKE GmbH & Co. KG;Konzernabschluss;PNHR
B. GROB do Brasil S.A.; 94 ;2016/2017;GROB-WERKE GmbH & Co. KG;Konzernabschluss;PNHR
GROB Systems Inc.; 94 ;2016/2017;GROB-WERKE GmbH & Co. KG;Konzernabschluss;PNHR
GROB Machine Tools (Dalian) Co., Ltd.; 94 ;2016/2017;GROB-WERKE GmbH & Co. KG;Konzernabschluss;PNHR
Weitere Korrekturen gem. § 308 Abs. 2 HGB werden nicht vorgenommen, weil ihre Auswirkungen für die Vermittlung eines den tatsächlichen Verhältnissen entsprechenden Bildes der Vermögens-, Finanz- und Ertragslage des Konzerns nur von untergeordneter Bedeutung sind.;;2016/2017;GROB-WERKE GmbH & Co. KG;Konzernabschluss;PNHR
Der Wertansatz der Rückstellungen erfolgt für die vollkonsolidierten Gesellschaften auf Grundlage jeweiliger nationaler Rechnungslegungsvorschriften. Sofern erkennbar, werden Anpassungen im Hinblick auf die Vollständigkeit vorgenommen.;;2016/2017;GROB-WERKE GmbH & Co. KG;Konzernabschluss;PNHR
b) Kapitalkonsolidierung gemäß § 301 HGB;;2016/2017;GROB-WERKE GmbH & Co. KG;Konzernabschluss;PNHR
Mit Erwerb sämtlicher Anteile an verbundenen Unternehmen im Rahmen des Erwerbs sämtlicher Vermögensgegenstände und Schulden des bisherigen Unternehmensbereichs Maschinenbau der GROB-Werke Burkhart Grob e. K. wurde zum 28.02.2006 erstmals ein Konzernabschluss auf Ebene der GROB-WERKE GmbH & Co. KG aufgestellt.;;2016/2017;GROB-WERKE GmbH & Co. KG;Konzernabschluss;PNHR
Stichtag der Erstkonsolidierung und damit Zeitpunkt der erstmaligen Einbeziehung der Konzerngesellschaften i. S. von § 301 Abs. 2 HGB ist der Erwerbszeitpunkt 28.02.2006.;;2016/2017;GROB-WERKE GmbH & Co. KG;Konzernabschluss;PNHR
Die Kapitalkonsolidierung der einbezogenen Unternehmen erfolgte nach der Neubewertungsmethode gemäß § 301 Abs. 1 Satz 2 HGB zum Zeitpunkt des Erwerbs (Erstkonsolidierung). Durch Vergleich des neubewerteten Eigenkapitals der Tochterunternehmen zum Erwerbszeitpunkt 28.02.2006 mit dem Beteiligungsbuchwert in der Handelsbilanz II des Mutterunternehmens ist ein technisch bedingter passivischer Unterschiedsbetrag entstanden. Dieser Unterschiedsbetrag hatte Eigenkapitalcharakter und wurde bisher als Rücklage aus der Kapitalkonsolidierung im Eigenkapital gezeigt. Gemäß § 309 Abs. 2 HGB (neu durch BilRUG) erfolgte im Berichtsjahr eine erfolgsneutrale Umgliederung des Postens in die sonstigen Rücklagen, da seit Erwerbszeitpunkt dieser Unterschiedsbetrag bereits vollständig realisiert ist.; 2, 92 ;2016/2017;GROB-WERKE GmbH & Co. KG;Konzernabschluss;PNHR
c) Währungsumrechnung gem. § 308a HGB;;2016/2017;GROB-WERKE GmbH & Co. KG;Konzernabschluss;PNHR
Die Umrechnung der Jahresabschlüsse der konsolidierungspflichtigen Tochtergesellschaften erfolgt nach der modifizierten Stichtagsmethode gemäß § 308a HGB. Nach dem Gesamtbild der wirtschaftlichen Verhältnisse ist die funktionale Währung der Konzerngesellschaften stets die Währung am Sitz der Konzerngesellschaft. Die Bilanzposten - mit Ausnahme des Eigenkapitals, das in die Kapitalkonsolidierung einbezogen wird – werden entsprechend § 308a HGB mit dem Devisenkassamittelkurs, die Posten der Gewinn- und Verlustrechnung mit Ausnahme der Zwischensumme und des Jahresergebnisses mit dem durchschnittlichen Jahreskurs umgerechnet. Das Eigenkapital wird mit historischen Kursen umgerechnet.;;2016/2017;GROB-WERKE GmbH & Co. KG;Konzernabschluss;PNHR
Aus der Währungsumrechnung haben sich Differenzen aus der Veränderung der Währungskurse zum 28.02.2017 im Vergleich zum Zeitpunkt der Erstkonsolidierung 28.02.2006 in Höhe von +3,3 Mio. EUR ergeben, die in die Position „Eigenkapitaldifferenz aus Währungsumrechnung“ im Eigenkapital eingestellt wurden.;;2016/2017;GROB-WERKE GmbH & Co. KG;Konzernabschluss;PNHR
Die Jahresabschlüsse der Tochtergesellschaften werden nicht um Inflationseffekte bereinigt.;;2016/2017;GROB-WERKE GmbH & Co. KG;Konzernabschluss;PNHR
Im Anlagevermögen ergeben sich bei den Anschaffungs- und Herstellungskosten währungsbedingte Abweichungen durch die Umrechnung des Endbestands zum 29.02.2016 mit Stichtagskurs zum 29.02.2016 im Vergleich zum entsprechenden Anfangsbestand zum 01.03.2016, umgerechnet mit Devisenkassamittelkurs zum 28.02.2017. Diese Differenz wird in einer zusätzlichen Spalte „Währungsumrechnungsdifferenz“ gezeigt.;;2016/2017;GROB-WERKE GmbH & Co. KG;Konzernabschluss;PNHR
Für die Umrechnung der Jahresabschlüsse der einbezogenen Tochtergesellschaften werden folgende Kurse verwendet:;;2016/2017;GROB-WERKE GmbH & Co. KG;Konzernabschluss;PNHR
"Devisenkassamittelkurs
zum 28.02.2017 in Landeswährung
Jahresmittelkurs
01.03.2016 - 28.02.2017 in
Landeswährung
1 EUR = US-Dollar (USD) 1,05970 1,10115
1 EUR = Brasilianischer Real (BRL) 3,28100 3,68751
1 EUR = Britisches Pfund (GBP) 0,85305 0,83420
1 EUR = Mexikanischer Peso (MXN) 21,08000 21,00699
1 EUR = Chinesischer Yuan (CNY) 7,27800 7,36998
1 EUR = Südkoreanischer Won (KRW) 1.194,24000 1.269,20016
1 EUR = Indische Rupie (INR) 70,62900 73,93573
1 EUR = Russischer Rubel (RUB) 61,75500 70,61991
1 EUR = Ungarischer Forint (HUF) 308,25000 310,83736
1 EUR = Polnischer Zloty (PLN) 4,31480 4,35309";;2016/2017;GROB-WERKE GmbH & Co. KG;Konzernabschluss;PNHR
d) Schuldenkonsolidierung gemäß § 303 HGB;;2016/2017;GROB-WERKE GmbH & Co. KG;Konzernabschluss;PNHR
Die in den Einzelbilanzen ausgewiesenen Konzernforderungen und -verbindlichkeiten werden gemäß § 303 Abs. 1 HGB mit den jeweiligen Gegenpositionen verrechnet. Echte Aufrechnungsdifferenzen, insbesondere Unterschiede aus Währungsumrechnungen, werden erfolgswirksam beim Mutterunternehmen ausgewiesen.;;2016/2017;GROB-WERKE GmbH & Co. KG;Konzernabschluss;PNHR
e) Zwischenergebniseliminierung gemäß § 304 HGB;;2016/2017;GROB-WERKE GmbH & Co. KG;Konzernabschluss;PNHR
Eine Zwischenergebniseliminierung wird für Lieferungen, die zu Bestandsbildungen in den unfertigen Erzeugnissen eines einbezogenen Unternehmens geführt haben, vorgenommen.;;2016/2017;GROB-WERKE GmbH & Co. KG;Konzernabschluss;PNHR
f) Aufwands- und Ertragskonsolidierung gemäß § 305 HGB;;2016/2017;GROB-WERKE GmbH & Co. KG;Konzernabschluss;PNHR
In der Konzern-Gewinn- und Verlustrechnung werden in den Positionen Umsatzerlöse und sonstige betriebliche Erträge die Erlöse aus Lieferungen und Leistungen zwischen den in den Konzernabschluss einbezogenen Unternehmen mit den auf sie entfallenden Aufwendungen verrechnet. Ebenso werden Zinsaufwendungen und Zinserträge verrechnet.;;2016/2017;GROB-WERKE GmbH & Co. KG;Konzernabschluss;PNHR
g) Assoziierte Unternehmen;;2016/2017;GROB-WERKE GmbH & Co. KG;Konzernabschluss;PNHR
Die Bilanzierung der assoziierten Unternehmen erfolgt nach der Buchwertmethode gemäß § 312 HGB. Der Unterschiedsbetrag zwischen den Anschaffungskosten zum Zeitpunkt des Erwerbs und dem anteiligen Eigenkapital wird im Zeitpunkt der erstmaligen Anwendung der Equity-Bewertung erfolgsneutral und die Folgebewertung erfolgswirksam erfasst. Das Niederstwertprinzip wurde beachtet.;;2016/2017;GROB-WERKE GmbH & Co. KG;Konzernabschluss;PNHR
Die Bilanzierung und Bewertung der Vermögensgegenstände und Schulden bei den assoziierten Unternehmen erfolgt nach den jeweiligen nationalen Landesvorschriften. Eine einheitliche Bilanzierung und Bewertung der Vermögensgegenstände und Schulden entsprechend den Vorschriften des Mutterunternehmens erfolgt nicht (DRS 8). Auf eine Anpassung der nationalen Jahresabschlüsse an die handelsrechtlichen Grundsätze beim Mutterunternehmen wird verzichtet, da diese im Konzern von untergeordneter Bedeutung sind.;;2016/2017;GROB-WERKE GmbH & Co. KG;Konzernabschluss;PNHR
Bilanzierungs- und Bewertungsmethoden der assoziierten Unternehmen;;2016/2017;GROB-WERKE GmbH & Co. KG;Konzernabschluss;PNHR
Nachfolgend werden die wesentlichen Bilanzierungs- und Bewertungsmethoden der assoziierten Unternehmen GROB Machine Tools (Beijing) Co., Ltd., GROB Mexico S.A. de C.V., GROB Machine Tools U.K. Ltd., GROB Korea Co., Ltd., GROB Machine Tools (India) Private Ltd., GROB Hungaria Kft., GROB-RussMasch GmbH, GROB Italia S.r.l., DMG meccanica S.r.l. und GROB Polska Sp. z o.o. zusammengefasst:;;2016/2017;GROB-WERKE GmbH & Co. KG;Konzernabschluss;PNHR
Die Bilanzierung und Bewertung der nationalen Abschlüsse richtet sich jeweils nach den nationalen Vorschriften, die für die Rechnungslegung gelten (nationale Rechnungslegungsstandards). Anlagevermögen und Abschreibungsmethoden;;2016/2017;GROB-WERKE GmbH & Co. KG;Konzernabschluss;PNHR
Das Sachanlagevermögen wird mit den Anschaffungs- bzw. Herstellungskosten angesetzt und linear über die voraussichtliche Nutzungsdauer abgeschrieben. Dabei gelten die nachfolgenden Abschreibungssätze:;;2016/2017;GROB-WERKE GmbH & Co. KG;Konzernabschluss;PNHR
"GROB Machine Tools (Beijing) Co. Ltd. linear 5 Jahre 18%
GROB Mexiko S.A. de C.V. planmäßig geschätzte tatsächliche Nutzungsdauer
GROB Machine Tools UK Ltd. linear 5 Jahre 20%
GROB Korea Co. Ltd. linear oder dregessiv 3 - 5 Jahre 20% bis 33,33%
GROB Machine Tools India Pvt. Ltd. linear Schedule II of Companies Act. 2013
GROB Hungaria Kft. linear Abschreibungssätze entsprechend ung. KStG
OOO GROB-RussMasch linear geschätze tatsächliche Nutzungsdauer
GROB Polska Sp. z o.o. linear voraussichtliche wirtschaftlich Nutzungsdauer
DMG meccanica S.r.l. linear voraussichtliche wirtschaftlich Nutzungsdauer
Ansatz (Wertobergrenze) Niederstwertbewertung Inventur
GROB Machine Tools (Beijing) Co. Ltd. historische Anschaffungskosten niedrigerer beizulegender Wert permanente
GROB Mexiko S.A. de C.V. historische Anschaffungskosten Marktwert FIFO
GROB Korea Co. Ltd. Anschaffungs- oder Herstellungskosten niedrigerer Marktwert
OOO GROB-RussMasch Anschaffungs- und Anschaffungsnebenkosten Wiederverkaufspreis Stichtags-Inventur
GROB Machine Tools India Pvt. Ltd. Anschaffungs- und Anschaffungsnebenkosten
GROB Italia S.r.l. Anschaffungs- und Anschaffungsnebenkosten
DMG meccanica S.r.l. Anschaffungs- oder Herstellungskosten";;2016/2017;GROB-WERKE GmbH & Co. KG;Konzernabschluss;PNHR
Fremdwährungen;;2016/2017;GROB-WERKE GmbH & Co. KG;Konzernabschluss;PNHR
Transaktionen in fremder Währung als der jeweiligen Landeswährung werden mit dem Wechselkurs am Tag der Transaktion umgerechnet. Vermögensgegenstände und Verbindlichkeiten in Fremdwährung werden zu am Bilanzstichtag geltenden Wechselkursen umgerechnet. Differenzen aus der Währungsumrechnung werden erfolgswirksam erfasst.;;2016/2017;GROB-WERKE GmbH & Co. KG;Konzernabschluss;PNHR
Forderungen;;2016/2017;GROB-WERKE GmbH & Co. KG;Konzernabschluss;PNHR
Forderungen, die nicht mehr werthaltig sind, werden einzelwertberichtigt und Forderungen, die uneinbringlich sind, werden abgeschrieben. Die Bilanzierungs- und Bewertungsmethoden blieben in den einzelnen Gesellschaften gegenüber dem Vorjahr im Wesentlichen unverändert.;;2016/2017;GROB-WERKE GmbH & Co. KG;Konzernabschluss;PNHR
4. Bilanzierungs- und Bewertungsmethoden des Konzerns;;2016/2017;GROB-WERKE GmbH & Co. KG;Konzernabschluss;PNHR
Die Bilanzierung und Bewertung der konsolidierten Unternehmen erfolgt entsprechend §§ 242 ff. und §§ 264 ff. HGB nach den geltenden Vorschriften des Handelsgesetzbuches (HGB) und des Gesellschafts- vertrages.; 9.0 ;2016/2017;GROB-WERKE GmbH & Co. KG;Konzernabschluss;PNHR
Die Bilanzierung und Bewertung der Vermögensgegenstände und Schulden zum 28.02.2017 im Konzernabschluss erfolgt gemäß den nachfolgend dargestellten Grundsätzen:; 9.0 ;2016/2017;GROB-WERKE GmbH & Co. KG;Konzernabschluss;PNHR
Die selbst geschaffenen immateriellen Vermögensgegenstände des Anlagevermögens betreffen Entwicklungsleistungen und werden gemäß § 255 Abs. 2a HGB aktiviert und planmäßig über die geschätzte Nutzungsdauer von 3 – 5 Jahre abgeschrieben.; 9.3 ;2016/2017;GROB-WERKE GmbH & Co. KG;Konzernabschluss;PNHR
Die entgeltlich erworbenen immateriellen Vermögensgegenstände werden mit den Anschaffungskosten aktiviert und planmäßig linear auf die voraussichtliche Nutzungsdauer von drei bis fünf Jahren abge- schrieben. Die Abschreibung von erworbenen Patenten erfolgt entsprechend des gewerblichen Rechtsschutzes.; 9.4 ;2016/2017;GROB-WERKE GmbH & Co. KG;Konzernabschluss;PNHR
Der angesetzte Geschäfts- und Firmenwert wird planmäßig über eine Nutzungsdauer von 15 Jahren, welche die langfristig angelegte technologische Entwicklung des Unternehmens und seiner Produkte sowie Know-how widerspiegelt, abgeschrieben.; 9.5, 14 ;2016/2017;GROB-WERKE GmbH & Co. KG;Konzernabschluss;PNHR
Die Bewertung des Sachanlagevermögens erfolgt zu Anschaffungs- bzw. Herstellungskosten abzüglich planmäßiger Abschreibungen.; 9.7 ;2016/2017;GROB-WERKE GmbH & Co. KG;Konzernabschluss;PNHR
Gebäude werden linear mit Sätzen zwischen 3 und 5 Prozent abgeschrieben. Die beweglichen Gegenstände des Anlagevermögens werden linear über die betriebliche Nutzungsdauer abgeschrieben. Soweit am Bilanzstichtag eine voraussichtlich dauernde Wertminderung vorliegt, werden außerplanmäßige Abschreibungen vorgenommen. Geringwertige Wirtschaftsgüter werden in einem Sammelposten erfasst und mit einer betrieblichen Nutzungsdauer von fünf Jahren linear abgeschrieben. Dies entspricht der betriebsgewöhnlichen Nutzungsdauer. Vermögensgegenstände, deren Anschaffungskosten unter 150 EUR betragen, haben gewöhnlich eine betriebliche Nutzungsdauer von bis zu einem Jahr. Sie werden daher sofort als Aufwand erfasst.; 9.7 ;2016/2017;GROB-WERKE GmbH & Co. KG;Konzernabschluss;PNHR
Die Beteiligungen an assoziierten Unternehmen werden entsprechend der Equity-Methode gemäß §§ 312 Abs. 1, 4 HGB und DRS 8 mit dem fortgeschriebenen anteiligen Eigenkapital erfasst bzw. mit dem niedrigerem Teilwert bilanziert.; 9.15 ;2016/2017;GROB-WERKE GmbH & Co. KG;Konzernabschluss;PNHR
Wertpapiere des Anlagevermögens werden mit den Anschaffungskosten angesetzt.; 9.17 ;2016/2017;GROB-WERKE GmbH & Co. KG;Konzernabschluss;PNHR
Roh-, Hilfs- und Betriebsstoffe werden mit den Anschaffungskosten nach dem gleitenden Durchschnittspreisverfahren angesetzt und ggf. auf den niedrigeren beizulegenden Wert abgeschrieben. Der am Bilanz- stichtag niedrigere beizulegende Wert ermittelt sich nach den Verhältnissen am Beschaffungsmarkt unter Berücksichtigung der Einsatzmöglichkeiten der Bestände. Zur Bewertung der Roh-, Hilfs- und Betriebs- stoffe wird im Bereich des Mutterunternehmens und bei den ausländischen Produktionsgesellschaften ein differenzierter Wertabschlag auf die Anschaffungskosten der Bestände entsprechend der Einschätzung von Werthaltigkeit und Gängigkeit vorgenommen. Für bestimmte Kleinteile und Lagerteile ist gemäß § 240 Abs. 3 HGB ein Festwert beim Mutterunternehmen angesetzt worden.; 9.21 ;2016/2017;GROB-WERKE GmbH & Co. KG;Konzernabschluss;PNHR
Die fertigen und unfertigen Erzeugnisse werden mit Herstellungskosten (§ 255 Abs. 2 HGB) bewertet. Die Ermittlung der Herstellungskosten erfolgt beim Mutterunternehmen pro Auftrag/Projekt durch eine Kostenträgerrechnung. Die unfertigen Erzeugnisse bei den Tochterunternehmen werden zu retrograd ermittelten Herstellungskosten angesetzt (wir verweisen auf die Ausführungen zur konzerneinheitlichen Bilanzierung und Bewertung).; 9.22, 9.23 ;2016/2017;GROB-WERKE GmbH & Co. KG;Konzernabschluss;PNHR
Erhaltene Anzahlungen auf Bestellungen werden aktivisch bei den Vorräten bis zur Höhe des ausgewiesenen Vorratsbestandes abgesetzt.; 9.20 ;2016/2017;GROB-WERKE GmbH & Co. KG;Konzernabschluss;PNHR
Die Forderungen und sonstigen Vermögensgegenstände werden grundsätzlich mit dem Nennbetrag angesetzt. Langfristig bestehende unverzinsliche Forderungen wurden abgezinst und mit dem Barwert angesetzt. Auf Forderungen aus Lieferungen und Leistungen werden in Einzelfällen erforderliche Einzelwertberichtigungen sowie wegen des allgemeinen Zins- und Kreditrisikos Pauschalwertberichtigungen in Höhe von 0,5 Prozent, wie im Vorjahr, vorgenommen.; 9.25 ;2016/2017;GROB-WERKE GmbH & Co. KG;Konzernabschluss;PNHR
Liquide Mittel werden mit dem Nennbetrag angesetzt.; 9.33 ;2016/2017;GROB-WERKE GmbH & Co. KG;Konzernabschluss;PNHR
Die aktiven Rechnungsabgrenzungsposten betreffen Ausgaben vor dem Abschlussstichtag, die Aufwand für eine bestimmte Zeit nach diesem Tage darstellen. Die Auflösung der Posten erfolgt linear entsprechend dem Zeitablauf bzw. der wirtschaftlichen Zuordnung.; 9.34 ;2016/2017;GROB-WERKE GmbH & Co. KG;Konzernabschluss;PNHR
Aktive und passive latente Steuern werden auf Differenzen zwischen den handelsrechtlichen und steuerrechtlichen Wertansätzen von Vermögensgegenständen, Schulden und Rechnungsabgrenzungsposten sowie unter Einbeziehung von berücksichtigungsfähigen Verlustvorträgen gebildet. Durch Saldierung der aktiven und passiven latenten Steuern wird insgesamt ein Überhang an aktiven latenten Steuern ausgewiesen. Aktive latente Steuern bestehen für unterschiedliche Wertansätze bei den sonstigen Rückstellungen. Passiv latente Steuern bestehen für unterschiedliche steuerliche Wertansätze im Anlagevermögen gemäß § 24 UmwStG sowie handelsrechtlich aktivierte Entwicklungskosten. Außerdem wurden für unterschiedliche Wertansätze im Umlaufvermögen passiv latente Steuern gebildet.; 9.35, 9.64, 25 ;2016/2017;GROB-WERKE GmbH & Co. KG;Konzernabschluss;PNHR
Entsprechend § 274 Abs. 2 i.V.m. § 306 HGB werden individuelle Steuersätze für die Berechnung der latenten Steuern angesetzt. Die individuellen Steuersätze berücksichtigen die unterschiedlichen Ertragsbe- steuerungen der einzelnen Konzerngesellschaften auf nationaler Ebene wie folgt:; 9.35, 9.64, 25 ;2016/2017;GROB-WERKE GmbH & Co. KG;Konzernabschluss;PNHR
"GROB-WERKE GmbH & Co. KG: 11,03%
GROB Systems Inc.: 34,00%
B. GROB do Brasil S.A.: 24,50%
GROB Machine Tools (Dalian) Co., Ltd.: 25,00%"; 9.35, 9.64, 25 ;2016/2017;GROB-WERKE GmbH & Co. KG;Konzernabschluss;PNHR
Die latenten Steuern des Geschäftsjahres beruhen sowohl auf übernommenen Abweichungen von Steuer- und Handelsbilanz der einbezogenen Tochtergesellschaften als auch auf Maßnahmen im Rahmen der Konsolidierung. Die Entwicklung der Steuersalden stellt sich wie folgt dar:; 9.35, 9.64, 25 ;2016/2017;GROB-WERKE GmbH & Co. KG;Konzernabschluss;PNHR
"in T€ 01.03.2016 Veränderung 28.02.2017
Aktive latente Steuern 11.027 167 11.194
Passive latente Steuern -7.899 605 -7.294"; 9.35, 9.64, 25 ;2016/2017;GROB-WERKE GmbH & Co. KG;Konzernabschluss;PNHR
Der Ausweis des Eigenkapitals erfolgt unter Beachtung der Vorschriften des § 264c Abs. 2 HGB. Aus der Kapitalkonsolidierung resultiert ein technisch bedingter passivischer Unterschiedsbetrag, der Eigenka- pitalcharakter besitzt. Er wird abweichend von § 301 Abs. 3 HGB i. d. F. des BilMoG als Rücklage aus der Kapitalkonsolidierung weiterhin im Eigenkapital zur Kennzeichnung seiner Herkunft ausgewiesen (gem. § 301 Abs. 3 Satz 1 HGB a.F.).; 9.37, 92 ;2016/2017;GROB-WERKE GmbH & Co. KG;Konzernabschluss;PNHR
"Die Bewertung von Pensionsverpflichtungen erfolgt nach den Grundsätzen der Vorschriften des BilMoG. Die Bewertung der Versorgungsverpflichtungen erfolgt nach der “projected unit credit method“, dem nach internationaler Rechnungslegung angewandten Anwartschaftsbarwertverfahren. Der unter Berücksichtigung der Bewertungsparameter ermittelte Barwert des gemäß Versorgungszusage zum jeweiligen Stichtag erdienten Anspruchs auf zukünftige Versorgungsleistungen ergibt dann den ""present value of the defined benefit obligation"" (DBO) bzw. im Sinne des BilMoG den nach vernünftiger kaufmännischer Beurteilung notwendigen Erfüllungsbetrag zum Bilanzstichtag. Bei Ausgeschiedenen (Aufrechterhalter oder Rentenbezieher) entspricht dies der bereits bisher angewandten Berechnungsmethode mit dem Bar- wert der zukünftigen Versorgungsleistungen bei zusätzlichem Ansatz eines Rententrends. Bei den Berechnungen wurde entsprechend § 253 Abs. 2 S. 2 und 3 HGB eine Restlaufzeit von 15 Jahren mit einem Rechnungszinssatz von 3,96 Prozent p.a. (Vj. 4,27 Prozent p.a.) unterstellt und ein Rententrend von 1,30 Prozent p.a. (Vj. 1,30 Prozent p.a.) zugrunde gelegt. Es wurden die öffentlich zugänglichen Sterbetafeln 2005 G Heubeck verwendet. Bei der Bemessung des Rechnungszinssatzes kam die Änderung handelsrechtlicher Vorschriften bezüglich der Bewertung von Rückstellungen für Altersversorgungsverpflichtungen zur Anwendung. Demgemäß wurde der Diskontierungszinssatz gemäß § 253 Abs.2 S.4 HGB auf der Basis des zehnjährigen Durchschnittsmarktzinssatzes ermittelt. Bei unveränderter Anwendung des früheren Durchschnittszinssatzes auf 7-Jahresbasis (3,16%) hätte sich ein um rd. 1,8 Mio. EUR höherer Rückstellungsbetrag ergeben."; 9.48, 35, 36 ;2016/2017;GROB-WERKE GmbH & Co. KG;Konzernabschluss;PNHR
Die Steuerrückstellungen und die sonstigen Rückstellungen berücksichtigen alle erkennbaren Risiken und ungewissen Verbindlichkeiten auf der Grundlage einer vorsichtigen kaufmännischen Beurteilung mit dem notwendigen Erfüllungsbetrag. Zukünftige Preis- und Kostensteigerungen werden soweit erforderlich bei der Ermittlung des Erfüllungsbetrags (in Höhe der allgemeinen Inflationsrate) berücksichtigt. Die Steuerrückstellungen bestehen für erwartete Ertragsteuern und ausländische Lohnsteuern.; 9.49, 9.50 ;2016/2017;GROB-WERKE GmbH & Co. KG;Konzernabschluss;PNHR
"Die Bewertung der Altersteilzeitverpflichtungen (11,2 Mio. EUR) erfolgt gemäß der IDW-Stellungnahme zur Rechnungslegung IDW RS HFA 3 (""Handelsrechtliche Bilanzierung von Verpflichtungen aus Al- tersteilzeitregelungen“) unter Berücksichtigung der Vorschriften des Bilanzrechtsmodernisierungsgesetzes (BilMoG). Die treuhänderisch gebundenen Wertpapiere und Bankguthaben aus Altersteilzeitverpflich-"; 9.50 ;2016/2017;GROB-WERKE GmbH & Co. KG;Konzernabschluss;PNHR
tungen, werden mit den zugehörigen Rückstellungen aus Altersteilzeitverpflichtungen in Höhe ihres beizulegenden Zeitwertes (6,5 Mio. EUR Börsenkurs) verrechnet. Die Anschaffungskosten betrugen 6,8 Mio. EUR.; 9.50 ;2016/2017;GROB-WERKE GmbH & Co. KG;Konzernabschluss;PNHR
Provisionsrückstellungen werden vertragsgemäß mit dem Erfüllungsbetrag entsprechend den Projektzahlungsströmen bzw. dem Projektfortschritt bewertet.; 9.50 ;2016/2017;GROB-WERKE GmbH & Co. KG;Konzernabschluss;PNHR
Rückstellungen mit einer Restlaufzeit von mehr als einem Jahr, die nicht verzinslich sind, werden mit dem ihrer Restlaufzeit entsprechenden durchschnittlichen Marktzinssatz der vergangenen sieben Ge- schäftsjahre abgezinst (§ 253 II 4 HGB). Der Abzinsungssatz liegt zwischen 1,5 und 3 Prozent.; 9.47 ;2016/2017;GROB-WERKE GmbH & Co. KG;Konzernabschluss;PNHR
Die Verbindlichkeiten werden mit ihrem Erfüllungsbetrag angesetzt.; 9.51 ;2016/2017;GROB-WERKE GmbH & Co. KG;Konzernabschluss;PNHR
Die passiven Rechnungsabgrenzungsposten beinhalten Einnahmen vor dem Abschlussstichtag, deren wirtschaftliche Verursachung als Erträge zeitlich erst nach dem Abschlussstichtag entstehen.; 9.63 ;2016/2017;GROB-WERKE GmbH & Co. KG;Konzernabschluss;PNHR
Die Gliederung und Bezeichnung der Posten von Bilanz und GuV entspricht den gesetzlichen Vorgaben des Bilanzrichtlinie-Umsetzungsgesetzes (BilRUG) und wurden im Vergleich zum Vorjahr angepasst. Die Bilanzierungs- und Bewertungsgrundsätze haben sich im GJ 2016/17 mit Ausnahme der nachfolgenden Anpassungen nicht geändert:; 2 ;2016/2017;GROB-WERKE GmbH & Co. KG;Konzernabschluss;PNHR
- Ausweisänderungen GuV aufgrund von BilRUG (ohne Anpassung der Vorjahreswerte):; 2 ;2016/2017;GROB-WERKE GmbH & Co. KG;Konzernabschluss;PNHR
Es wurden T€ 3.506 von den sonstigen betrieblichen Erträgen in die Umsatzerlöse und T€ 926 von den sonstigen betrieblichen Aufwendungen in den Aufwand für Roh-, Hilfs- und Betriebsstoffe umgegliedert.; 2 ;2016/2017;GROB-WERKE GmbH & Co. KG;Konzernabschluss;PNHR
- Sonstige Ausweisänderung im GJ 2016/17 (mit Anpassung der Vorjahreswerte):; 2 ;2016/2017;GROB-WERKE GmbH & Co. KG;Konzernabschluss;PNHR
Aus dem Personalaufwand wurden T€ 16.691 (Vj. T€ 15.620) in die sonstigen betrieblichen Aufwendungen umgegliedert. Dies betrifft Reisekosten der Monteure inkl. Verpflegungspauschalen. Aus der Position Abschreibungen auf Finanzanlagen und Wertpapiere des Umlaufvermögens wurden i. H. v T€ 21 (Vj. T€ 49) in die sonstigen betrieblichen Aufwendungen umgegliedert.; 2 ;2016/2017;GROB-WERKE GmbH & Co. KG;Konzernabschluss;PNHR
- Im Zusammenhang mit der vollständigen Ergebnisverwendung des Geschäftsjahres 2016/17 wurde abweichend vom Vorjahresausweis der Einstellungsbetrag in die Rücklage vor Verrechnung mit Entnahmen des Gesellschafters ausgewiesen. Der Vorjahreswert wurde entsprechend angepasst.; 2, 4 ;2016/2017;GROB-WERKE GmbH & Co. KG;Konzernabschluss;PNHR
B. Angaben und Erläuterungen zur Konzernbilanz;;2016/2017;GROB-WERKE GmbH & Co. KG;Konzernabschluss;PNHR
1. Anlagevermögen; 5.1 ;2016/2017;GROB-WERKE GmbH & Co. KG;Konzernabschluss;PNHR
Die Abschreibung des Geschäfts- oder Firmenwertes, der zum 28.02.2006 durch die Einbringung aller Vermögensgegenstände und Schulden der GROB-Werke Burkhart Grob e.K., Unternehmensbereich Ma- schinenbau, gegen Gewährung von Gesellschaftsrechten an der aufnehmenden Gesellschaft GROB-WERKE GmbH & Co. KG entstanden ist, erfolgt über eine betriebliche Nutzungsdauer von 15 Jahren. Diese Nutzungsdauer liegt in der langfristig angelegten technologischen Entwicklung des Unternehmens und seiner Produkte sowie dem daraus resultierenden Know-how begründet.; 5.5, 14 ;2016/2017;GROB-WERKE GmbH & Co. KG;Konzernabschluss;PNHR
Der Ansatz des Anlagevermögens der Konzernunternehmen erfolgte zum 28.02.2006 mit den Verkehrswerten lt. Verkehrswertgutachten, Unternehmensbewertung nach IDW S 1 und Einbringungsvertrag. Die Entwicklung der einzelnen Posten des Anlagevermögens im Geschäftsjahr 2016/2017 ist aus dem im Anhang beigefügten Anlagenspiegel ersichtlich.; 51 ;2016/2017;GROB-WERKE GmbH & Co. KG;Konzernabschluss;PNHR
Im Gesamtkonzern sind Forschungs- und Entwicklungskosten i. H. v. 27,1 Mio. EUR angefallen.; 5.1 ;2016/2017;GROB-WERKE GmbH & Co. KG;Konzernabschluss;PNHR
Im Mutterunternehmen wurden im Berichtsjahr weitere 3,6 Mio. EUR Entwicklungskosten als selbst geschaffene immaterielle Vermögensgegenstände im Anlagevermögen in Höhe der angefallenen Aufwendungen aktiviert.; 5.3 ;2016/2017;GROB-WERKE GmbH & Co. KG;Konzernabschluss;PNHR
Entwicklung des Konzernanlagevermögens der GROB-WERKE GmbH & Co. KG vom 01.03.2016 - 28.02.2017; 15 ;2016/2017;GROB-WERKE GmbH & Co. KG;Konzernabschluss;PNHR
"Anschaffungs-/Herstellungskosten
Stand 01.03.2016.
T€
Zugang.
T€
Abgang.
T€
Umbuchungen.
T€
Währungs-.
umrechnungs-.
differenzen.
T€
Stand 28.02.2017.
T€
I. Immaterielle Vermögensgegenstände
1. Selbst geschaffene gewerbliche
Schutzrechte
und ähnliche Rechte und
Werte
17.777 3.630 0 0 0 21.407
2. Entgeltlich erworbene
Konzessionen, gewerbliche
Schutzrechte
und ähnliche Rechte und
Werte sowie Lizenzen
an solchen Rechten und
Werten
20.981 1.509 0 145 498 23.133
3. Geschäfts- oder Firmenwert
55.545 0 0 0 0 55.545
Summe Immaterielle
Vermögensgegenstände
94.303 5.139 0 145 498 100.085
II. Sachanlagen
1. Grundstücke, grundstücksgleiche
Rechte und
Bauten einschließlich
der Bauten auf fremden
Grundstücken
234.932 21.145 0 31.107 4.605 291.789
2. Technische Anlagen
und Maschinen
154.884 12.090 507 5.734 4.733 176.934
3. Andere Anlagen, Betriebs-
und Geschäftsausstattung
57.037 10.199 573 93 1.635 68.391
4. Geleistete Anzahlungen
und Anlagen im Bau
35.035 30.538 0 -37.079 2.212 30.706"; 15 ;2016/2017;GROB-WERKE GmbH & Co. KG;Konzernabschluss;PNHR
"Anschaffungs-/Herstellungskosten
Stand 01.03.2016.
T€
Zugang.
T€
Abgang.
T€
Umbuchungen.
T€
Währungs-.
umrechnungs-.
differenzen.
T€
Stand 28.02.2017.
T€
Summe Sachanlagen 481.888 73.972 1.080 -145 13.186 567.821
III. Finanzanlagen
1. Beteiligungen an assoziierten
Unternehmen
6.672 11.000 0 0 0 17.672
2. Wertpapiere des Anlagevermögens
2 0 0 0 0 2
Summe Finanzanlagen 6.674 11.000 0 0 0 17.674
Summe Anlagevermögen 582.865 90.111 1.080 0 13.684 685.580"; 15 ;2016/2017;GROB-WERKE GmbH & Co. KG;Konzernabschluss;PNHR
"Kumulierte Abschreibung
Stand 01.03.2016.
T€
Zugang.
T€
Abgang.
T€
Zuschreibung.
T€
Umbuchungen.
T€
Währungs-.
umrechnungs-.
differenzen.
T€
Stand 28.02.2017.
T€
I. Immaterielle Vermögensgegenstände
1. Selbst geschaffene
gewerbliche Schutzrechte
und ähnliche
Rechte und Werte
6.956 4.338 0 0 0 0 11.294
2. Entgeltlich erworbene
Konzessionen,
gewerbliche Schutzrechte
und ähnliche
Rechte und Werte sowie
Lizenzen an solchen
Rechten und
Werten
15.705 2.468 0 0 0 440 18.613
3. Geschäfts- oder Firmenwert
37.030 3.703 0 0 0 0 40.733"; 15, 16 ;2016/2017;GROB-WERKE GmbH & Co. KG;Konzernabschluss;PNHR
"Kumulierte Abschreibung
Stand 01.03.2016.
T€
Zugang.
T€
Abgang.
T€
Zuschreibung.
T€
Umbuchungen.
T€
Währungs-.
umrechnungs-.
differenzen.
T€
Stand 28.02.2017.
T€
Summe Immaterielle
Vermögensgegenstände
59.691 10.509 0 0 0 440 70.640
II. Sachanlagen
1. Grundstücke,
grundstücksgleiche
Rechte und Bauten
einschließlich der
Bauten auf fremden
Grundstücken
33.575 7.792 0 0 0 1.435 42.802
2. Technische Anlagen
und Maschinen
49.908 12.169 171 0 0 2.344 64.250
3. Andere Anlagen,
Betriebs- und Geschäftsausstattung
34.832 7.674 547 0 0 1.136 43.095
4. Geleistete Anzahlungen
und Anlagen
im Bau
0 0 0 0 0 0 0
Summe Sachanlagen 118.315 27.635 718 0 0 4.914 150.147
III. Finanzanlagen
1. Beteiligungen an
assoziierten Unternehmen
-3.424 554 0 -2.533 0 0 -5.403
2. Wertpapiere des
Anlagevermögens
0 0 0 0 0 0 0
Summe Finanzanlagen
-3.424 554 0 -2.533 0 0 -5.403
Summe Anlagevermögen
174.582 38.698 718 -2.533 0 5.354 215.383"; 15, 16 ;2016/2017;GROB-WERKE GmbH & Co. KG;Konzernabschluss;PNHR
"Buchwert 28.02.2017.
T€
Buchwert 29.02.2016.
T€
I. Immaterielle Vermögensgegenstände
1. Selbst geschaffene gewerbliche Schutzrechte und ähnliche
Rechte und Werte
10.113 10.821
2. Entgeltlich erworbene Konzessionen, gewerbliche Schutzrechte
und ähnliche Rechte und Werte sowie Lizenzen an
solchen Rechten und Werten
4.520 5.276
3. Geschäfts- oder Firmenwert 14.812 18.515
Summe Immaterielle Vermögensgegenstände 29.445 34.612
II. Sachanlagen
1. Grundstücke, grundstücksgleiche Rechte und Bauten einschließlich
der Bauten auf fremden Grundstücken
248.987 201.357
2. Technische Anlagen und Maschinen 112.684 104.976
3. Andere Anlagen, Betriebs- und Geschäftsausstattung 25.297 22.205
4. Geleistete Anzahlungen und Anlagen im Bau 30.706 35.035
Summe Sachanlagen 417.675 363.573
III. Finanzanlagen
1. Beteiligungen an assoziierten Unternehmen 23.075 10.096
2. Wertpapiere des Anlagevermögens 2 2
Summe Finanzanlagen 23.077 10.098
Summe Anlagevermögen 470.197 408.283"; 15 ;2016/2017;GROB-WERKE GmbH & Co. KG;Konzernabschluss;PNHR
2. Sonstige Vermögensgegenstände; 5.29 ;2016/2017;GROB-WERKE GmbH & Co. KG;Konzernabschluss;PNHR
In den sonstigen Forderungen sind Schadensersatzforderungen i. H. v. 0,4 Mio. EUR (Vj. 0,6 Mio. EUR) enthalten. Der langfristige Teil mit einer Restlaufzeit von mehr als einem Jahr beträgt 0,1 Mio. EUR (Vj. 0,3 Mio. EUR) . Die Forderungen werden mit ihrem Barwert angesetzt. Der Langfristanteil einer weiteren sonstigen Forderung beträgt 0,3 Mio. EUR.; 5.29 ;2016/2017;GROB-WERKE GmbH & Co. KG;Konzernabschluss;PNHR
Die sonstigen Vermögensgegenstände beinhalten Umsatzsteuererstattungsansprüche des Mutterunternehmens in Höhe von 7,5 Mio. EUR (Vj. 2,8 Mio. EUR).; 5.29 ;2016/2017;GROB-WERKE GmbH & Co. KG;Konzernabschluss;PNHR
3. Eigenkapital; 5.37 ;2016/2017;GROB-WERKE GmbH & Co. KG;Konzernabschluss;PNHR
Die im Handelsregister eingetragene Einlage des Kommanditisten gem. § 172 Abs. 1 HGB beträgt 10,0 Mio. EUR.; 5.37 ;2016/2017;GROB-WERKE GmbH & Co. KG;Konzernabschluss;PNHR
Durch Gesellschafterbeschluss erfolgt mit Bilanzaufstellung eine weitere Zuführung zu den gesamthänderisch gebundenen Rücklagen in Höhe von 33,6 Mio. EUR (Vj. 46,6 Mio. EUR) aus dem laufenden Jahresergebnis des Mutterunternehmens für das Geschäftsjahr 2016/17. Gleichzeitig wurden Entnahmen in Höhe von 23,0 Mio. EUR verrechnet.; 5.37 ;2016/2017;GROB-WERKE GmbH & Co. KG;Konzernabschluss;PNHR
Der bei der Erstkonsolidierung zum 28.02.2006 entstandene technisch bedingte passivische Unterschiedsbetrag wird unter der Position „Rücklage aus der Kapitalkonsolidierung“ im Eigenkapital ausgewiesen. Auf eine Umgliederung gemäß § 301 Abs. 3 HGB wird verzichtet.; 5.37, 92 ;2016/2017;GROB-WERKE GmbH & Co. KG;Konzernabschluss;PNHR
4. Rückstellungen; 5.47 ;2016/2017;GROB-WERKE GmbH & Co. KG;Konzernabschluss;PNHR
Die sonstigen Rückstellungen setzen sich folgendermaßen zusammen:; 5.50 ;2016/2017;GROB-WERKE GmbH & Co. KG;Konzernabschluss;PNHR
"28.02.2017.
T€
29.02.2016.
T€
Personalbereich
Urlaubs- und Weihnachtsgeld 19.327 15.447
Gleitzeitüberhänge 6.808 6.174
Altersteilzeit 4.680 3.884
Sonstige Rückstellungen Personalbereich 1.446 7.267
32.261 32.772
Absatz/Vertrieb/Produktion 46.093 46.668
Lieferanten/Dienstleistung/Verwaltung/Sonstige 25.074 12.528
103.428 91.968"; 5.50 ;2016/2017;GROB-WERKE GmbH & Co. KG;Konzernabschluss;PNHR
Die Personalrückstellungen bestehen für Urlaube, Weihnachtsgeld, Gleitzeit, Altersteilzeit, Mitarbeitersonderzahlung und Berufsgenossenschaft. Die Rückstellungen für den Vertrieb/ Absatz/ Produktionsbereich betreffen im Wesentlichen Provisionen, Nachlaufkosten, Gewährleistungen, Gutschriften und Drohverluste. Die Rückstellungen im Lieferanten-/ Dienstleistungs-/Verwaltungsbereich betreffen im Wesentlichen ausstehende Rechnungen sowie Jahres- und Konzernabschlusskosten.; 5.50 ;2016/2017;GROB-WERKE GmbH & Co. KG;Konzernabschluss;PNHR
5. Verbindlichkeiten; 5.51 ;2016/2017;GROB-WERKE GmbH & Co. KG;Konzernabschluss;PNHR
"Verbindlichkeitenspiegel zum
28.02.2017
Gesamtbetrag 28.02.2017.
T€
RLZ bis zu einem Jahr.
T€
RLZ über einem Jahr.
T€
davon über 5 Jahre.
T€
davon durch Pfandrechte
u. ä. gesichert.
T€
1. Verbindlichkeiten gegenüber
Kreditinstituten
288.012 19.832 268.180 0 134.236
2. Verbindlichkeiten aus Lieferungen
und Leistungen
126.157 123.595 2.562 0 0
3. Verbindlichkeiten gegenüber assoziierten
Unternehmen
2.794 2.794 0 0 0
4. sonstige Verbindlichkeiten 30.472 23.498 6.974 6.974 0
* davon aus Steuern T€5.865 (Vj. T
€3.092)"; 5.51, 42, 43 ;2016/2017;GROB-WERKE GmbH & Co. KG;Konzernabschluss;PNHR
"Verbindlichkeitenspiegel zum
28.02.2017
Gesamtbetrag 28.02.2017.
T€
RLZ bis zu einem Jahr.
T€
RLZ über einem Jahr.
T€
davon über 5 Jahre.
T€
davon durch Pfandrechte
u. ä. gesichert.
T€
* davon im Rahmen sozialer Sicherheit
T€1.141 (Vj. T€907)
447.435 169.719 277.716 6.974 134.236"; 5.51, 42, 43 ;2016/2017;GROB-WERKE GmbH & Co. KG;Konzernabschluss;PNHR
"Verbindlichkeitenspiegel zum
29.02.2016
Gesamtbetrag 29.02.2016.
T€
RLZ bis zu einem Jahr.
T€
RLZ über einem Jahr.
T€
davon über 5 Jahre.
T€
davon durch Pfandrechte
u. ä. gesichert.
T€
1. Verbindlichkeiten gegenüber
Kreditinstituten
171.706 18.307 153.399 0 134.678
2. Verbindlichkeiten aus Lieferungen
und Leistungen
80.841 80.600 241 0 0
3. Verbindlichkeiten gegenüber assoziierten
Unternehmen
2.251 2.251 0 0 0
4. sonstige Verbindlichkeiten 15.172 7.857 7.315 7.315 0
* davon aus Steuern T€3.092 EUR
(Vj. T€4.002)
* davon im Rahmen sozialer Sicherheit
T€907 (Vj. T€921)
269.970 109.014 160.956 7.315 134.678"; 5.51, 42, 43 ;2016/2017;GROB-WERKE GmbH & Co. KG;Konzernabschluss;PNHR
Die Verbindlichkeiten gegenüber den Gesellschaftern werden unter den sonstigen Verbindlichkeiten ausgewiesen (T€25); 5.58, 19 ;2016/2017;GROB-WERKE GmbH & Co. KG;Konzernabschluss;PNHR
Die Verbindlichkeiten gegenüber Kreditinstituten sind beim Mutterunternehmen zum Bilanzstichtag wie folgt besichert: Als Sicherungsgeber stellt die GROB-WERKE GmbH & Co. KG im Konsortialkreditvertrag vom 2. Juni 2014 Sicherheiten zugunsten der finanzierenden Kreditgeber (Gesamtkreditvolumen 650,0 Mio. EUR, Laufzeit 5 Jahre). Als Sicherheit dienen die Grundstücke in Mindelheim, für die entsprechende Grundschulden eingetragen sind. Zum Prüfungszeitpunkt bestehen Gesamtgrundschulden in Höhe von 125,8 Mio. EUR.; 5.54 ;2016/2017;GROB-WERKE GmbH & Co. KG;Konzernabschluss;PNHR
C. Angaben zur Konzern-Gewinn- und Verlustrechnung;;2016/2017;GROB-WERKE GmbH & Co. KG;Konzernabschluss;PNHR
1. Umsatzerlöse; 5.66 ;2016/2017;GROB-WERKE GmbH & Co. KG;Konzernabschluss;PNHR
Die Umsatzerlöse setzen sich – aufgegliedert nach geografischen Gesichtspunkten – wie folgt zusammen:; 5.66, 48 ;2016/2017;GROB-WERKE GmbH & Co. KG;Konzernabschluss;PNHR
"2016/17.
T€
2015/16.
T€
Änderung.
T€
Inland 232.295 185.999 46.296
Ausland 930.644 764.631 166.013
1.162.939 950.630 212.309"; 5.66, 48 ;2016/2017;GROB-WERKE GmbH & Co. KG;Konzernabschluss;PNHR
Es werden planmäßige Abschreibungen des Anlagevermögens in Höhe von 38,1 Mio. EUR ausgewiesen. Davon entfallen 3,7 Mio. EUR auf den Geschäfts- oder Firmenwert des Mutterunternehmens.; 5.78 ;2016/2017;GROB-WERKE GmbH & Co. KG;Konzernabschluss;PNHR
1. Abschreibungen auf Finanzanlagen; 5.87 ;2016/2017;GROB-WERKE GmbH & Co. KG;Konzernabschluss;PNHR
Im Geschäftsjahr wurden Abschreibungen auf Finanzanlagen i. H. v. 0,6 Mio. EUR (Vj. 0 Mio. EUR) vorgenommen.; 5.87 ;2016/2017;GROB-WERKE GmbH & Co. KG;Konzernabschluss;PNHR
4. Zinsaufwendungen; 5.88 ;2016/2017;GROB-WERKE GmbH & Co. KG;Konzernabschluss;PNHR
Aus der Bewertung der Rückstellungen für Altersteilzeit und Pensionen ergibt sich im Saldo ein Zinsaufwand i. H. v. 1,8 Mio. EUR (Vj. 1,5 Mio. EUR).; 5.88 ;2016/2017;GROB-WERKE GmbH & Co. KG;Konzernabschluss;PNHR
5. Aufwendungen für Forschung und Entwicklung;;2016/2017;GROB-WERKE GmbH & Co. KG;Konzernabschluss;PNHR
Die Aufwendungen für Forschung und Entwicklung des Konzerns betragen im Geschäftsjahr 2016/17 27,1 Mio. EUR (Vj. 19,8 Mio. EUR).;;2016/2017;GROB-WERKE GmbH & Co. KG;Konzernabschluss;PNHR
6. Honorar des Abschlussprüfers; 65 ;2016/2017;GROB-WERKE GmbH & Co. KG;Konzernabschluss;PNHR
Das Gesamthonorar für die Abschlussprüfung im Geschäftsjahr 2016/17 beträgt 0,1 Mio. EUR. Davon beziehen sich 0,04 Mio. EUR auf den Konzernabschlussprüfer. Das Honorar des Jahresabschlussprüfers für sonstige Leistungen beträgt 7 TEUR.; 65 ;2016/2017;GROB-WERKE GmbH & Co. KG;Konzernabschluss;PNHR
7. Periodenfremde Erträge und Aufwendungen; 52 ;2016/2017;GROB-WERKE GmbH & Co. KG;Konzernabschluss;PNHR
Im Geschäftsjahr 2016/17 sind periodenfremde Erträge i. H. v. 0,07 Mio. EUR sowie periodenfremde Aufwendungen i. H. v. 0,5 Mio. EUR entstanden.; 52 ;2016/2017;GROB-WERKE GmbH & Co. KG;Konzernabschluss;PNHR
D. Sonstige Angaben;;2016/2017;GROB-WERKE GmbH & Co. KG;Konzernabschluss;PNHR
1. Haftungsverhältnisse und sonstige finanzielle Verpflichtungen;;2016/2017;GROB-WERKE GmbH & Co. KG;Konzernabschluss;PNHR
Nach § 251 i. V. m. § 268 Abs. 7 HGB sind folgende Haftungsverhältnisse zu vermerken:; 44 ;2016/2017;GROB-WERKE GmbH & Co. KG;Konzernabschluss;PNHR
"Mio €
Verbindlichkeiten aus Bürgschaften, Wechsel- und Scheckbürgschaften 32,2
Mio €
*davon gegenüber verbundenen Unternehmen: 31,9"; 44 ;2016/2017;GROB-WERKE GmbH & Co. KG;Konzernabschluss;PNHR
"An sonstigen finanziellen Verpflichtungen von Bedeutung zum 28.02.2017 sind zu nennen:
Mio €
Verpflichtungen aus Miet- und Leasingverträgen 9,4
Verpflichtungen aus Bau- und Investitionsvorhaben 8,0"; 62 ;2016/2017;GROB-WERKE GmbH & Co. KG;Konzernabschluss;PNHR
2. Angaben zur Kapitalflussrechnung;;2016/2017;GROB-WERKE GmbH & Co. KG;Konzernabschluss;PNHR
Der Finanzmittelfonds setzt sich aus dem Bestand der Zahlungsmittel (Kassenbestand und täglich fällige Bankguthaben bei Kreditinstituten) zusammen.;;2016/2017;GROB-WERKE GmbH & Co. KG;Konzernabschluss;PNHR
3. Geschäftsführung und Aufsichtsrat Geschäftsführung;;2016/2017;GROB-WERKE GmbH & Co. KG;Konzernabschluss;PNHR
GROB-WERKE Verwaltungs GmbH, vertreten durch ihre Geschäftsführer Herr German Wankmiller, CEO;;2016/2017;GROB-WERKE GmbH & Co. KG;Konzernabschluss;PNHR
Vorsitzender der Geschäftsführung Dipl.-Ingenieur;;2016/2017;GROB-WERKE GmbH & Co. KG;Konzernabschluss;PNHR
Herr Wolfram Weber, CFO Dipl.-Kaufmann;;2016/2017;GROB-WERKE GmbH & Co. KG;Konzernabschluss;PNHR
Herr Jochen Nahl, CSO Dipl.-Ingenieur;;2016/2017;GROB-WERKE GmbH & Co. KG;Konzernabschluss;PNHR
Der Komplementärgesellschaft wird zum 28.02.2017 eine Haftungsvergütung in Höhe von 5 TEUR (Vj. 5 TEUR) gewährt.; 77 ;2016/2017;GROB-WERKE GmbH & Co. KG;Konzernabschluss;PNHR
Aufsichtsrat;;2016/2017;GROB-WERKE GmbH & Co. KG;Konzernabschluss;PNHR
Die Gesellschaft richtete lt. Gesellschaftsvertrag einen Aufsichtsrat auf freiwilliger Basis (die Vorschriften des § 52 Abs. 1 und Abs. 2 GmbHG sowie die entsprechenden Vorschriften des AktG finden keine Anwendung) ein, der erstmals im Geschäftsjahr 2006/2007 gewählt wurde. Lt. Gesellschaftsvertrag ist Herr Dr. h. c. mult. Dipl.-Ing. Burkhart Grob, Bad Wörishofen (Unternehmer) Vorsitzender des Aufsichtsrates.;;2016/2017;GROB-WERKE GmbH & Co. KG;Konzernabschluss;PNHR
Aufsichtsratvergütungen werden auf Ebene der Gesellschaft im Geschäftsjahr 2016/2017 in Höhe von 236 TEUR (Vj. 240 TEUR) gezahlt.; 77 ;2016/2017;GROB-WERKE GmbH & Co. KG;Konzernabschluss;PNHR
Mitglieder des Aufsichtsrats;;2016/2017;GROB-WERKE GmbH & Co. KG;Konzernabschluss;PNHR
Herr Dr. h. c. mult. Dipl.-Ing. Burkhart Grob,;;2016/2017;GROB-WERKE GmbH & Co. KG;Konzernabschluss;PNHR
Inhaber der GROB-WERKE GmbH & Co. KG, Mindelheim – Vorsitzender bis Mai 2016;;2016/2017;GROB-WERKE GmbH & Co. KG;Konzernabschluss;PNHR
Herr Christian Grob, Dipl.-Ing., Dipl.-Wirtschaftsing.,;;2016/2017;GROB-WERKE GmbH & Co. KG;Konzernabschluss;PNHR
Aufsichtsratsvorsitzender der GROB-WERKE GmbH & Co. KG - Vorsitzender ab Mai 2016;;2016/2017;GROB-WERKE GmbH & Co. KG;Konzernabschluss;PNHR
Herr Karl J. Kraus,;;2016/2017;GROB-WERKE GmbH & Co. KG;Konzernabschluss;PNHR
Inhaber KJK & Partner GmbH, Berlin - stellvertretender Vorsitzender;;2016/2017;GROB-WERKE GmbH & Co. KG;Konzernabschluss;PNHR
Frau Margret Grob, Aufsichtsratsmitglied;;2016/2017;GROB-WERKE GmbH & Co. KG;Konzernabschluss;PNHR
Herr Michael Häger,;;2016/2017;GROB-WERKE GmbH & Co. KG;Konzernabschluss;PNHR
Vorstand von Warth & Klein Grant Thornton AG Wirtschaftsprüfungsgesellschaft, Düsseldorf;;2016/2017;GROB-WERKE GmbH & Co. KG;Konzernabschluss;PNHR
Ab April 2017:;;2016/2017;GROB-WERKE GmbH & Co. KG;Konzernabschluss;PNHR
Herr Dr. Hartmut Wurster,;;2016/2017;GROB-WERKE GmbH & Co. KG;Konzernabschluss;PNHR
selbständiger Unternehmensberater, Augsburg;;2016/2017;GROB-WERKE GmbH & Co. KG;Konzernabschluss;PNHR
4. Arbeitnehmer;;2016/2017;GROB-WERKE GmbH & Co. KG;Konzernabschluss;PNHR
Die Beschäftigtenzahl im Konzern beträgt im Jahresdurchschnitt:; 58 ;2016/2017;GROB-WERKE GmbH & Co. KG;Konzernabschluss;PNHR
"2016/2017 2015/2016
GROB-WERKE GmbH & Co. KG 3.850 3.497
B. GROB do Brasil S.A. 534 517
GROB Systems Inc. 463 410
GROB Machine Tools (Dalian) Co. Ltd. 506 467
5.353 4.891"; 58 ;2016/2017;GROB-WERKE GmbH & Co. KG;Konzernabschluss;PNHR
;;2016/2017;GROB-WERKE GmbH & Co. KG;Konzernabschluss;PNHR
5. Persönlich haftender Gesellschafter; 73 ;2016/2017;GROB-WERKE GmbH & Co. KG;Konzernabschluss;PNHR
Die GROB-WERKE Verwaltungs GmbH, Mindelheim ist persönlich haftende Komplementärgesellschaft der GROB-WERKE GmbH & Co. KG. Die Komplementärgesellschaft hat ein Stammkapital von 25 TEUR.; 73 ;2016/2017;GROB-WERKE GmbH & Co. KG;Konzernabschluss;PNHR
6. Nachtragsbericht; 64 ;2016/2017;GROB-WERKE GmbH & Co. KG;Konzernabschluss;PNHR
Nach dem Bilanzstichtag wurde mit den Banken ein neuer Konsortialkreditvertrag mit einer Laufzeit bis 2022 und einem Gesamtkreditvolumen in Höhe von T€ 750.000 abgeschlossen.; 64 ;2016/2017;GROB-WERKE GmbH & Co. KG;Konzernabschluss;PNHR
Mindelheim, 24. Mai 2017;;;;;
Die Geschäftsführung;;;;;
