Anhang;  Annotierung (Angabe Nummer in Anhangscheckliste)  ;Geschäftsjahr;Gesellschaft;Abschlussart;Prüfer
A. Vorbemerkungen;;2016;Avacon AG;Jahresabschluss;PwC
Die Avacon AG mit Sitz in Helmstedt ist beim Amtsgericht Braunschweig unter der Nummer HRB 100769 im Handelsregister geführt.; 113   ;2016;Avacon AG;Jahresabschluss;PwC
Jahresabschluss;;2016;Avacon AG;Jahresabschluss;PwC
"Der Jahresabschluss wurde nach den Vorschriften des Handelsgesetzbuches (HGB) in der Fassung des Bilanzrichtlinie-Umsetzungsgesetzes (BilRuG) in Verbindung mit dem Aktiengesetz (AktG) sowie den
ergänzenden Vorschriften des D-Mark-Bilanzgesetzes (DMBilG), sowie des Gesetzes über die Elektrizitäts- und Gasversorgung (Energiewirtschaftsgesetz-EnWG) aufgestellt.";;2016;Avacon AG;Jahresabschluss;PwC
"In der Bilanz und in der Gewinn- und Verlustrechnung, aufgestellt nach dem Gesamtkostenverfahren, sind einzelne Posten zur Verbesserung der Klarheit der Darstellung zusammengefasst. Diese Posten werden
nachstehend im Anhang gesondert ausgewiesen."; 7 ;2016;Avacon AG;Jahresabschluss;PwC
"Der Ausweis der Bilanz und der Gewinn- und Verlustrechnung erfolgt – soweit nicht anders angegeben – in tausend Euro (T€). Aufgrund der BilRuG-Änderungen sind die Vorjahresbeträge gegebenenfalls nicht
vergleichbar, da die Vorjahresbeträge nach dem HGB a.F. ausgewiesen sind. Zur Angleichung an die brancheneinheitliche Darstellung und um einen besseren Einblick in die Ertragslage zu ermöglichen, werden
die Aufwendungen für Konzessionsabgaben im Berichtsjahr im Materialaufwand ausgewiesen. Im Vorjahr wurden die Konzessionsabgaben in den sonstigen betrieblichen Aufwendungen erfasst. Die übrigen,
im Vorjahr angewandten Bilanzierungs- und Bewertungsmethoden wurden im Berichtsjahr fortgeführt."; 2 ;2016;Avacon AG;Jahresabschluss;PwC
Um den Besonderheiten der Energieversorgung Rechnung zu tragen, haben wir im Anlagenspiegel den Posten Technische Anlagen und Maschinen in Versorgungs- und Verteilungsanlagen untergliedert.;;2016;Avacon AG;Jahresabschluss;PwC
Die Gesellschaft ist nach § 3 Nr. 38 EnWG ein vertikal integriertes Energieversorgungsunternehmen. Danach ist Avacon zur rechtlichen Entflechtung ihres Energieverteilnetzes gemäß § 7 EnWG verpflichtet.;;2016;Avacon AG;Jahresabschluss;PwC
Konzernzugehörigkeit;;2016;Avacon AG;Jahresabschluss;PwC
Avacon ist gemäß § 291 HGB von der Verpflichtung, einen Konzernabschluss sowie einen Konzernlagebericht gemäß § 290 ff. HGB aufzustellen, befreit.;;2016;Avacon AG;Jahresabschluss;PwC
"Avacon wird mit ihren Tochterunternehmen in den befreienden Konzernabschluss der E.ON SE, Düsseldorf (HRB 69043 beim Amtsgericht Düsseldorf), einbezogen. Die E.ON SE ist das Mutterunternehmen,
das den Konzernabschluss und den Konzernlagebericht für den größten und den kleinsten Kreis von Unternehmen aufstellt. Konzernabschluss und Konzernlagebericht werden nach § 325 HGB beim Betreiber
des Bundesanzeigers elektronisch eingereicht und dort bekannt gemacht. Diese Unterlagen sind im Internet unter www.bundesanzeiger.de oder www.eon.com zugänglich."; 92 ;2016;Avacon AG;Jahresabschluss;PwC
"Die E.ON SE stellt den Konzernabschluss nach den Internationalen Rechnungslegungsvorschriften auf, wie sie von der Europäischen Kommission für die Anwendung in der Europäischen Union übernommen
wurden (IFRS).";;2016;Avacon AG;Jahresabschluss;PwC
Die E.ON Beteiligungen GmbH hat am 21. Juli 2014 gemäß § 20 Abs. 4 AktG mitgeteilt, dass ihr unmittelbar und mittelbar insgesamt mehr als die Hälfte der Geschäftsanteile an Avacon gehören.; 99 ;2016;Avacon AG;Jahresabschluss;PwC
Aktiva;;2016;Avacon AG;Jahresabschluss;PwC
Anlagevermögen;;2016;Avacon AG;Jahresabschluss;PwC
"Entgeltlich erworbene immaterielle Vermögensgegenstände und Sachanlagen werden mit den Anschaffungs- bzw. Herstellungskosten abzüglich planmäßiger Abschreibungen bewertet. Neben der linearen findet
auch die degressive Abschreibungsmethode Anwendung. Für Sachanlagen, die bereits zum 1. Januar 2010 vorhanden waren und degressiv abgeschrieben wurden, wird die degressive Abschreibung fortgeführt.
Zugänge seit dem Geschäftsjahr 2010 werden ausschließlich linear entsprechend der betriebsgewöhnlichen Nutzungsdauer abgeschrieben."; 8.4, 8.7 ;2016;Avacon AG;Jahresabschluss;PwC
"In den Herstellungskosten sind neben den direkt zurechenbaren Fertigungs- und Materialkosten auch angemessene Teile der Materialgemeinkosten, der Fertigungsgemeinkosten und des Werteverzehrs des
Anlagevermögens enthalten."; 8.4 ;2016;Avacon AG;Jahresabschluss;PwC
Für Anlagen in den neuen Bundesländern, die bereits am 1. Juli 1990 vorhanden waren, gelten als Anschaffungs- und Herstellungskosten die Wertansätze der DM-Eröffnungsbilanz.; 8.1 ;2016;Avacon AG;Jahresabschluss;PwC
Gegenstände des Anlagevermögens, für die Sonderabschreibungen gemäß §§ 3 ZRFG und 4 FGG in Anspruch genommen wurden, werden linear abgeschrieben.; 8.1 ;2016;Avacon AG;Jahresabschluss;PwC
"Aufgrund untergeordneter Bedeutung werden abnutzbare Vermögensgegenstände mit Anschaffungskosten von 150,01 € bis zu 410,00 € im Jahr des Zugangs in voller Höhe abgeschrieben. Abnutzbare Vermögensgegenstände,
deren Anschaffungskosten 150,00 € nicht übersteigen, werden im Zugangsjahr voll aufwandswirksam berücksichtigt."; 8.3 ;2016;Avacon AG;Jahresabschluss;PwC
"Anteile an verbundenen Unternehmen, Beteiligungen und Wertpapiere des Anlagevermögens sind mit den Anschaffungskosten angesetzt. Bei voraussichtlich dauerhaften Wertminderungen sind außerplanmäßige
Abschreibungen auf den niedrigeren beizulegenden Wert berücksichtigt worden. Bei Wegfall der Gründe werden entsprechende Zuschreibungen vorgenommen."; 8.13, 8.15, 8.17 ;2016;Avacon AG;Jahresabschluss;PwC
Umlaufvermögen;;2016;Avacon AG;Jahresabschluss;PwC
"Roh-, Hilfs- und Betriebsstoffe werden zu durchschnittlichen Anschaffungskosten und unfertige Leistungen zu Herstellungskosten - jeweils unter Beachtung des Niederstwertprinzips -
bewertet."; 8.21, 8.22 ;2016;Avacon AG;Jahresabschluss;PwC
"Forderungen und sonstige Vermögensgegenstände werden zu Nennwerten bilanziert. Für erkennbare Einzelrisiken werden Wertabschläge vorgenommen. Dem allgemeinen Kreditrisiko wird unverändert durch
eine Pauschalwertberichtigung in Höhe von 1,0% der nicht einzelwertberichtigten Forderungen Rechnung getragen."; 8.25 ;2016;Avacon AG;Jahresabschluss;PwC
Unverzinsliche und niedrigverzinsliche Forderungen mit einer Laufzeit über einem Jahr werden mit dem Barwert angesetzt.; 8.26, 8.27, 8.28 ;2016;Avacon AG;Jahresabschluss;PwC
Latente Steuern;;2016;Avacon AG;Jahresabschluss;PwC
"Latente Steuern werden für zeitliche Unterschiede zwischen den handels- und steuerbilanziellen Wertansätzen im Wesentlichen bei Posten des Anlagevermögens sowie den Rückstellungen ermittelt. Dabei werden
bei Avacon nicht nur die Unterschiede aus den eigenen Bilanzposten einbezogen, sondern auch solche, die bei Organgesellschaften bestehen, an denen Avacon als Gesellschafter beteiligt ist."; 8.35, 27 ;2016;Avacon AG;Jahresabschluss;PwC
"Die Ermittlung der latenten Steuern erfolgt auf Basis des kombinierten Ertragsteuersatzes von aktuell 29,44%. Der kombinierte Ertragsteuersatz umfasst Körperschaftsteuer, Solidaritätszuschlag und Gewerbesteuer.
Im Falle einer sich ergebenden künftigen Steuerentlastung (aktive latente Steuer) wird vom entsprechenden Aktivierungswahlrecht kein Gebrauch gemacht. Zum Bilanzstichtag ergaben sich wie im Vorjahr
insgesamt – nicht bilanzierte – aktive latente Steuern."; 8.35, 27 ;2016;Avacon AG;Jahresabschluss;PwC
Aktiver Rechnungsabgrenzungsposten;;2016;Avacon AG;Jahresabschluss;PwC
"Im aktiven Rechnungsabgrenzungsposten sind im Wesentlichen Baukostenzuschüsse für Netzkooperationen enthalten. Im Zusammenhang mit dem Abgang der Netze an die Netzeigentumsgesellschaften erfolgt
gleichlautend die Darstellung über den passiven Rechnungsabgrenzungsposten und die Auflösung entsprechend der Laufzeit der Pachtverträge. Im Berichtsjahr sind keine Netzabgänge im Zusammenhang mit
Netzkooperationen zu verzeichnen."; 8.34 ;2016;Avacon AG;Jahresabschluss;PwC
Sonderverlustkonto aus Rückstellungsbildung gemäß § 17 Abs. 4 DMBilG;;2016;Avacon AG;Jahresabschluss;PwC
Dieser Posten wird im Zuge des Verbrauchs bzw. der Auflösung der korrespondierenden Rückstellungen in gleicher Höhe abgeschrieben.; 8.36 ;2016;Avacon AG;Jahresabschluss;PwC
Vermögensgegenstände des Deckungsvermögens;;2016;Avacon AG;Jahresabschluss;PwC
"Zur Erfüllung von Verpflichtungen aus der betrieblichen Altersversorgung sowie aus Altersteilzeitguthaben der Mitarbeiter sind entsprechende Mittel in Fondsanteilen sowie in Festgeldern angelegt; ferner bestehen
Ansprüche aus rückgedeckten Pensionsverpflichtungen gegen die Versorgungskasse Energie VVaG (VKE), Hannover. Die Fondsanteile werden vom E.ON Pension Trust e.V. sowie vom Pensionsabwicklungstrust
e.V., beide Düsseldorf, und die Festgelder bezüglich der Altersteilzeitguthaben vom Energie-Sicherungstreuhand e.V., Hannover, treuhänderisch für Avacon verwaltet. Die betreffenden Vermögensgegenstände
dienen ausschließlich der Erfüllung der Pensionsverpflichtungen und sind dem Zugriff der übrigen Gläubiger vollständig entzogen."; 8.36 ;2016;Avacon AG;Jahresabschluss;PwC
"Die Bewertung des Deckungsvermögens erfolgt zum beizulegenden Zeitwert. Dieser wird mit den jeweils zugrunde liegenden Verpflichtungen gemäß § 246 Abs. 2 HGB verrechnet. Entsprechend wird mit
den zugehörigen Aufwendungen und Erträgen aus Zinseffekten und aus dem zu verrechnenden Vermögen verfahren. Der sich ergebende Verpflichtungsüberhang wird unter den Rückstellungen erfasst. Der die
Verpflichtungen übersteigende Zeitwert des Deckungsvermögens wird als „Aktiver Unterschiedsbetrag aus der Vermögensverrechnung“ auf der Aktivseite der Bilanz ausgewiesen."; 8.36 ;2016;Avacon AG;Jahresabschluss;PwC
Passiva;;2016;Avacon AG;Jahresabschluss;PwC
Investitionszuschüsse;;2016;Avacon AG;Jahresabschluss;PwC
"Bei den Investitionszuschüssen handelt es sich im Wesentlichen um Zuschüsse von Dritten für Verlegungsmaßnahmen in Strom- bzw. Gasnetzen, welche analog zu den Abschreibungsmethoden des zugrunde
liegenden Sachanlagevermögens aufgelöst werden."; 8.95 ;2016;Avacon AG;Jahresabschluss;PwC
Ertragszuschüsse;;2016;Avacon AG;Jahresabschluss;PwC
"Der Posten umfasst die von Netzkunden vereinnahmten Baukostenzuschüsse. Bei der Auflösung der Baukostenzuschüsse wird überwiegend eine Gesamtdauer von 20 Jahren unterstellt. Die Auflösung wird linear
über die Gesamtdauer bzw. über die verbleibende Restdauer zugunsten der Umsatzerlöse vorgenommen."; 8.96 ;2016;Avacon AG;Jahresabschluss;PwC
Rückstellungen;;2016;Avacon AG;Jahresabschluss;PwC
Rückstellungen für Pensionen und ähnliche Verpflichtungen;;2016;Avacon AG;Jahresabschluss;PwC
"Die Bewertung der Pensionen und pensionsähnlichen Verpflichtungen erfolgt nach dem international anerkannten Anwartschaftsbarwertverfahren (Projected Unit Credit Methode). Nach diesem Verfahren errechnet
sich die Höhe der Pensionsverpflichtungen aus der zum Bilanzstichtag erdienten Anwartschaft unter Berücksichtigung künftiger Gehaltssteigerungen. Für die Abzinsung der Pensionsverpflichtungen
sowie Deputate, die Altersversorgungscharakter haben und als Rentenbaustein gewertet werden, wird aufgrund der Erstanwendung des § 253 Abs. 2 HGB in der Fassung des Gesetzes zur Umsetzung der Wohnimmobilienkreditrichtlinie
und zur Änderung handelsrechtlicher Vorschriften erstmals der von der Deutschen Bundesbank veröffentlichte durchschnittliche Marktzinssatz der vergangenen zehn Geschäftsjahre
bei einer angenommenen Restlaufzeit von 15 Jahren zugrunde gelegt."; 8.48, 41 ;2016;Avacon AG;Jahresabschluss;PwC
"Weiterhin sind ein Gehaltstrend und eine Rentendynamik berücksichtigt. Den versicherungsmathematischen Rückstellungsberechnungen liegen als Rechnungsgrundlagen die Richttafeln 2005 G von K. Heubeck
zugrunde. Als Bewertungsendalter werden die frühestmöglichen Altersgrenzen in der gesetzlichen Rentenversicherung unter Berücksichtigung der Regelungen des RVAltersgrenzenanpassungsgesetzes vom 20.
April 2007 herangezogen. Für Mitarbeiter mit abgeschlossenen Vorruhestands- oder Altersteilzeitvereinbarungen wird das vertraglich vereinbarte Endalter berücksichtigt. Des Weiteren werden Fluktuationswahrscheinlichkeiten
verwendet."; 8.48, 41 ;2016;Avacon AG;Jahresabschluss;PwC
"Vor dem Hintergrund der grundlegenden Veränderungen in der Zinslandschaft wurden in 2016 die beitragsorientierten Versorgungsregelungen angepasst. So wird die Verzinsung in allen beitragsorientierten
Versorgungsregelungen für Bausteine ab 2017 an die Marktentwicklung angepasst und durch einen Sockelzinssatz abgesichert. Die bisher erdienten Anwartschaften bleiben aber unverändert bestehen. Vor diesem
Hintergrund wurde eine Umstellung der Bewertungssystematik von der sogenannten ratierlichen Methode auf den Barwert der erworbenen Anwartschaft übernommen, die aufgrund der Änderung der Wertigkeit
künftiger Bausteine erforderlich wird."; 8.48, 41 ;2016;Avacon AG;Jahresabschluss;PwC
"Aus der Übernahme von Versorgungsverpflichtungen im Rahmen der Mitarbeiterwechsel im E.ON-Konzern bestehen Freistellungsansprüche gegenüber der MEON Pensions GmbH & Co. KG, Grünwald. Die
Bewertung der Freistellungsforderung erfolgt analog der Bewertung der zugrunde liegenden Versorgungsverpflichtung."; 8.12 ;2016;Avacon AG;Jahresabschluss;PwC
Die Freistellungsforderung wird unter dem Finanzanlagevermögen ausgewiesen.; 8.12 ;2016;Avacon AG;Jahresabschluss;PwC
Rückstellungen für Jubiläums- und ähnliche Verpflichtungen;;2016;Avacon AG;Jahresabschluss;PwC
"Die Berechnung der Jubiläumsverpflichtungen erfolgt ebenfalls nach dem international anerkannten Anwartschaftsbarwertverfahren (Projected Unit Credit Methode). Für die Abzinsung der Jubiläums- und Treueurlaubsverpflichtungen
sowie für Sterbegeldverpflichtungen wird der von der Deutschen Bundesbank veröffentlichte durchschnittliche Marktzinssatz der vergangenen sieben Geschäftsjahre bei einer angenommenen
Restlaufzeit von 15 Jahren zugrunde gelegt. Ferner wird ein Gehaltstrend sowie eine Fluktuationswahrscheinlichkeit berücksichtigt. Den versicherungsmathematischen Rückstellungsberechnungen liegen
als Rechnungsgrundlagen die Richttafeln 2005 G von K. Heubeck zugrunde."; 8.50 ;2016;Avacon AG;Jahresabschluss;PwC
Rückstellungen für Altersteilzeit und Vorruhestand;;2016;Avacon AG;Jahresabschluss;PwC
"Für Altersteilzeit- und Vorruhestandsverpflichtungen wird von einer Bindungsdauer von unter einem Jahr bzw. 2,9 Jahren ausgegangen. Der für diese Bindungsdauer maßgebliche Zinssatz wurde mittels linearer
Interpolation aus den von der Deutschen Bundesbank veröffentlichten Zinssätzen abgeleitet. Ferner wird ein Gehaltstrend berücksichtigt. Den versicherungsmathematischen Rückstellungsberechnungen liegen
als Rechnungsgrundlagen die Richttafeln 2005 G von K. Heubeck zugrunde."; 8.50 ;2016;Avacon AG;Jahresabschluss;PwC
Sonstige Rückstellungen;;2016;Avacon AG;Jahresabschluss;PwC
"Die anderen sonstigen Rückstellungen berücksichtigen alle erkennbaren Risiken und ungewisse Verbindlichkeiten. Der Ansatz erfolgt in Höhe des nach vernünftiger kaufmännischer Beurteilung notwendigen
Erfüllungsbetrags. Bei den sonstigen Rückstellungen sind darin auch zukünftige Preis- und Kostensteigerungen mit einbezogen, sofern ausreichend objektive Hinweise für ihren Eintritt vorliegen. Rückstellungen
mit einer Restlaufzeit von mehr als einem Jahr werden mit dem ihrer Restlaufzeit entsprechenden durchschnittlichen Marktzinssatz der vergangenen sieben Jahre abgezinst."; 8.50 ;2016;Avacon AG;Jahresabschluss;PwC
"Erträge und Aufwendungen aus der Aufzinsung von Rückstellungen sowie aus Änderungen der Zinssätze werden gesondert unter dem Posten „Sonstige Zinsen und ähnliche Erträge“ bzw. „Zinsen und ähnliche
Aufwendungen“ ausgewiesen.";;2016;Avacon AG;Jahresabschluss;PwC
Verbindlichkeiten;;2016;Avacon AG;Jahresabschluss;PwC
Die Verbindlichkeiten sind mit ihrem Erfüllungsbetrag, Rentenverpflichtungen zu ihrem Barwert angesetzt.; 8.51 ;2016;Avacon AG;Jahresabschluss;PwC
Passiver Rechnungsabgrenzungsposten;;2016;Avacon AG;Jahresabschluss;PwC
"Im passiven Rechnungsabgrenzungsposten sind im Wesentlichen Baukostenzuschüsse für Netzkooperationen enthalten. Die Bildung erfolgt gleichlautend über den aktiven Rechnungsabgrenzungsposten und die
Auflösung jeweils entsprechend der Laufzeit der Pachtverträge."; 8.63 ;2016;Avacon AG;Jahresabschluss;PwC
C. Erläuterungen zur Bilanz;;2016;Avacon AG;Jahresabschluss;PwC
1. Immaterielle Vermögensgegenstände und Sacha nlage n;;2016;Avacon AG;Jahresabschluss;PwC
Die Entwicklung der einzelnen Posten des Anlagevermögens im Geschäftsjahr 2016 ist aus dem Anlagenspiegel ersichtlich, der Bestandteil des Anhangs ist.; 4.2, 4.7, 15 ;2016;Avacon AG;Jahresabschluss;PwC
2. Finanzanlagen;;2016;Avacon AG;Jahresabschluss;PwC
Die Aufstellung des Anteilsbesitzes ist aus der Beteiligungsliste ersichtlich, die Bestandteil des Anhangs ist.; 4.13 ;2016;Avacon AG;Jahresabschluss;PwC
"Aus der Übernahme von Versorgungsverpflichtungen im Rahmen des Mitarbeiterwechsels im E.ON-Konzern besteht ein Freistellungsanspruch gegen die MEON Pensions GmbH & Co. KG, Grünwald, in Höhe
von 1.403 T€, der unter den Ausleihungen an verbundene Unternehmen ausgewiesen ist."; 4.14 ;2016;Avacon AG;Jahresabschluss;PwC
"Die Gesellschaft hält folgende Anteile an inländischem Investmentvermögen im Sinne des
§ 1 Investmentgesetz (InvG):"; 4.15 ;2016;Avacon AG;Jahresabschluss;PwC
"Fondskategorie.
in T€
Wert der Anteile
31.12.2016
Differenz zum Buchwert
31.12.2016
in 2016 erfolgte Ausschüttung
tägl. Rückgabe möglich
Immobilienfonds
UBS Euroinvest Immobilien 19.149 0 63 nein"; 4.15 ;2016;Avacon AG;Jahresabschluss;PwC
"Aufgrund der Marktdaten wurde von einer dauerhaften Wertminderung des Immobilienfonds ausgegangen; eine Abschreibung gemäß § 253 Abs. 3 Satz 3 HGB war insofern erforderlich."; 4.15 ;2016;Avacon AG;Jahresabschluss;PwC
Zu den Veränderungen der Beteiligungen verweisen wir auf den Anlagenspiegel, die Anteilsbesitzliste und die Ausführungen im Lagebericht.; 4.15 ;2016;Avacon AG;Jahresabschluss;PwC
3. Vorräte;;2016;Avacon AG;Jahresabschluss;PwC
"31.12.2016.
T€
31.12.2015.
T€
Roh-, Hilfs- und Betriebsstoffe 13.359 10.829
Unfertige Leistungen 10.916 6.445
Vorräte 24.275 17.274"; 4.21, 4.22 ;2016;Avacon AG;Jahresabschluss;PwC
"Die Roh-, Hilfs- und Betriebsstoffe umfassen vor allem Material für den Bau und die Instandhaltung der Strom- und Gasnetze. Die unfertigen Leistungen betreffen nicht abgerechnete Bau- und Instandhaltungsaufträge
für Dritte."; 4.21, 4.22 ;2016;Avacon AG;Jahresabschluss;PwC
4 . Forderungen und sonstige Vermögensgegenstände;;2016;Avacon AG;Jahresabschluss;PwC
"31.12.2016.
T€
über 1 Jahr.
T€
31.12.2015.
T€
über 1 Jahr.
T€
Forderungen aus Lieferungen und Leistungen 55.838 62 8.342 81
Forderungen gegen verbundene Unternehmen 117.535 0 99.746 0
Forderungen gegen Unternehmen, mit denen ein Beteiligungsverhältnis
besteht
270 0 2.996 0
Sonstige Vermögensgegenstände 10.451 826 17.635 8.610"; 4.26, 4.27, 4.28, 4.29 ;2016;Avacon AG;Jahresabschluss;PwC
"31.12.2016.
T€
über 1 Jahr.
T€
31.12.2015.
T€
über 1 Jahr.
T€
Forderungen und sonstige Vermögensgegenstände 184.094 888 128.719 8.691"; 4.26, 4.27, 4.28, 4.29 ;2016;Avacon AG;Jahresabschluss;PwC
Avacon hat im Dezember 2016 Forderungen aus Lieferungen und Leistungen zum Nominalwert von 127.646 T€ (Vorjahr 96.541 T€) an eine Factoring-Gesellschaft veräußert.; 4.26 ;2016;Avacon AG;Jahresabschluss;PwC
Die Forderungen und sonstigen Vermögensgegenstände in Höhe von 184.094 T€ (Vorjahr 128.719 T€) resultieren im Wesentlichen aus Forderungen für die Netznutzung und kurzfristigen Geldanlagen.; 4.25 ;2016;Avacon AG;Jahresabschluss;PwC
Die sonstigen Vermögensgegenstände enthalten noch nicht abziehbare Vorsteuerbeträge in Höhe von 1.163 T€ (Vorjahr 190 T€).; 4.29 ;2016;Avacon AG;Jahresabschluss;PwC
Mitzugehörigkeit zu anderen Posten;;2016;Avacon AG;Jahresabschluss;PwC
"Die Forderungen gegen verbundene Unternehmen umfassen im Wesentlichen mit 96.724 T€ Forderungen aus kurzfristigen Geldanlagen (Vorjahr 46.118 T€) und mit 6.829 T€ (Vorjahr 32.858 T€) Forderungen
aus Lieferungen und Leistungen."; 4.27, 6 ;2016;Avacon AG;Jahresabschluss;PwC
Die Forderungen gegen Unternehmen, mit denen ein Beteiligungsverhältnis besteht, resultieren vollständig aus Lieferungen und Leistungen.; 4.28, 6 ;2016;Avacon AG;Jahresabschluss;PwC
5 . Guthaben bei Kreditinstituten und Schecks;;2016;Avacon AG;Jahresabschluss;PwC
Zum Bilanzstichtag sind Bankguthaben bei Kreditinstituten in Höhe von 31 T€ zu verzeichnen.; 4.33 ;2016;Avacon AG;Jahresabschluss;PwC
6 . Rechnungsabgrenzungsposten;;2016;Avacon AG;Jahresabschluss;PwC
Der Rechnungsabgrenzungsposten betrifft Mietverträge über Lichtwellenleiter und Pacht-vorauszahlungen an Netzkooperationsgesellschaften.; 4.34 ;2016;Avacon AG;Jahresabschluss;PwC
7 . Sonderverlustkonto aus Rückstellungsbildung gemäß § 17 Abs. 4 DMBilG;;2016;Avacon AG;Jahresabschluss;PwC
"T€
Stand am 31. Dezember 2015 1.666
Abschreibung in Höhe der Inanspruchnahme/Auflösung 11
Stand am 31. Dezember 2016 1.655";;2016;Avacon AG;Jahresabschluss;PwC
8. Aktiver Unterschiedsbetrag aus der Vermögensverrechnung;;2016;Avacon AG;Jahresabschluss;PwC
"Zum 31. Dezember 2016 ergibt sich aus der Verrechnung des Deckungsvermögens im Zusammenhang mit rückgedeckten Pensionsverpflichtungen sowie dem Erfüllungsrückstand aus Altersteilzeitverträgen ein
aktiver Unterschiedsbetrag, der sich wie folgt zusammensetzt:"; 4.36, 44 ;2016;Avacon AG;Jahresabschluss;PwC
"31.12.2016.
T€
31.12.2015.
T€
Nicht bei VKE rückgedeckte Versorgungsverpflichtungen (CTA)
Erfüllungsbetrag der Pensionsrückstellungen 620.887 0
[620.155]
Beizulegende Zeitwerte des Deckungsvermögens"; 4.36, 44 ;2016;Avacon AG;Jahresabschluss;PwC
"31.12.2016.
T€
31.12.2015.
T€
Fondsanteile 630.150 0
[611.616]
Aktiver Unterschiedsbetrag 9.263 0
[8.539]
Bei VKE rückgedeckte Versorgungsverpflichtungen
Erfüllungsbetrag der Pensionsrückstellungen 63.776 60.299
Beizulegende Zeitwerte des Deckungsvermögens
Ansprüche aus Rückdeckungsversicherungen 82.126 76.493
Aktiver Unterschiedsbetrag 18.350 16.194
Erfüllungsrückstand aus Altersteilzeitverträgen
Erfüllungsbetrag 1.545 6.487
Beizulegende Zeitwerte des Deckungsvermögens
Festgeldanlagen 1.778 6.748
Aktiver Unterschiedsbetrag 233 261
Summe aktiver Unterschiedsbetrag aus der Vermögensverrechnung 27.846 16.455
Anschaffungskosten des Deckungsvermögens (CTA)
Fondsanteile 542.967 0
[549.504]"; 4.36 ;2016;Avacon AG;Jahresabschluss;PwC
"Zum 31. Dezember 2015 überstiegen die entsprechenden Pensionsverpflichtungen den beizulegenden Zeitwert des Deckungsvermögens für nicht bei VKE rückgedeckte Versorgungsverpflichtungen (CTA). Der
Ausweis erfolgte in den Pensionsrückstellungen."; 4.36 ;2016;Avacon AG;Jahresabschluss;PwC
"Die Zeitwerte der Rückdeckungsversicherungsansprüche entsprechen dem vom Versicherer nachgewiesenen Deckungskapital und damit den Anschaffungskosten. Der beizulegende Zeitwert der Festgeldanlagen
stimmt mit den Anschaffungskosten überein."; 4.36 ;2016;Avacon AG;Jahresabschluss;PwC
9 . Gezeichnetes Kapital;;2016;Avacon AG;Jahresabschluss;PwC
"Das Grundkapital beträgt unverändert 357.616 T€. Es ist eingeteilt in 144.783.652 auf den Namen lautende Stückaktien. Die E.ON-Gruppe hält 61,5% (E.ON Beteiligungen GmbH und Bayernwerk AG) und
die kommunalen Aktionäre 38,5%."; 4.38, 32 ;2016;Avacon AG;Jahresabschluss;PwC
"Der rechnerische Wert der eigenen Anteile beträgt zum Bilanzstichtag 2.497 T€ und ist vom gezeichneten Kapital abgesetzt. Die Gesellschaft hält zum Bilanzstichtag 1.010.914 eigene Aktien. Dies entspricht
0,7% des gezeichneten Kapitals."; 4.38, 24 ;2016;Avacon AG;Jahresabschluss;PwC
10. Kapitalrücklage;;2016;Avacon AG;Jahresabschluss;PwC
"Die Kapitalrücklage zum 31. Dezember 2016 in Höhe von 324.412 T€ enthält in Höhe von 311.632 T€ das Aufgeld gemäß § 272 Abs. 2 Nr. 1 HGB, das bei der Ausgabe von Aktien erzielt wurde und eine
Zuzahlung in Höhe von 12.780 T€ gemäß § 272 Abs. 2 Nr. 4 HGB."; 4.39, 34 ;2016;Avacon AG;Jahresabschluss;PwC
11. G ewinnrücklagen;;2016;Avacon AG;Jahresabschluss;PwC
"31.12.2016.
T€
31.12.2015.
T€
Rücklage gem. § 17 Abs. 4 DMBilG 1.655 1.666
Andere Gewinnrücklagen 413.841 398.931
Gewinnrücklagen 415.496 400.597"; 4.41, 4.44 ;2016;Avacon AG;Jahresabschluss;PwC
Aus dem Jahresüberschuss wurden 14.900 T€ in die anderen Gewinnrücklagen eingestellt.; 4.44, 35 ;2016;Avacon AG;Jahresabschluss;PwC
Die Fortentwicklung des Sonderverlustkontos aus dem DMBilG führt zu einer Umgliederung zwischen der Rücklage gem. § 17 Abs. 4 DMBilG und den anderen Gewinnrücklagen (11 T€).; 4.41, 35 ;2016;Avacon AG;Jahresabschluss;PwC
12. Bilanzgewinn;;2016;Avacon AG;Jahresabschluss;PwC
"Der Bilanzgewinn von 192.630 T€ ergibt sich aus dem Jahresüberschuss in Höhe von 206.694 T€, dem Gewinnvortrag gemäß Beschluss der Hauptversammlung in Höhe von 836 T€ abzüglich der Einstellung
in Gewinnrücklagen von 14.900 T€."; 4.45, 4.46, 37 ;2016;Avacon AG;Jahresabschluss;PwC
"Zur Erfüllung von Verpflichtungen aus der Altersversorgung sind entsprechende Mittel zweckgebunden und insolvenzgeschützt in Fondsanteilen, die vom E.ON Pension Trust e.V. sowie vom Pensionsabwicklungstrust
e.V., beide Düsseldorf, treuhänderisch verwaltet werden, angelegt. Sie sind in Anwendung des § 253 Abs. 1 Satz 4 HGB zum beizulegenden Zeitwert bewertet. Dieser beläuft sich zum Abschlussstichtag
auf 630.150 T€ und liegt somit um 87.183 T€ über den Anschaffungskosten von 542.967 T€. Der Unterschiedsbetrag betrifft vollständig Werterhöhungen. Eine Ausschüttungssperre in Bezug auf den Bilanzgewinn
von 192.630 T€ besteht nicht, da der durch die Zeitbewertung entstandene Mehrbetrag in Höhe von 87.183 T€ durch vorhandene frei verfügbare Rücklagen gedeckt ist.";;2016;Avacon AG;Jahresabschluss;PwC
"Der Unterschiedsbetrag zwischen dem Ansatz der Rückstellungen für Altersversorgungsverpflichtungen nach Maßgabe des entsprechenden durchschnittlichen Marktzinssatzes aus den vergangenen zehn Geschäftsjahren
und dem Ansatz dieser Rückstellungen nach Maßgabe des entsprechenden durchschnittlichen Marktzinssatzes aus den vergangenen sieben Geschäftsjahren beträgt zum 31. Dezember 2016 für die
Avacon 83.260 T€. Diesem Mehrbetrag stehen frei verfügbare Rücklagen in ausreichender Höhe gegenüber. Eine Ausschüttungssperre gemäß § 268 Abs. 8 Satz 3 i. V. m. Satz 1 HGB sowie nach § 253 Abs. 6
HGB in der Fassung des Gesetzes zur Umsetzung der Wohnimmobilienkreditrichtlinie und zur Änderung handelsrechtlicher Vorschriften in Bezug auf diese Sachverhalte besteht somit nicht.";;2016;Avacon AG;Jahresabschluss;PwC
1 3 . Zuschüsse;;2016;Avacon AG;Jahresabschluss;PwC
"31.12.2016.
T€
31.12.2015.
T€
Investitionszuschüsse 17.352 18.857
Ertragszuschüsse 224.696 233.012
Zuschüsse 242.048 251.869"; 4.95, 4.96 ;2016;Avacon AG;Jahresabschluss;PwC
Den Zugängen bei den Investitionszuschüssen in Höhe von 351 T€ stehen planmäßige Auflösungen in Höhe von 1.112 T€ und Abgänge in Höhe von 744 T€ gegenüber.; 4.95 ;2016;Avacon AG;Jahresabschluss;PwC
"Die Ertragszuschüsse (Baukostenzuschüsse) wurden mit 26.860 T€ planmäßig aufgelöst. Weiterhin sind 333 T€ im Wesentlichen durch die Übertragung von Strom- und Gasversorgungsanlagen im Konzessionsgebiet
abgegangen. Die Zugänge (18.877 T€) betreffen Stromverteilungs- und Gasversorgungsanlagen."; 4.96 ;2016;Avacon AG;Jahresabschluss;PwC
1 4 . Rückstellungen;;2016;Avacon AG;Jahresabschluss;PwC
"31.12.2016.
T€
31.12.2015.
T€
Rückstellungen für Pensionen
und ähnliche Verpflichtungen 11.444 19.087
Steuerrückstellungen 65.674 66.482
Sonstige Rückstellungen 356.713 307.658
Rückstellungen 433.831 393.227"; 4.48, 4.49, 4.50 ;2016;Avacon AG;Jahresabschluss;PwC
Rückstellungen für Pensionen und ähnliche Verpflichtungen;;2016;Avacon AG;Jahresabschluss;PwC
"Die Pensionsrückstellungen decken die Versorgungsverpflichtungen gegenüber ehemaligen und noch tätigen Mitarbeitern ab. Die Finanzierung erfolgt durch den Arbeitgeber und im Rahmen von Gehaltsumwandlungen
durch die Arbeitnehmer."; 4.48. 41 ;2016;Avacon AG;Jahresabschluss;PwC
"Der in der nachstehenden Tabelle genannte beizulegende Zeitwert des Deckungsvermögens wurde, soweit es sich um Fondsanteile handelt, durch die beauftragten Verwaltungsgesellschaften unter Zuhilfenahme
von Börsenkursen beziehungsweise allgemein anerkannter Bewertungsmethoden zum Abschlussstichtag abgeleitet. Die Zeitwerte der Rückdeckungsversicherungsansprüche entsprechen dem vom Versicherer
nachgewiesenen Deckungskapital und damit den Anschaffungskosten."; 4.48, 41 ;2016;Avacon AG;Jahresabschluss;PwC
Aus der nachstehenden Tabelle sind die nicht bei VKE rückgedeckten Rückstellungen für Pensionen und ähnliche Verpflichtungen ersichtlich.; 4.48 ;2016;Avacon AG;Jahresabschluss;PwC
"31.12.2016.
T€
31.12.2015.
T€
Nicht bei VKE rückgedeckte Versorgungsverpflichtungen (CTA)
Erfüllungsbetrag der Pensionsrückstellungen 0 620.155
[620.887]
Beizulegende Zeitwerte des Deckungsvermögens
Fondsanteile 0 611.616
[630.150]
Nettowert 0 8.539
[9.263]
Deputatsverpflichtungen für Rentner (Erfüllungsbetrag) 10.222 10.548
Übrige nicht rückgedeckte Versorgungsverpflichtungen 1.222 0
Rückstellungen gesamt 11.444 19.087
Anschaffungskosten des Deckungsvermögens (CTA)
Fondsanteile 0 549.504"; 4.48 ;2016;Avacon AG;Jahresabschluss;PwC
"31.12.2016.
T€
31.12.2015.
T€
[542.967]"; 4.48 ;2016;Avacon AG;Jahresabschluss;PwC
"Zum 31. Dezember 2016 überstiegen die beizulegenden Zeitwerte des Deckungsvermögens die entsprechenden Pensionsverpflichtungen für nicht bei VKE rückgedeckten Versorgungsverpflichtungen. Der
Überhang des Deckungsvermögens wurde im Berichtsjahr als Aktiver Unterschiedsbetrag aus der Vermögensverrechnung ausgewiesen. Im Vorjahr ergab sich eine Pensionsrückstellung."; 4.48, 41 ;2016;Avacon AG;Jahresabschluss;PwC
"Der angewandte Rechnungszins für die Abzinsung der Pensionsverpflichtungen beläuft sich zum 31. Dezember 2016 auf 4,01% p.a. (Vorjahr 3,89% p.a.). Weiterhin wurde ein Gehaltstrend von 2,50% p.a.
(Vorjahr 2,50% p.a.) und eine Rentendynamik von 1,75% p.a. (Vorjahr 1,75% p.a.) zugrunde gelegt."; 4.48, 41 ;2016;Avacon AG;Jahresabschluss;PwC
"Der durchschnittliche Marktzinssatz, der sich im Falle von Rückstellungen für Altersversorgungsverpflichtungen aus den vergangenen zehn Geschäftsjahren ergibt, beträgt 4,01% p.a. Ohne Berücksichtigung der
Änderungen des § 253 Abs. 2 HGB hätte sich ein durchschnittlicher Marktzinssatz, der sich aus den vergangenen sieben Geschäftsjahren ermittelt hätte, von 3,23% p.a. ergeben."; 4.48, 41 ;2016;Avacon AG;Jahresabschluss;PwC
Aus der Umstellung der Bewertungssystematik auf den Barwert der erworbenen Anwartschaft ergibt sich im Berichtsjahr ein Aufwandseffekt in Höhe von 7.293 T€.; 4.48, 40 ;2016;Avacon AG;Jahresabschluss;PwC
Sonstige Rückstellungen;;2016;Avacon AG;Jahresabschluss;PwC
"Die sonstigen Rückstellungen umfassen hauptsächlich Rückstellungen für noch nicht abgerechnete Lieferungen und Leistungen, Rückstellungen für Sanierungsmaßnahmen im Hochspannungsbereich, Rückstellungen
für drohende Rückzahlungsverpflichtungen, Rückstellungen für Rückpachtmodelle sowie Rückstellungen für Verpflichtungen im Personalbereich (u.a. Altersteilzeit-, Vorruhestands- und Jubiläumsverpflichtungen)."; 4.50, 47 ;2016;Avacon AG;Jahresabschluss;PwC
Von der Rückstellung für Altersteilzeit wurde der auf den Erfüllungsrückstand entfallende Teil mit den Festgeldanlagen bei dem Energie-Sicherungstreuhand e. V., Hannover, verrechnet.; 4.50, 47 ;2016;Avacon AG;Jahresabschluss;PwC
"Altersteilzeitverpflichtungen mit einer Bindungsdauer von unter einem Jahr werden zum Nominalwert und mit einem Gehaltstrend von 2,50% p.a. (Vorjahr 2,50% p.a.) bewertet. Für die Vorruhestandsverpflichtungen
ergibt sich bei einer Bindungsdauer von 2,9 Jahren (Vorjahr 3,1 Jahren) ein Rechnungszins von 1,79% p.a. (Vorjahr 2,36% p.a.). Weiterhin wurde ein Gehaltstrend von 2,50% p.a. (Vorjahr 2,50% p.a.)
zugrunde gelegt."; 4.50, 47 ;2016;Avacon AG;Jahresabschluss;PwC
"Für die Jubiläums- und Treueurlaubsverpflichtungen sowie Sterbegeldverpflichtungen ergibt sich ein Rechnungszinssatz mit 3,23% p.a. (Vorjahr 3,89% p.a.). Weiterhin wurde ein Gehaltstrend von 2,50% p.a.
(Vorjahr 2,50% p.a.) zugrunde gelegt."; 4.50, 47 ;2016;Avacon AG;Jahresabschluss;PwC
1 5 . Verbindlichkeiten;;2016;Avacon AG;Jahresabschluss;PwC
"31.12.2016.
T€
bis zu 1 Jahr.
T€
31.12.2015.
T€
bis zu 1 Jahr.
T€
Verbindlichkeiten aus Lieferungen und Leistungen 9.846 9.846 2.635 2.635
Verbindlichkeiten gegenüber verbundenen Unternehmen 41.492 41.492 29.991 29.991
Verbindlichkeiten gegenüber Unternehmen, mit denen ein Beteiligungsverhältnis
besteht
17.393 7.096 16.302 4.885
Sonstige Verbindlichkeiten 20.998 20.436 27.511 26.949
Verbindlichkeiten 89.729 78.870 76.439 64.460"; 4.56, 4.58, 4.59, 4.60 ;2016;Avacon AG;Jahresabschluss;PwC
"Von den Verbindlichkeiten gegenüber Unternehmen, mit denen ein Beteiligungsverhältnis besteht, betreffen 11.674 T€ ein Darlehn von einer Netzkooperationsgesellschaft, welches ähnlich einer Sicherungsübereignung
gegenständlich besichert ist. Davon haben 10.297 T€ eine Restlaufzeit von über einem Jahr und davon 5.812 T€ eine Restlaufzeit von über fünf Jahren. Von den sonstigen Verbindlichkeiten haben 562
T€ eine Restlaufzeit von größer einem Jahr und davon Null eine Restlaufzeit von über fünf Jahren."; 4.59, 4.60, 49 ;2016;Avacon AG;Jahresabschluss;PwC
Von den sonstigen Verbindlichkeiten betreffen:;;2016;Avacon AG;Jahresabschluss;PwC
"31.12.2016.
T€
bis zu 1 Jahr.
T€
31.12.2015.
T€
bis zu 1 Jahr.
T€
Verbindlichkeiten aus Steuern 14.151 14.151 5.688 5.688
Verbindlichkeiten im Rahmen der sozialen Sicherheit 0 0 0 0"; 4.61, 4.62 ;2016;Avacon AG;Jahresabschluss;PwC
Mitzugehörigkeit zu anderen Posten;;2016;Avacon AG;Jahresabschluss;PwC
"Die Verbindlichkeiten gegenüber verbundenen Unternehmen betreffen im Wesentlichen Verbindlichkeiten aus dem Liefer- und Leistungsverkehr und Verbindlichkeiten aus Verlustübernahme (5.313 T€, Vorjahr
3.876 T€). Des Weiteren bestehen Finanzverbindlichkeiten gegenüber der Avacon Beteiligungen GmbH (11.617 T€, Vorjahr 13.222 T€)."; 4.58, 6 ;2016;Avacon AG;Jahresabschluss;PwC
Die Verbindlichkeiten gegenüber Unternehmen, mit denen ein Beteiligungsverhältnis besteht, betreffen im Wesentlichen Verbindlichkeiten aus dem Liefer- und Leistungsverkehr.; 4.59, 6 ;2016;Avacon AG;Jahresabschluss;PwC
1 6 . Rechnungsabgrenzungsposten;;2016;Avacon AG;Jahresabschluss;PwC
Im passiven Rechnungsabgrenzungsposten (5.564 T€, Vorjahr 5.921 T€) sind im Wesentlichen von Kunden vereinnahmte Baukostenzuschüsse aus Netzkooperationsgesellschaften ausgewiesen.; 4.63 ;2016;Avacon AG;Jahresabschluss;PwC
17. Haftungsverhältnisse und sonstige finanzielle Verpflichtungen;;2016;Avacon AG;Jahresabschluss;PwC
"2016.
T€
2015.
T€
Bürgschaften 52.858 52.858
(davon verbundene Unternehmen) (41.400) (41.400)
Sonstige finanzielle Verpflichtungen 485.522 502.764"; 54, 83 ;2016;Avacon AG;Jahresabschluss;PwC
"Avacon haftet gemäß Ausgliederungs- und Übernahmevertrag vom 29. April 2009 zwischen Avacon und Avacon Natur GmbH für die Erfüllung der Versorgungsverpflichtungen als Gesamtschuldner innerhalb
von zehn Jahren ab Bekanntmachung der Eintragung der Ausgliederung in das Handelsregister.";;2016;Avacon AG;Jahresabschluss;PwC
"Für die vorgenannte Ausgliederung und aus der in 2013 erfolgten Abspaltung der Beteiligung an der ehemaligen E.ON Avacon Vertrieb GmbH ergibt sich ein Haftungsverhältnis nach den Vorschriften des
Umwandlungsgesetzes (UmwG).";;2016;Avacon AG;Jahresabschluss;PwC
"Gemäß Abspaltungs- und Übernahmevertrag betreffend das Vertriebsgeschäft vom 27. Juni 2013 besteht gegenüber einem verbundenen Unternehmen eine Verpflichtung zum Ausgleich möglicher Belastungen
aus bestimmten vertrieblichen Risiken. Die Verpflichtung ist auf bis zum 31. Dezember 2017 eintretende Belastungen begrenzt. Ein Wertausgleich erfolgt im Jahr 2018. Zum gegenwärtigen Zeitpunkt ergibt
sich hieraus keine Verpflichtung für Avacon.";;2016;Avacon AG;Jahresabschluss;PwC
"Bezogen auf die Ausgliederung und Übertragung des Teilbetriebs Mitte der E.ON Netz GmbH auf Avacon besteht gemäß § 133 UmwG eine gesamtschuldnerische Haftung von Avacon und Bayernwerk AG für
alle Verbindlichkeiten der ehemaligen E.ON Netz GmbH hinsichtlich des Teilbetriebs Mitte, die vor dem Wirksamwerden der Ausgliederung begründet worden sind.";;2016;Avacon AG;Jahresabschluss;PwC
Avacon hat sich gegenüber VKE zu einem Nachschuss verpflichtet, wenn im Falle einer tatsächlichen Vermögensunterdeckung kurzfristig entsprechende Ausgleichszahlungen zu leisten wären.;;2016;Avacon AG;Jahresabschluss;PwC
"Gemäß § 15 Abs. 2 des Gesetzes für den Ausbau erneuerbarer Energien (EEG 2014) hat der Netzbetreiber, an dessen Netz eine EEG-Anlage angeschlossen ist, den Anlagenbetreiber im Falle einer Einspeisemanagement-
Maßnahme nach § 14 EEG für den Ertragsfall zu entschädigen. Der Netzbetreiber, in dessen Netz die Ursache der Einspeisemanagement-Maßnahme liegt, hat dem Netzbetreiber die Kosten für die
Entschädigung zu erstatten.";;2016;Avacon AG;Jahresabschluss;PwC
"Das Risiko der Inanspruchnahme aus Bürgschaften und Eventualverbindlichkeiten wird jeweils als gering eingeschätzt. Diese Einschätzung beruht vor allem auf der Bonitätsbeurteilung der Primärverpflichteten
sowie auf Erkenntnissen vergangener Geschäftsjahre."; 55 ;2016;Avacon AG;Jahresabschluss;PwC
"Die sonstigen finanziellen Verpflichtungen (485.522 T€) umfassen größtenteils künftige Zahlungsverpflichtungen aus Netzpachtverträgen in Höhe von 355.634 T€. Davon entfallen auf verbundene Unternehmen
24.658 T€ und 330.976 T€ auf Unternehmen, mit denen ein Beteiligungsverhältnis besteht.";;2016;Avacon AG;Jahresabschluss;PwC
Von dem Bestellobligo in Höhe von 70.702 T€ (Vorjahr 88.718 T€) entfallen auf verbundene Unternehmen 4.897 T€ und 543 T€ auf Unternehmen, mit denen ein Beteiligungsverhältnis besteht.;;2016;Avacon AG;Jahresabschluss;PwC
Des Weiteren bestehen künftige Zahlungsverpflichtungen für sonstige Mietverträge in Höhe von 7.493 T€. Avacon hat darüber hinaus Konzessionsverträge abgeschlossen.;;2016;Avacon AG;Jahresabschluss;PwC
D. Erläuterungen zur Gewinn- und Verlustrechnung;;2016;Avacon AG;Jahresabschluss;PwC
18 . Umsatzerlöse;;2016;Avacon AG;Jahresabschluss;PwC
"2016.
T€
2015.
T€
Strom 2.514.090 2.160.927
Gas 209.310 184.358
Sonstige 137.129 160.327
Umsatzerlöse 2.860.529 2.505.612"; 4.66, 58 ;2016;Avacon AG;Jahresabschluss;PwC
"Aufgrund der Erstanwendung des § 277 Abs. 1 HGB in der Fassung des BilRuG und der damit geänderten Umsatzdefinition sind die Umsatzerlöse des Geschäftsjahres nur begrenzt mit dem in der Gewinn- und
Verlustrechnung ausgewiesenen Vorjahresbetrag vergleichbar. Unter Anwendung des § 277 Abs. 1 HGB in Verbindung mit Art. 75 des Einführungsgesetzes zum Handelsgesetzbuch (EGHGB) hätten sich für
das Geschäftsjahr 2015 Umsatzerlöse von 2.521.027 T€ ergeben. Die Umsatzerlöse im Berichtsjahr wurden ausschließlich im Inland erzielt. Die aperiodischen Umsatzerlöse betragen 113.885 T€."; 4.66, 2, 59 ;2016;Avacon AG;Jahresabschluss;PwC
Die Umsatzerlöse betreffen im Einzelnen:;;2016;Avacon AG;Jahresabschluss;PwC
"2016.
T€
2015.
T€
Netznutzung / Sonstige Erlöse Strom 1.146.797 1.020.009
Weiterberechnungen EEG 1.367.293 1.140.918
Netznutzung / Sonstige Erlöse Gas 205.295 181.406
Weiterberechnungen Bioerdgas 4.015 2.952
Sonstiges 137.129 160.327
2.860.529 2.505.612"; 4.66 ;2016;Avacon AG;Jahresabschluss;PwC
Die sonstigen Umsatzerlöse betreffen im Wesentlichen Betriebsführungs-, Dienstleistungs- und Pachtentgelte.; 4.66 ;2016;Avacon AG;Jahresabschluss;PwC
19 . Sonstige betriebliche Erträge;;2016;Avacon AG;Jahresabschluss;PwC
"2016.
T€
2015.
T€
Erträge aus Abgängen des Anlagevermögens 2.604 46.271
Erträge aus der Auflösung von Rückstellungen 2.960 61.486
Übrige sonstige betriebliche Erträge 8.873 40.227
Sonstige betriebliche Erträge 14.437 147.984"; 4.69 ;2016;Avacon AG;Jahresabschluss;PwC
"Erträge aus Mieteinnahmen, der Erbringung von Dienstleistungen und Zählerblockmaßnahmen waren bisher unter den sonstigen betrieblichen Erträgen ausgewiesen und werden aufgrund der Umgliederungen
durch BilRUG erstmals in den Umsatzerlösen gezeigt."; 4.69 ;2016;Avacon AG;Jahresabschluss;PwC
"Die übrigen sonstigen betrieblichen Erträge umfassen im Wesentlichen sonstige Erträge von Dritten (737 T€), Erträge aus der Auflösung von Wertberichtigungen (860 T€), Erträge gemäß der Vereinbarung für
ausstehende Gasfördermenge des Gasspeichers Lehrte (913 T€), Erträge aus erhaltenen Investitionszuschüssen (1.112 T€) und Erträge aus Schadensersatzleistungen (1.586 T€)."; 4.69 ;2016;Avacon AG;Jahresabschluss;PwC
20 . Materialaufwand;;2016;Avacon AG;Jahresabschluss;PwC
"2016.
T€
2015.
T€
Aufwendungen für Roh-, Hilfsund
Betriebsstoffe und für bezogene Waren 1.573.522 1.310.253
Aufwendungen für bezogene Leistungen 651.473 551.816
Materialaufwand 2.224.995 1.862.069"; 4.71, 4.72 ;2016;Avacon AG;Jahresabschluss;PwC
Im Materialaufwand sind aperiodische Aufwendungen in Höhe von 114.806 T€ enthalten.; 4.70 ;2016;Avacon AG;Jahresabschluss;PwC
"Die Konzessionsabgaben wurden im Vorjahr in Höhe von 50.043 T€ in den sonstigen betrieblichen Aufwendungen ausgewiesen. Im Berichtsjahr erfolgt der Ausweis der Konzessionsabgaben in Höhe von 55.431
T€ im Materialaufwand. Dabei wurden die Vorjahresangaben nicht geändert."; 4.70 ;2016;Avacon AG;Jahresabschluss;PwC
"Für Aufwendungen, wie die Weiterberechnung bestimmter Miet- und Dienstleistungsentgelte, die in direktem Zusammenhang mit der neuen Umsatzerlösdefinition gemäß BilRUG stehen, wurden Umgliederungen
aus den sonstigen betrieblichen Aufwendungen in den Materialaufwand vorgenommen."; 4.70 ;2016;Avacon AG;Jahresabschluss;PwC
Die Aufwendungen für Roh-, Hilfs- und Betriebsstoffe und für bezogene Waren betreffen:;;2016;Avacon AG;Jahresabschluss;PwC
"2016.
T€
2015.
T€
Netzbetrieb 1.553.653 1.288.392
Sonstiges 19.869 21.861"; 4.71 ;2016;Avacon AG;Jahresabschluss;PwC
"2016.
T€
2015.
T€
1.573.522 1.310.253"; 4.71 ;2016;Avacon AG;Jahresabschluss;PwC
In den Aufwendungen für Netzbetrieb sind EEG-Aufwendungen in Höhe von 1.410.575 T€ (Vorjahr 1.177.966 T€) enthalten.; 4.71 ;2016;Avacon AG;Jahresabschluss;PwC
Die Aufwendungen für bezogene Leistungen (651.473 T€) umfassen neben den Aufwendungen für die Nutzung der vorgelagerten Netze im Strom- und Gasbereich auch Aufwendungen für Instandhaltung.; 4.72 ;2016;Avacon AG;Jahresabschluss;PwC
2 1 . Personalaufwand;;2016;Avacon AG;Jahresabschluss;PwC
"2016.
T€
2015.
T€
Löhne und Gehälter 144.629 128.943
Soziale Abgaben und Aufwendungen für Altersversorgung und für Unterstützung 44.545 26.967
(davon für Altersversorgung) (22.198) (5.917)
Personalaufwand 189.174 155.910"; 4.74, 4.75 ;2016;Avacon AG;Jahresabschluss;PwC
"Nicht als Personalaufwand erfasst sind Beträge, die sich aus der Aufzinsung einschließlich Zinssatzänderung der langfristigen Personalrückstellungen, insbesondere der Pensionsrückstellungen, ergeben. Sie sind
im Zinsergebnis ausgewiesen."; 4.73 ;2016;Avacon AG;Jahresabschluss;PwC
Durchschnittliche Gesamtbelegschaft 2016;;2016;Avacon AG;Jahresabschluss;PwC
"(Angaben in Personen)
2016 2015
durchschnittliche Gesamtbelegschaft Avacon nach Gruppen
Vollzeit gesamt 1.623 1.579
(davon männlich) -1.351 -1.319
(weiblich) -272 -260
Teilzeit gesamt 102 101
(davon männlich) -17 -14
(weiblich) -85 -87
Auszubildende gesamt 166 176
(davon männlich) -149 -157
(weiblich) -17 -19
Gesamtbelegschaft 1.891 1.856"; 80 ;2016;Avacon AG;Jahresabschluss;PwC
22 . Abschreibungen;;2016;Avacon AG;Jahresabschluss;PwC
"2016.
T€
2015.
T€
Immaterielle Vermögensgegenstände 404 401
Sachanlagevermögen 94.161 91.821
Sonderverlustkonto aus Rückstellungsbildung gemäß § 17 Abs. 4 DMBilG 11 10
Abschreibungen 94.576 92.232"; 4.78 ;2016;Avacon AG;Jahresabschluss;PwC
2 3 . Sonstige betriebliche Aufwendungen;;2016;Avacon AG;Jahresabschluss;PwC
"Die sonstigen betrieblichen Aufwendungen in Höhe von 167.426 T€ (Vorjahr 208.495 T€) enthalten im Wesentlichen Dienst- und Fremdleistungsaufwendungen überwiegend für Abrechnungen und Energiedatenmanagement
(52.298 T€), Miet- und Pachtaufwendungen (37.119 T€), EDV- und Beratungsleistungen (25.900 T€), sowie weitere allgemeine Verwaltungskosten. Darüber hinaus sind in den sonstigen
betrieblichen Aufwendungen sonstige Steuern in Höhe von 929 T€ (Vorjahr 1.337 T€) enthalten."; 4.80 ;2016;Avacon AG;Jahresabschluss;PwC
Es bestehen aperiodische Aufwendungen in Höhe von 6.746 T€.; 4.80, 65 ;2016;Avacon AG;Jahresabschluss;PwC
2 4 . Finanzergebnis;;2016;Avacon AG;Jahresabschluss;PwC
"2016.
T€
2015.
T€
Erträge aus Gewinnabführungsverträgen 13.982 17.934
Erträge aus Beteiligungen 37.347 39.100
(davon aus verbundenen Unternehmen) (25.769) (28.143)
Abschreibungen auf Finanzanlagen 594 15.754
Zinsergebnis 12.773 -90.445
(davon verbundene Unternehmen) (216) (283)
Aufwendungen aus Verlustübernahme 5.313 8.876
Finanzergebnis 58.195 -58.041"; 4.81, 4.82, 4.87 ;2016;Avacon AG;Jahresabschluss;PwC
Das im Finanzergebnis enthaltene Zinsergebnis setzt sich wie folgt zusammen:;;2016;Avacon AG;Jahresabschluss;PwC
"2016.
T€
2015.
T€
Erträge aus anderen Wertpapieren und Ausleihungen
des Finanzanlagevermögens 63 598
- davon aus verbundenen Unternehmen 0 -240
Sonstige Zinsen und ähnliche Erträge 28.843 7.353
- davon aus verbundenen Unternehmen (- 73) -100"; 4.83, 4.84, 4.85, 4.86, 66 ;2016;Avacon AG;Jahresabschluss;PwC
"2016.
T€
2015.
T€
- davon Zinseffekte aus der Berechnung -28.640 -2.375
von Rückstellungen
Zinsen und ähnliche Aufwendungen
(ohne Aufzinsung von Rückstellungen) 4.474 11.205
- davon an verbundene Unternehmen -143 -57
Aufwendungen aus der Aufzinsung von Rückstellungen 11.659 87.191
Gesamt 12.773 -90.445"; 4.88, 4.89, 66 ;2016;Avacon AG;Jahresabschluss;PwC
In den sonstigen Zinsen und ähnlichen Erträgen sind negative Zinsen in Höhe von 136 T€ enthalten.; 4.85 ;2016;Avacon AG;Jahresabschluss;PwC
Verrechnung Aufwand aus Aufzinsung/Vermögenserträge;;2016;Avacon AG;Jahresabschluss;PwC
"2016.
T€
2015.
T€
Aufwand aus der Aufzinsung der Pensions- und lang- fristigen Personalrückstellungen (brutto) 14.138 86.162
Erträge aus Deckungsvermögen
- Spezialfonds 40.837 8.694
- Rückdeckungsansprüche 1.742 1.853
- Festgeldanlagen 11 70
Aufwand aus der Aufzinsung der Pensions- und -28.452 75.545
langfristigen Personalrückstellungen (netto)"; 4.85, 4.88 ;2016;Avacon AG;Jahresabschluss;PwC
"Der Nettoaufwand aus der Verrechnung der Aufzinsung (einschließlich Zinssatzänderung) von Pensions- und Altersteilzeitrückstellungen mit den Erträgen aus dem entsprechenden Deckungsvermögen ist mit
- 28.452 T€ in den Zinserträgen enthalten."; 4.85, 4.88 ;2016;Avacon AG;Jahresabschluss;PwC
Im Vorjahr ergab sich ein Nettoaufwand, der in den Aufwendungen aus der Aufzinsung von Rückstellungen ausgewiesen wurde.; 4.88 ;2016;Avacon AG;Jahresabschluss;PwC
25. Steuern vom Einkommen und vom Ertrag; 69 ;2016;Avacon AG;Jahresabschluss;PwC
"Die Steuern vom Einkommen und vom Ertrag betragen 73.510 T€. Hiervon betreffen 3.176 T€ die Vorjahre. Als Ertragsteueraufwendungen werden Körperschaftsteuer, Solidaritätszuschlag und Gewerbesteuer
ausgewiesen."; 4.90 ;2016;Avacon AG;Jahresabschluss;PwC
"Latente Steuern sind im Steueraufwand nicht enthalten. Insgesamt erwartet Avacon zum 31. Dezember 2016 aus zeitlichen Bilanzierungsunterschieden - sowohl eigenen als auch solchen bei Gesellschaften
des steuerlichen Organkreises und Personengesellschaften - eine künftige Steuerentlastung. Die Ermittlung dieser Entlastung erfolgte auf Grundlage eines kombinierten Ertragsteuersatzes von 29,44% (Körperschaftsteuer,
Solidaritätszuschlag und Gewerbesteuer) bzw. 15,8% (Beteiligung an Personengesellschaften; Steuersatz berücksichtigt nur Körperschaftsteuer und Solidaritätszuschlag) bezogen auf die zeitlichen
Bilanzierungsunterschiede zwischen Handels- und Steuerbilanz."; 4.90 ;2016;Avacon AG;Jahresabschluss;PwC
Der Aktivüberhang latenter Steuern resultiert im Wesentlichen aus den Rückstellungen für Pensionsverpflichtungen und aus für steuerliche Zwecke nicht zu bildenden sonstigen Rückstellungen.; 4. 35, 4.90 ;2016;Avacon AG;Jahresabschluss;PwC
"Insgesamt treten die verhältnismäßig geringfügigen passiven latenten Steuern, die aus dem Sachanlagevermögen und Personengesellschaftsbeteiligungen resultieren, hinter den aktiven Steuerlatenzen zurück. In
Ausübung des Wahlrechts nach § 274 Abs. 1 S. 2 HGB wurden für den Überhang aktiver Steuerlatenzen keine aktiven latenten Steuern bilanziert."; 4.64 ;2016;Avacon AG;Jahresabschluss;PwC
E. Sonstige Angaben;;2016;Avacon AG;Jahresabschluss;PwC
"Die Gesamtbezüge des Vorstandes belaufen sich auf 2.131 T€ (Vorjahr 1.866 T€). Hiervon entfallen 1.247 T€ (Vorjahr 1.780 T€) auf Grundvergütungen und Tantiemen. In den Bezügen enthalten sind 884 T€
aktienbasierte Vergütungen (beizulegender Zeitwert im Zeitpunkt ihrer Gewährung). Diese umfassen auch 11.627 Stück im Jahr 2016 eingeräumte virtuelle Aktien aus dem Share Matching Plan der E.ON SE."; 103, 106 ;2016;Avacon AG;Jahresabschluss;PwC
"Die Gesamtbezüge der früheren Mitglieder des Vorstandes und ihrer Hinterbliebenen betragen 1.531 T€. Für Pensionsverpflichtungen gegenüber früheren Mitgliedern des Vorstandes und ihren Hinterbliebenen
sind insgesamt 19.697 T€ zurückgestellt."; 111 ;2016;Avacon AG;Jahresabschluss;PwC
Die Gesamtbezüge der Mitglieder des Aufsichtsrates betragen 241 T€ (Vorjahr 241 T€).; 103 ;2016;Avacon AG;Jahresabschluss;PwC
Auf die Angaben zum Honorar des Abschlussprüfers konnte verzichtet werden, da diese Angaben im Konzernanhang der E.ON SE enthalten sind.;;2016;Avacon AG;Jahresabschluss;PwC
Die Mitglieder des Aufsichtsrates und des Vorstandes sind in der Anlage zum Anhang genannt.;;2016;Avacon AG;Jahresabschluss;PwC
Angaben gemäß § 6b Abs. 2 EnWG;;2016;Avacon AG;Jahresabschluss;PwC
"Es bestanden folgende Geschäfte größeren Umfangs mit verbundenen Unternehmen oder Unternehmen, mit denen ein Beteiligungsverhältnis besteht, gemäß § 6b Abs. 2 EnWG, die nicht lediglich von untergeordneter
Bedeutung sind:"; 101 ;2016;Avacon AG;Jahresabschluss;PwC
"–Dienstleistungen und sonstige Leistungen für die Avacon Hochdrucknetz GmbH (Erträge von 47.755 T€). Mit der Avacon Hochdrucknetz GmbH bestehen ein Pachtvertrag und ein Dienstleistungsvertrag
für das Gashochdrucknetz.
–Dienstleistungen von der bzw. für die Avacon Natur GmbH (Aufwendungen von 866 T€ und Erträge von 3.276 T€).
–Dienstleistungen von der bzw. für die Bayernwerk AG (Aufwendungen von 5.759 T€ und Erträge von 9.414 T€).
–Dienstleistungen von der bzw. für die e.kundenservice Netz GmbH (Aufwendungen von 46.365 T€ und Erträge von 3.817 T€).
–Dienstleistungen von der E.ON Beteiligungen GmbH (Aufwendungen von 2.898 T€)
–Dienstleistungen von der bzw. für die E.ON Business Services GmbH
–(Aufwendungen von 21.735 T€ und Erträge von 205 T€).
–Dienstleistungen von der bzw. für die E.ON Energie Deutschland GmbH (Aufwendungen von 393 T€ und Erträge von 3.399 T€).
–Dienstleistungen für die E.ON Energie Kundenservice GmbH (Erträge von 1.044 T€).
–Dienstleistungen von der bzw. für die Purena GmbH (Aufwendungen von 292 T€ und Erträge von 7.223 T€).
–Dienstleistungen und sonstige Leistungen von der bzw. für die WEVG Salzgitter GmbH & Co. KG (Aufwendungen von 20.165 T€ und Erträge von 4.330 T€). Mit der WEVG Salzgitter GmbH & Co.
KG bestehen Pachtverträge für Strom- und Gasnetze.
–Forderungsverkauf an die Portfolio EDL GmbH mit einer Gebühr von 79 T€.
–Geldanlage/Geldaufnahme zu marktüblichen Konditionen mit der E.ON SE
–Die Geldanlage an 226 Tagen in Höhe von durchschnittlich 64.265 T€ ergab einen Zinsaufwand von 136 T€. Die Geldaufnahme an 140 Tagen von durchschnittlich 56.100 T€ ergab einen Zinsaufwand
von 107 T€."; 101 ;2016;Avacon AG;Jahresabschluss;PwC
Mit sechzehn Unternehmen, mit denen ein Beteiligungsverhältnis besteht, bestehen Pachtverträge für Strom- bzw. Gasnetze mit Pachtaufwendungen in Höhe von 28.967 T€ im Jahr 2016.; 101 ;2016;Avacon AG;Jahresabschluss;PwC
"Vertrag über Verlustdeckungszusage zwischen Avacon und der e.kundenservice Netz GmbH (EKN) vom 5./14. Dezember 2012: Verpflichtung von Avacon zur anteiligen Übernahme der in den Jahren 2012 bis
längstens einschließlich 2016 bei EKN gegebenenfalls entstehenden Jahresfehlbeträge im Verhältnis ihrer jeweiligen Beteiligung. Für das Geschäftsjahr 2016 ergab sich kein Aufwand aus Verlustübernahmen."; 101 ;2016;Avacon AG;Jahresabschluss;PwC
Vorschlag zur Verwendung des Bilanzgewinns;;2016;Avacon AG;Jahresabschluss;PwC
"Der Vorschlag an die Hauptversammlung sieht vor, aus dem Bilanzgewinn von 192.630 T€ auf Basis des dividendenberechtigten Kapitals zum 31. Dezember 2016 einen Betrag von 110.705 T€ (0,77 € je
dividendenberechtigte Aktie) auszuschütten und eine Sonderausschüttung in Höhe von 80.513 T€ (0,56 € je dividendenberechtigte Aktie) vorzunehmen. Der verbleibende Betrag in Höhe von 1.412 T€ ist auf
neue Rechnung vorzutragen."; 84 ;2016;Avacon AG;Jahresabschluss;PwC
Nachtragsbericht;;2016;Avacon AG;Jahresabschluss;PwC
Vorgänge von besonderer Bedeutung nach dem Schluss des Geschäftsjahres 2016 liegen nicht vor.; 85 ;2016;Avacon AG;Jahresabschluss;PwC
Helmstedt, den 31. Januar 2017;;2016;Avacon AG;Jahresabschluss;PwC
"Avacon AG
Söhlke
Aigner
Dr. Tenge";;2016;Avacon AG;Jahresabschluss;PwC
Anlagen zum Anhang;;2016;Avacon AG;Jahresabschluss;PwC
Aufsichtsrat;;2016;Avacon AG;Jahresabschluss;PwC
"Dr. Thomas König
Aufsichtsratsvorsitzender
Mitglied der Geschäftsführung der
E.ON Deutschland
E.ON SE
Jan Rücker
stv. Aufsichtsratsvorsitzender (seit 17. November 2016)
Vorsitzender des Gesamtbetriebsrats /
Vorsitzender des Betriebsrats Hannover Süd
Avacon AG
Jens Wilker
stv. Aufsichtsratsvorsitzender (bis 17. November 2016)
Sachbearbeiter Betrieb Verteilnetze I
Avacon AG
Ulrich Mädge
stv. Aufsichtsratsvorsitzender
Oberbürgermeister der
Hansestadt Lüneburg
Wilfried Albrecht
stv. Vorsitzender des Betriebsrats der
LSW Netz GmbH & Co. KG
Cord Bockhop
Landrat des
Landkreises Diepholz
Bernd Dubberstein
(bis 31. Dezember 2016)
ehemaliger Vorsitzender des Vorstands der
E.DIS AG
Armin Duttine
Gewerkschaftssekretär der
ver.di - Vereinte Dienstleistungsgewerkschaft
Bundesverwaltung
Cesareo Fernandez Fernandez
stv. Vorsitzender des Betriebsrats Salzgitter
Avacon AG
Anke Groth
(seit 1. Januar 2016)
Chief Financial Officer
E.ON UK plc
Kathrin Kemper
Gewerkschaftssekretärin der
ver.di - Vereinte Dienstleistungsgewerkschaft
Bezirk Region Süd-Ost-Niedersachsen
Dr. Bernd Kregel
Geschäftsführer der
KBA Kommunale Beteiligungsgesellschaft mbH
an der AVACON AG
Joachim Lücke
stv. Vorsitzender des Betriebsrats Nord-West
Avacon AG
Dr. Ingo Luge
Vorsitzender der Geschäftsführung der
E.ON Deutschland
E.ON SE
Dirk-Ulrich Mende
Oberbürgermeister der
Stadt Celle
Dr. Alexander Montebaur
(seit 1. Januar 2017)
Vorsitzender des Vorstands der
E.DIS AG
Udo Philipps
ehemaliger Leiter des Geschäftsbereichs
Controlling und Rechnungswesen der
E.ON Energie AG
Franka Simon -Host
Bereichsleiterin Kommunalmanagement
Avacon AG
Christiana Steinbrügge
Landrätin des
Landkreises Wolfenbüttel
Melina Wulf
Gewerkschaftssekretärin der
ver.di - Vereinte Dienstleistungsgewerkschaft
Bezirk Region Süd-Ost-Niedersachsen
Cornelia Wysocki
stv. Vorsitzende des Gesamtbetriebsrats /
Vorsitzende des Betriebsrats Helmstedt
Avacon AG
V orstand
–Michael Söhlke
Vorstandsvorsitzender und
Finanzvorstand
–Frank Aigner
Personalvorstand und
Arbeitsdirektor
–Dr. Stephan Tenge
Technikvorstand";;2016;Avacon AG;Jahresabschluss;PwC
"Entwicklung des Anlagevermögens 2016
Anschaffungs-/Herstellungskosten
01.01.2016.
T€
Zugänge.
T€
Abgänge.
T€
Umbuchungen.
T€
31.12.2016.
T€
Immaterielle Vermögensgegenstände
Entgeltlich erworbene Konzes-
sionen und ähnliche
Rechte
19.286 96 3.097 0 16.285
Sachanlagen
Grundstücke, grundstücksgleiche
Rechte und Bauten
einschließlich der Bauten auf
fremden Grundstücken
304.631 4.230 11.078 2.132 299.915
Technische Anlagen und Maschinen"; 15 ;2016;Avacon AG;Jahresabschluss;PwC
"Zugänge.
T€
Abgänge.
T€
Umbuchungen.
T€
31.12.2016.
T€
Stromverteilungsanlagen 3.658.672 61.310 6.604 39.313 3.752.691
Gasversorgungsanlagen 1.338.522 16.603 3.664 5.416 1.356.877
Wasserversorgungsanlagen 3.275 30 96 37 3.246
Fernwärmeverteilungsanlagen 299 0 0 -13 286
sonstige technische Anlagen 0 1.227 0 804 2.031
Betriebs- und Geschäftsausstattung
83.711 4.619 24.992 -28 63.310
Geleistete Anzahlungen und
Anlagen im Bau
92.516 75.777 0 -47.661 120.632
5.481.626 163.796 46.434 0 5.598.988
Finanzanlagen
Anteile an verbundenen Unternehmen
397.225 78 7.725 0 389.578
Ausleihungen an verbundene
Unternehmen
1.438 0 35 0 1.403
Beteiligungen 98.081 837 0 0 98.918
Ausleihungen an Unternehmen,
mit denen ein Beteiligungsverhältnis
besteht
525 0 100 0 425
Wertpapiere des Anlagevermögens
29.996 0 0 0 29.996
Sonstige Ausleihungen 11 0 3 0 8
527.276 915 7.863 0 520.328
6.028.188 164.807 57.394 0 6.135.601
kumulierte Abschreibungen
01.01.2016.
T€
Abschreibungen des Geschäftsjahres
.
T€
Abgänge.
T€
Umbuchungen.
T€
31.12.2016.
T€"; 15, 16 ;2016;Avacon AG;Jahresabschluss;PwC
"kumulierte Abschreibungen
01.01.2016.
T€
Abschreibungen des Geschäftsjahres
.
T€
Abgänge.
T€
Umbuchungen.
T€
31.12.2016.
T€
Entgeltlich erworbene Konzes-
sionen und ähnliche
Rechte
15.507 404 3.084 0 12.827
Sachanlagen
Grundstücke, grundstücksgleiche
Rechte und Bauten
einschließlich der Bauten auf
fremden Grundstücken
200.122 5.166 9.893 9 195.404
Technische Anlagen und Maschinen
Stromverteilungsanlagen 2.833.686 62.522 5.797 59 2.890.470
Gasversorgungsanlagen 1.118.646 22.624 2.573 1.138.697
Wasserversorgungsanlagen 2.725 59 96 2.688
Fernwärmeverteilungsanlagen 260 10 0 -13 257
sonstige technische Anlagen 0 66 0 0 66
Betriebs- und Geschäftsausstattung
67.462 3.714 24.883 -55 46.238
Geleistete Anzahlungen und
Anlagen im Bau
0 0 0 0
4.222.901 94.161 43.242 0 4.273.820
Finanzanlagen
Anteile an verbundenen Unternehmen
7.657 68 7.725 0 0
Ausleihungen an verbundene
Unternehmen
0 0 0 0 0
Beteiligungen 23.020 0 0 0 23.020
Ausleihungen an Unternehmen,
mit denen ein Beteiligungsverhältnis
besteht
0 0 0 0 0"; 15, 16 ;2016;Avacon AG;Jahresabschluss;PwC
"kumulierte Abschreibungen
01.01.2016.
T€
Abschreibungen des Geschäftsjahres
.
T€
Abgänge.
T€
Umbuchungen.
T€
31.12.2016.
T€
Wertpapiere des Anlagevermögens
10.321 525 0 0 10.846
Sonstige Ausleihungen 1 0 0 0 1
40.999 593 7.725 0 33.867
4.279.407 95.158 54.051 0 4.320.514"; 15, 16 ;2016;Avacon AG;Jahresabschluss;PwC
"Restbuchwerte
31.12.2016.
T€
31.12.2015.
T€
Immaterielle Vermögensgegenstände
Entgeltlich erworbene Konzes- sionen und ähnliche Rechte 3.458 3.779
Sachanlagen
Grundstücke, grundstücksgleiche Rechte und Bauten einschließlich
der Bauten auf fremden Grundstücken
104.511 104.509
Technische Anlagen und Maschinen
Stromverteilungsanlagen 862.221 824.986
Gasversorgungsanlagen 218.180 219.876
Wasserversorgungsanlagen 558 550
Fernwärmeverteilungsanlagen 29 39
sonstige technische Anlagen 1.965 0
Betriebs- und Geschäftsausstattung 17.072 16.249
Geleistete Anzahlungen und Anlagen im Bau 120.632 92.516
1.325.168 1.258.725
Finanzanlagen
Anteile an verbundenen Unternehmen 389.578 389.568
Ausleihungen an verbundene Unternehmen 1.403 1.438
Beteiligungen 75.898 75.061
Ausleihungen an Unternehmen, mit denen ein Beteiligungsverhältnis
besteht
425 525"; 15 ;2016;Avacon AG;Jahresabschluss;PwC
"Restbuchwerte
31.12.2016.
T€
31.12.2015.
T€
Wertpapiere des Anlagevermögens 19.150 19.675
Sonstige Ausleihungen 7 10
486.461 486.277
1.815.087 1.748.781"; 15 ;2016;Avacon AG;Jahresabschluss;PwC
Aufstellung Anteilsbesitz;;2016;Avacon AG;Jahresabschluss;PwC
"Kommanditkapital per
31.12.2016.
[T€] Anteil per 31.12.2016 [%]
Eigenkapital per
31.12.2015.
[T€]
Jahresergebnis per
31.12.2015.
[T€]
Allianz für die Region GmbH,
Braunschweig
25 7,80% 987 17
Avacon Beteiligungen GmbH,
Helmstedt
1) 25 100,00% 61.012 11.612
Städtische Werke Magdeburg
GmbH & Co. KG, Magdeburg
3) 50.000 26,67% 205.231 51.392
Städtische Werke Magdeburg Verwaltungs-
GmbH, Magdeburg
3) 30 26,67% 41 3
Avacon Hochdrucknetz GmbH,
Helmstedt
1) 25 100,00% 14.525 -5.313
Avacon Natur GmbH, Sarstedt 1) 2.000 100,00% 17.760 2.370
Biogas Steyerberg GmbH, Steyerberg
4) 1.500 100,00% 487 -247
Bürgerwindpark Bardowick Betreibergesellschaft
mbH & Co. KG,
Bardowick
4), 2) 10 15,00% k.A . k.A .
Bürgerwindpark Häcklingen-Melbeck
Betriebsgesellschaft mbH &
Co. KG, Melbeck
4) 10 10,00% 248 -1
Energiewerke Osterburg GmbH,
Osterburg
4) 25 49,00% 102 9";;2016;Avacon AG;Jahresabschluss;PwC
"Grund-/Stamm- oder
Kommanditkapital per
31.12.2016.
[T€] Anteil per 31.12.2016 [%]
Eigenkapital per
31.12.2015.
[T€]
Jahresergebnis per
31.12.2015.
[T€]
Windenergie Leinetal GmbH & Co.
KG, Freden
4) 1.900 26,17% 1.456 -192
Windenergie Leinetal 2 GmbH &
Co. KG, Freden
4) 1.000 10,00% 16 -9
Windenergie Leinetal Verwaltungs
GmbH, Freden
4) 50 24,90% 55 2
Windenergie Leinetal 2 Verwaltungs
GmbH, Freden
4) 25 100,00% 25 0
Windenergie Osterburg GmbH &
Co. KG, Osterburg
4) 10 100,00% 7 -1
Windenergie Osterburg Verwaltungs
GmbH, Osterburg
4) 25 100,00% 22 -1
Zukunftsgenossen e.G., Lüneburg 4) 136 14,71% 113 9
Avacon Netz GmbH, Helmstedt
(ehemals Gasspeicher Lehrte
GmbH, Helmstedt)
25 100,00% 23 -1
Celle-Uelzen Netz GmbH, Celle 1)* 24.968 2,56% 70.506 19.132
Cremlinger Energie GmbH, Cremlingen
25 49,00% 4.677 159
e.kundenservice Netz GmbH, Hamburg
1)* 4.472 16,58% 23.558 12.385
Energie-Agentur Weyhe GmbH,
Weyhe
26 50,00% 79 -20
Energieversorgung Sehnde GmbH,
Sehnde
36 30,00% 9.313 720
Energieversorgung Vechelde GmbH
& Co. KG, Vechelde
100 49,00% 7.755 519
Energiewerke Isernhagen GmbH,
Isernhagen
2.200 49,00% 4.891 2.657
GasLINE Telekommunikationsnetz-
Geschäftsführungsgesellschaft
30 5,00% 64 1";;2016;Avacon AG;Jahresabschluss;PwC
"Grund-/Stamm- oder
Kommanditkapital per
31.12.2016.
[T€] Anteil per 31.12.2016 [%]
Eigenkapital per
31.12.2015.
[T€]
Jahresergebnis per
31.12.2015.
[T€]
deutscher Gasversorgungsunternehmen
mbH, Straelen
GasLINE Telekommunikationsnetzgesellschaft
deutscher Gasversorgungsunternehmen
mbH & Co.
Kommanditgesellschaft, Straelen
41.000 5,00% 0 44.282
Gasnetzgesellschaft Laatzen-Süd
mbH, Laatzen
25 49,00% 1.961 280
Gemeindewerke Uetze GmbH, Uetze
49 48,98% 1.179 654
Gemeindewerke Wedemark GmbH,
Wedemark
25 49,00% 12.628 503
Infrastrukturgesellschaft Stadt Nienburg/
Weser mbH, Nienburg/Weser
25 49,90% 25 -3
Klimaschutzagentur Region Hannover
GmbH, Hannover
31 9,82% 79 -32
Klimaschutzagentur Weserbergland
gemeinnützige Gesellschaft mbH,
Hameln
76 6,58% 133 12
LandE GmbH, Wolfsburg-Fallersleben
20.130 69,57% 174.075 22.853
Abwasserentsorgung Schladen
GmbH, Schladen
5) 26 49,00% 27 1
Gasversorgung im Landkreis Gifhorn
GmbH, Gifhorn
5) 2.301 95,00% 16.460 3.577
LSW Energie Verwaltungs-GmbH,
Wolfsburg
5) 25 57,00% 26 1
LSW Holding GmbH & Co. KG,
Wolfsburg
5) 25 57,00% 41.664 10.821
LSW Holding Verwaltungs-GmbH,
Wolfsburg
5) 25 57,00% 26 1";;2016;Avacon AG;Jahresabschluss;PwC
"Grund-/Stamm- oder
Kommanditkapital per
31.12.2016.
[T€] Anteil per 31.12.2016 [%]
Eigenkapital per
31.12.2015.
[T€]
Jahresergebnis per
31.12.2015.
[T€]
LSW Netz Verwaltungs-GmbH,
Wolfsburg
5) 25 57,00% 26 1
Oebisfelder Wasser und Abwasser
GmbH, Oebisfelde
5) 1.050 49,00% 1.103 53
Wasserkraftnutzung im Landkreis
Gifhorn GmbH, Müden
5) 26 50,00% 358 61
Wasserwerk Gifhorn Beteiligungs-
GmbG , Gifhorn
5) 25 49,80% 26 1
Wasserwerk Gifhorn GmbH & Co.
KG, Gifhorn
5) 2.900 49,80% 4.038 663
Luna Lüneburg GmbH, Lüneburg 25 49,00% 25 0
Lüneburger Wohnungsbau GmbH,
Lüneburg
12.000 3,05% 23.780 2.331
Netzgesellschaft Bad Münder
GmbH & Co. KG, Bad Münder
300 49,00% 6.781 679
Netzgesellschaft Barsinghausen
GmbH & Co. KG , Barsinghausen
25 49,00% 6.044 619
Netzgesellschaft Gehrden mbH,
Gehrden
25 49,00% 4.371 170
Netzgesellschaft Hemmingen mbH,
Hemmingen
25 49,00% 5.220 344
Netzgesellschaft Hildesheimer Land
GmbH & Co. KG, Giesen
100 49,00% 17.615 1.654
Netzgesellschaft Hildesheimer Land
Verwaltung GmbH, Giesen
25 49,00% 28 1
Netzgesellschaft Ronnenberg
GmbH & Co. KG, Ronnenberg
100 49,00% 4.189 373
Netzgesellschaft Stuhr/Weyhe mbH
i. L., Weyhe
25 100,00% 28 -47
Netzgesellschaft Syke GmbH, Syke 25 49,00% 7.998 398";;2016;Avacon AG;Jahresabschluss;PwC
"Kommanditkapital per
31.12.2016.
[T€] Anteil per 31.12.2016 [%]
Eigenkapital per
31.12.2015.
[T€]
Jahresergebnis per
31.12.2015.
[T€]
Purena GmbH, Wolfenbüttel 22.977 94,06% 42.246 2.853
Abwasserentsorgung Bleckede
GmbH, Bleckede
6) 26 49,00% -1.038 -51
Abwasserentsorgung Schöppenstedt
GmbH, Schöppenstedt
6) 26 49,00% -5.434 5
Abwassergesellschaft Bardowick
mbH & Co. KG, Bardowick
6) 25 49,00% -2.261 -337
Abwassergesellschaft Bardowick
Verwaltungs-GmbH, Bardowick
6) 25 49,00% 18 1
Abwassergesellschaft Gehrden
mbH, Gehrden
6) 25 49,00% 25 0
Abwassergesellschaft Ilmenau
mbH, Melbeck
6) 25 49,00% -1.187 -181
Elmregia GmbH, Schöningen 6) 25 49,00% -2.428 -407
Harzwasserwerke GmbH, Hildesheim
6) 38.500 20,80% 88.734 5.446
Landwehr Wassertechnik GmbH,
Schöppenstedt
6) 1.023 100,00% 1.030 205
Purena Consult GmbH, Wolfenbüttel
6) 25 100,00% 42 17
Wasser- und Abwassergesellschaft
Vienenburg mbH, Vienenburg
6) 25 49,00% -1.170 -150
Wasserversorgung Sarstedt GmbH,
Sarstedt
6) 260 49,00% 1.053 264
regiolicht GmbH, Helmstedt 25 89,80% 7 -8
Stadtnetze Neustadt a. Rbge. GmbH
& Co. KG, Neustadt a. Rbge.
4.100 24,90% 11.138 2.005
Stadtnetze Neustadt a. Rbge. Verwaltungs-
GmbH, Neustadt a. Rbge.
50 24,90% 52 2";;2016;Avacon AG;Jahresabschluss;PwC
"Name der Gesellschaft
Grund-/Stamm- oder
Kommanditkapital per
31.12.2016.
[T€] Anteil per 31.12.2016 [%]
Eigenkapital per
31.12.2015.
[T€]
Jahresergebnis per
31.12.2015.
[T€]
Stadtversorgung Pattensen GmbH &
Co. KG, Pattensen
100 49,00% 5.128 387
Stadtversorgung Pattensen Verwaltung
GmbH, Pattensen
25 49,00% 26 1
Stadtwerke Blankenburg GmbH,
Blankenburg (Harz)
1.540 30,00% 11.051 1.198
Stadtwerke Burgdorf GmbH, Burgdorf
1)* 3.000 49,00% 4.174 1.881
Stadtwerke Garbsen GmbH, Garbsen
17.800 24,90% 28.015 2.561
Stadtwerke Wolfenbüttel GmbH,
Wolfenbüttel
1)* 8.200 26,00% 12.673 8.152
Stadtwerke Wolmirstedt GmbH,
Wolmirstedt
2.500 49,40% 8.202 988
Stadtwerke Wunstorf GmbH & Co.
KG, Wunstorf
2.000 15,00% 6.976 1.873
Stadtwerke Wunstorf Verwaltungs-
GmbH, Wunstorf
50 15,00% 62 1
Stromnetze Peiner Land GmbH, Ilsede
2) 25 49,00% k.A. k.A.
Stromnetzgesellschaft Bad Salzdetfurth-
Diekholzen mbH & Co.
KG, Bad Salzdetfurth
25 49,00% 6.349 438
Stromnetzgesellschaft Barsinghausen
GmbH & Co. KG, Barsinghausen
100 49,00% 7.255 137
Stromnetzgesellschaft Wunstorf
GmbH & Co. KG, Wunstorf
2) 25 49,00% k.A. k.A.
SVO Holding GmbH, Celle 100 50,10% 38.322 15.215
Celle-Uelzen Netz GmbH, Celle 7) 24.968 94,90% 70.506 19.132";;2016;Avacon AG;Jahresabschluss;PwC
"Name der Gesellschaft
Grund-/Stamm- oder
Kommanditkapital per
31.12.2016.
[T€] Anteil per 31.12.2016 [%]
Eigenkapital per
31.12.2015.
[T€]
Jahresergebnis per
31.12.2015.
[T€]
SVO Vertrieb GmbH, Celle 7) 26 100,00% 1.277 14.810
Überlandwerk Leinetal GmbH, Gronau
2.560 48,00% 12.662 2.370
WEVG Salzgitter GmbH & Co.
KG, Salzgitter
18.189 50,22% 23.569 8.380
WEVG Verwaltungs GmbH, Salzgitter
25 50,22% 39 0";;2016;Avacon AG;Jahresabschluss;PwC
"k.A. - keine Angaben
1) Ergebnisabführungsvertrag (Eigenkapital, Jahresergebnis 2016) 4) Tochtergesellschaft der Avacon Natur GmbH
1)* Ergebnisabführungsvertrag mit Dritten 5) Tochtergesellschaft der LandE GmbH
2) Gründung in 2016 6) Tochtergesellschaft der Purena GmbH
3) Tochtergesellschaft der Avacon Beteiligungen GmbH 7) Tochtergesellschaft der SVO Holding GmbH";;2016;Avacon AG;Jahresabschluss;PwC
