Anhang für das Geschäftsjahr 2013; Annotierung (Angabe Nummer in Anahngscheckliste) ;Geschäftsjahr;Gesellschaft;Abschlussart;Prüfer
I. Angaben zum Jahresabschluss;;2013;GmbH;Konzernabschluss;Dornbach GmbH
A. Allgemeines;;2013;GmbH;Konzernabschluss;Dornbach GmbH
"Der Konzernabschluss zum 31. Dezember 2013 wurde auf der Grundlage der Rechnungslegungsvorschriften des Dritten Buches des Handelsgesetzbuches erstellt. Die Gliederung des Konzernabschlusses erfolgt
nach den Vorschriften §§ 266 ff. HGB."; 9.0 ;2013;GmbH;Konzernabschluss;Dornbach GmbH
Soweit für Pflichtangaben Wahlrechte bestehen, diese in der Bilanz, der Gewinn- und Verlustrechnung oder im Anhang darzustellen, sind diese aus Gründen der Übersichtlichkeit im Anhang dargestellt.;;2013;GmbH;Konzernabschluss;Dornbach GmbH
Die Gewinn- und Verlustrechnung wird nach dem Gesamtkostenverfahren gegliedert.; 9.0 ;2013;GmbH;Konzernabschluss;Dornbach GmbH
Die Ausweisstetigkeit wurde gewahrt, ein grundlegender Bewertungswechsel gegenüber dem Vorjahr fand nicht statt.;;2013;GmbH;Konzernabschluss;Dornbach GmbH
"In den Konzernabschluss der Wirtgen Group GmbH & Co. KG, Windhagen, zum 31. Dezember 2013 werden neben der Wirtgen Group GmbH & Co. KG als Mutterunternehmen alle wesentlichen inländischen
und ausländischen Tochtergesellschaften gemäß § 290 Abs. 2 HGB einbezogen, bei denen dem Mutterunternehmen unmittelbar oder mittelbar mehr als 50 % der Anteile oder Stimmrechte gehören"; 66, 67 ;2013;GmbH;Konzernabschluss;Dornbach GmbH
"Konsolidierungskreis 2013 2012
Vollkonsolidierte Tochterunternehmen (inkl. Konzernmutter) 67 66
Quotenkonsolidierte Tochterunternehmen 0 0
Sonstige Unternehmen zum Beteiligungsbuchwert 6 7
Gesamt 73 73"; 85 ;2013;GmbH;Konzernabschluss;Dornbach GmbH
"Die in den Konzernabschluss einbezogenen Tochterunternehmen sind in der Beteiligungsliste zusammengestellt. Folgende Gesellschaften nehmen die Befreiungsvorschriften des § 264 Abs. 3 HGB in Anspruch:
Wirtgen GmbH, Hamm AG, Joseph Vögele Aktiengesellschaft, Wirtgen Augsburg Vertriebs- und Service GmbH, Wirtgen International GmbH, Wirtgen Windhagen Vertriebs- und Service GmbH, Wirtgen Hamburg
Vertriebs- und Service GmbH und Wirtgen Zwickau Vertriebs- und Service GmbH, Kleemann Immobilien GmbH & Co. KG, Göppingen, und Wirtgen Road Technologies GmbH."; 100, 101 ;2013;GmbH;Konzernabschluss;Dornbach GmbH
"Tochterunternehmen ohne wesentlichen Geschäftsbetrieb, die auch in ihrer Gesamtheit im Sinne von § 296 Abs. 2 HGB für die Vermittlung eines den tatsächlichen Verhältnissen entsprechenden Bildes der
Vermögens-, Finanz- und Ertragslage von untergeordneter Bedeutung sind, werden nicht konsolidiert in den Konzernabschluss einbezogen. Bei den übrigen nicht konsolidierten acht Unternehmen ist die Assoziierungsvermutung
des § 311 Abs. 1 S. 2 HGB widerlegt, so dass lediglich deren Buchwerte in den Konzernabschluss übernommen wurden."; 89 ;2013;GmbH;Konzernabschluss;Dornbach GmbH
Das Eigenkapital der nicht konsolidierten Unternehmen beträgt, soweit die Angaben vorliegen, insgesamt weniger als 0,3 % des Konzerneigenkapitals und ihr Jahresergebnis weniger als 0,1 % des Konzernjahresergebnisses.; 89 ;2013;GmbH;Konzernabschluss;Dornbach GmbH
B. Bilanzierungs- und Bewertungsgrundsätze;;2013;GmbH;Konzernabschluss;Dornbach GmbH
Bilanzierungswahlrechte;;2013;GmbH;Konzernabschluss;Dornbach GmbH
Bilanzierungswahlrechte werden nicht in Anspruch genommen.; 9.0 ;2013;GmbH;Konzernabschluss;Dornbach GmbH
Währungsumrechnung;;2013;GmbH;Konzernabschluss;Dornbach GmbH
"Auf fremde Währung lautende Vermögensgegenstände und Verbindlichkeiten werden grundsätzlich zum Devisenkassamittelkurs am Transaktionstag erfasst. Am Bilanzstichtag ausgewiesene, auf fremde Währung
lautende Vermögensgegenstände und Verbindlichkeiten werden zum Devisenkassamittelkurs am Abschlussstichtag bewertet."; 9.0 ;2013;GmbH;Konzernabschluss;Dornbach GmbH
Die in Fremdwährung aufgestellten Jahresabschlüsse der in die Konsolidierung einbezogenen Unternehmen werden wie folgt in Euro umgerechnet:;;2013;GmbH;Konzernabschluss;Dornbach GmbH
Bei der Umrechnung der Bilanz wird die Stichtagskursmethode angewandt. Kursgewinne und -verluste aus der Stichtagsumrechnung dieser Posten werden in den Konzernrücklagen ausgewiesen.; 9.0 ;2013;GmbH;Konzernabschluss;Dornbach GmbH
Die Posten der Gewinn- und Verlustrechnung werden monatlich mit dem Monatsdurchschnitt umgerechnet.; 9.0 ;2013;GmbH;Konzernabschluss;Dornbach GmbH
"Die Differenz zwischen dem zum Stichtagskurs in die Bilanz übernommenen und dem zum Durchschnittskurs umgerechneten Jahresergebnis wird, über alle Unternehmen saldiert, in den sonstigen betrieblichen
Erträgen ausgewiesen."; 9.0 ;2013;GmbH;Konzernabschluss;Dornbach GmbH
Immaterielle Vermögensgegenstände;;2013;GmbH;Konzernabschluss;Dornbach GmbH
Entgeltlich erworbene immaterielle Vermögensgegenstände; 9.2 ;2013;GmbH;Konzernabschluss;Dornbach GmbH
"Die entgeltlich erworbenen immateriellen Vermögensgegenstände des Anlagevermögens werden grundsätzlich zu Anschaffungskosten zuzüglich Anschaffungsnebenkosten abzüglich Anschaffungspreisminderungen
aktiviert. Die planmäßigen Abschreibungen werden nach der linearen Methode vorgenommen."; 9.2 ;2013;GmbH;Konzernabschluss;Dornbach GmbH
Sachanlagen; 9.7 ;2013;GmbH;Konzernabschluss;Dornbach GmbH
Die entgeltlich erworbenen Vermögensgegenstände des Sachanlagevermögens werden grundsätzlich zu Anschaffungskosten zuzüglich Anschaffungsnebenkosten abzüglich Anschaffungspreisminderungen aktiviert.; 9.7 ;2013;GmbH;Konzernabschluss;Dornbach GmbH
Für abnutzbare Vermögensgegenstände des Sachanlagevermögens werden planmäßige Abschreibungen nach der linearen und degressiven Methode vorgenommen.; 9.7 ;2013;GmbH;Konzernabschluss;Dornbach GmbH
Finanzanlagen; 9.12 ;2013;GmbH;Konzernabschluss;Dornbach GmbH
"Die Bewertung des Finanzanlagevermögens erfolgt grundsätzlich zu Anschaffungskosten, Ausleihungen werden mit ihren Nennbeträgen angesetzt. Wertminderungen wird durch angemessene Wertberichtigungen
Rechnung getragen."; 9.12 ;2013;GmbH;Konzernabschluss;Dornbach GmbH
Vorräte; 9.20 ;2013;GmbH;Konzernabschluss;Dornbach GmbH
"Die Roh-, Hilfs- und Betriebsstoffe und Handelswaren werden zu Anschaffungspreisen einschließlich Nebenkosten abzüglich Preisnachlässen bewertet, die unter Beachtung des Niederstwertprinzips nicht über
den Wiederbeschaffungskosten am Bilanzstichtag liegen."; 9.20 ;2013;GmbH;Konzernabschluss;Dornbach GmbH
"Fertige und unfertige Erzeugnisse wurden zu Herstellungskosten bewertet, die durch Kalkulation auf Basis der innerbetrieblichen Kostenrechnung der Gesellschaft ermittelt wurden. Dabei wurde beachtet, dass
die kalkulierten Herstellungskosten nicht über den tatsächlichen Herstellungskosten liegen. Angemessene Gemeinkostenzuschläge wurden berücksichtigt. Dem Prinzip der verlustfreien Bewertung wurde durch
absatzmarktorientierte Abschläge Rechnung getragen."; 9.20 ;2013;GmbH;Konzernabschluss;Dornbach GmbH
Forderungen und sonstige Aktiva; 9.19 ;2013;GmbH;Konzernabschluss;Dornbach GmbH
"Die Bewertung der Forderungen aus Lieferungen und Leistungen erfolgt zum Nennwert. Dem allgemeinen Kreditrisiko sowie dem internen Zinsverlust wird durch eine Pauschalwertberichtigung des um die
einzelwertberichtigten Forderungen bereinigten Nettoforderungsbestandes, zweifelhaften Forderungen wird durch angemessene Einzelwertberichtigungen Rechnung getragen."; 9.25 ;2013;GmbH;Konzernabschluss;Dornbach GmbH
Der Bestand an liquiden Mitteln wird mit Nominalwerten bewertet.; 9.33 ;2013;GmbH;Konzernabschluss;Dornbach GmbH
Der Ansatz der sonstigen Aktiva erfolgt zu Nennwerten.; 9.19 ;2013;GmbH;Konzernabschluss;Dornbach GmbH
Rückstellungen; 9.47, 35 ;2013;GmbH;Konzernabschluss;Dornbach GmbH
"Die Rückstellungen werden mit den nach vernünftiger kaufmännischer Beurteilung notwendigen Erfüllungsbeträgen angesetzt. Rückstellungen mit einer Restlaufzeit von mehr als einem Jahr werden mit dem
ihrer Restlaufzeit entsprechenden durchschnittlichen Marktzinssatz der vergangenen sieben Jahre abgezinst."; 9.47, 35 ;2013;GmbH;Konzernabschluss;Dornbach GmbH
Pensionsrückstellungen; 9.48 ;2013;GmbH;Konzernabschluss;Dornbach GmbH
"Die Ermittlung der Pensionsrückstellungen basiert im Wesentlichen auf versicherungsmathematischen Grundsätzen mittels der Projected-Unit-Credit-Methode (PUC-Methode). Als biometrische Grundlagen
wurden die Richttafeln 2005 G von Prof. Dr. Klaus Heubeck verwendet. Der Zinssatz bewegt sich zwischen 4,9 % und 6,0 %. Gehaltssteigerungen und Rentensteigerungen wurden in angemessener Höhe
berücksichtigt."; 9.48 ;2013;GmbH;Konzernabschluss;Dornbach GmbH
Verbindlichkeiten; 9.51 ;2013;GmbH;Konzernabschluss;Dornbach GmbH
Die Bewertung der Verbindlichkeiten erfolgt zum Erfüllungsbetrag.; 9.51 ;2013;GmbH;Konzernabschluss;Dornbach GmbH
Latente Ertragsteuern; 9.35, 9.46 ;2013;GmbH;Konzernabschluss;Dornbach GmbH
Latente Ertragsteuern werden für sämtliche Differenzen zwischen den steuerlichen und den bilanziellen Wertansätzen gebildet.; 9.35, 9.46 ;2013;GmbH;Konzernabschluss;Dornbach GmbH
Passive Steuerlatenzen resultieren im Wesentlichen aus unterschiedlichen Wertansätzen bei den Forderungen aus Lieferungen und Leistungen sowie aus sonstigen Rückstellungen.; 9.46, 25 ;2013;GmbH;Konzernabschluss;Dornbach GmbH
Aktive Steuerlatenzen ergeben sich aus unterschiedlichen Wertansätzen bei den sonstigen Rückstellungen.; 9.35, 25 ;2013;GmbH;Konzernabschluss;Dornbach GmbH
Die latenten Steuern werden auf Basis eines konzerneinheitlichen durchschnittlichen Steuersatzes von 30 % (Vorjahr: 30 %) ermittelt.; 9.35, 9.46, 25 ;2013;GmbH;Konzernabschluss;Dornbach GmbH
Von dem Wahlrecht des § 306 S. 2 HGB, aktive und passive latente Steuern zu saldieren, wurde Gebrauch gemacht.; 9.35, 9.46 ;2013;GmbH;Konzernabschluss;Dornbach GmbH
Konsolidierungsmaßnahmen;;2013;GmbH;Konzernabschluss;Dornbach GmbH
"Die Kapitalkonsolidierung erfolgt bei allen voll- und anteilmäßig konsolidierten Unternehmen, deren Akquisition vor dem 1. Januar 2010 erfolgte, gemäß dem Beibehaltungswahlrecht des Art. 66 Abs. 3 S. 4
EGHGB nach der Buchwertmethode. Akquisitionen ab dem 1. Januar 2010 werden gemäß § 301 Abs. 1 S. 2 HGB nach der Neubewertungsmethode konsolidiert.";;2013;GmbH;Konzernabschluss;Dornbach GmbH
Als Zeitpunkt der Erstkonsolidierung wird grundsätzlich der Zeitpunkt der erstmaligen Einbeziehung in den Konzern gewählt.;;2013;GmbH;Konzernabschluss;Dornbach GmbH
"Aus der Kapitalkonsolidierung aktivierte Geschäfts- oder Firmenwerte (insgesamt TEUR 7.326) werden bei Vertriebsgesellschaften ab dem der Erstkonsolidierung folgenden Jahr zu jeweils einem Viertel abgeschrieben.
Aktivierte Geschäfts- oder Firmenwerte der produzierenden Gesellschaften werden ab dem der Erstkonsolidierung folgenden Jahr über die Nutzungsdauer von 10 Jahren linear abgeschrieben. Die
Abschreibungszeiträume entsprechen der voraussichtlichen Bestandsdauer der erworbenen Markenwerte und des Produktions-Know-Hows."; 14 ;2013;GmbH;Konzernabschluss;Dornbach GmbH
Im Geschäftsjahr 2013 wurden insgesamt TEUR 1.715 an aktivierten Geschäfts- und Firmenwerten abgeschrieben.;;2013;GmbH;Konzernabschluss;Dornbach GmbH
"Für die Anteile fremder Gesellschafter am Eigenkapital der in den Konsolidierungskreis einbezogenen Unternehmen wird gemäß § 307 Abs. 1 S. 1 HGB ein Ausgleichsposten gebildet, der den direkten und
indirekten Anteilen dieser Gesellschafter am Eigenkapital des Konzerns entspricht.";;2013;GmbH;Konzernabschluss;Dornbach GmbH
Die im Konzernvorratsvermögen zum 31. Dezember 2013 enthaltenen Zwischengewinne werden erfolgswirksam eliminiert.;;2013;GmbH;Konzernabschluss;Dornbach GmbH
"Die im Rahmen der Schuldenkonsolidierung festgestellte Differenz zwischen den Forderungen und Verbindlichkeiten der in den Konzernabschluss einbezogenen Unternehmen wird erfolgswirksam über die
Gewinn- und Verlustrechnung verbucht.";;2013;GmbH;Konzernabschluss;Dornbach GmbH
Alle Umsätze sowie andere Erträge und Aufwendungen zwischen den einbezogenen Unternehmen werden miteinander verrechnet.;;2013;GmbH;Konzernabschluss;Dornbach GmbH
C. Erläuterungen zur Bilanz;;2013;GmbH;Konzernabschluss;Dornbach GmbH
Anlagevermögen; 5.1 ;2013;GmbH;Konzernabschluss;Dornbach GmbH
"Die Summe der Bruttowerte (kumulierte Anschaffungs- und Herstellungskosten) und der kumulierten Abschreibungen je Anlageposten sowie die Zugänge und Abgänge des Berichtsjahres ergeben sich aus dem
Anlagespiegel (ebenso sind dem Anlagespiegel die Abschreibungen des Geschäftsjahres zu entnehmen)."; 5.1 ;2013;GmbH;Konzernabschluss;Dornbach GmbH
Anlagespiegel zum 31. Dezember 2013; 5.1, 15 ;2013;GmbH;Konzernabschluss;Dornbach GmbH
"Anschaffungs- und Herstellungskosten
Stand 1.1.2013
Währungseinfluss Saldovortrag
Veränderungen im Konsolidierungskreis
Zugang
EUR EUR EUR EUR
I. Immaterielle Vermögensgegenstände
1. Entgeltlich erworbene Konzessionen, gewerbliche Schutzrechte und
ähnliche Rechte und Werte sowie Lizenzen an solchen Rechten und Werten
43.873.526 -645.325 0 4.694.658
2. Geschäfts- oder Firmenwert 68.213.682 -27.436 0 0
3. Geleistete Anzahlungen 13.247 -169 0 313.556
112.100.455 -672.930 0 5.008.214
II. Sachanlagen
1. Grundstücke und Bauten einschließlich der Bauten auf fremden Grundstücken
406.412.331 -9.384.944 0 25.840.056
2. Technische Anlagen und Maschinen 123.958.541 -910.204 0 7.627.219"; 5.1, 15 ;2013;GmbH;Konzernabschluss;Dornbach GmbH
"Anschaffungs- und Herstellungskosten
Stand 1.1.2013
Währungseinfluss Saldovortrag
Veränderungen im Konsolidierungskreis
Zugang
EUR EUR EUR EUR
3. Andere Anlagen, Betriebs- und Geschäftsausstattung 173.328.000 -5.733,219 0 24.111.609
4. Geleistete Anzahlungen und Anlagen im Bau 19.638.795 -1.439.540 0 29.815.050
723.337.667 -17.467.907 0 87.393.934
III. Finanzanlagen
1. Anteile an verbundenen Unternehmen 1.034.033 0 0 0
2. Wertpapiere des Anlagevermögens 22.785 -1.765 0 0
3. Sonstige Ausleihungen 2.938 0 0 0
1.059.756 -1.765 0 0
836.497.878 -18.142.602 0 92.402.148"; 5.1, 15 ;2013;GmbH;Konzernabschluss;Dornbach GmbH
"Anschaffungs- und Herstellungskosten
Abgang Umbuchung Stand 31.12.2013
EUR EUR EUR
I. Immaterielle Vermögensgegenstände
1. Entgeltlich erworbene Konzessionen, gewerbliche Schutzrechte und ähnliche Rechte und Werte sowie
Lizenzen an solchen Rechten und Werten
-733.401 463.007 52.465
2. Geschäfts- oder Firmenwert 0 0 68.186,246
3. Geleistete Anzahlungen 0 -22.497 304.137
-733.401 440.510 116.142.848
II. Sachanlagen
1. Grundstücke und Bauten einschließlich der Bauten auf fremden Grundstücken -2.934.952 3.915.695 423.848.186
2. Technische Anlagen und Maschinen -1.900.874 2.866.491 131.641.173
3. Andere Anlagen, Betriebs- und Geschäftsausstattung -19.953.637 1.937.301 173.690.054
4. Geleistete Anzahlungen und Anlagen im Bau -7.934.117 -9.159.997 30.920.191
-32.723.580 -440.510 760.099.604
III. Finanzanlagen
1. Anteile an verbundenen Unternehmen -54.358 0 979.675
2. Wertpapiere des Anlagevermögens -14.374 0 6.646"; 5.1, 15 ;2013;GmbH;Konzernabschluss;Dornbach GmbH
"Anschaffungs- und Herstellungskosten
Abgang Umbuchung Stand 31.12.2013
EUR EUR EUR
3. Sonstige Ausleihungen -2.938 0 0
-71.670 0 986.321
-33.528.651 0 877.228.773"; 5.1, 15 ;2013;GmbH;Konzernabschluss;Dornbach GmbH
"Abschreibungen
Stand 1.1.2013
Währungseinfluss Saldovortrag
Zuschreibung Zugang
EUR EUR EUR EUR
I. Immaterielle Vermögensgegenstände
1. Entgeltlich erworbene Konzessionen, gewerbliche Schutzrechte und
ähnliche Rechte und Werte sowie Lizenzen an solchen Rechten und Werten
36.709.127 -404.698 0 3.490.417
2. Geschäfts- oder Firmenwert 59.100.714 -24.635 0 1.714.842
3. Geleistete Anzahlungen 0 0 0 0
95.809.841 -429.333 0 5.205.259
II. Sachanlagen
1. Grundstücke und Bauten einschließlich der Bauten auf fremden Grundstücken
68.438.265 -1.285.116 -700.166 12.488.436
2. Technische Anlagen und Maschinen 69.114.165 -412.027 0 12.582.030
3. Andere Anlagen, Betriebs- und Geschäftsausstattung 95.914.064 -3.189.950 0 21.567.385
4. Geleistete Anzahlungen und Anlagen im Bau 39.654 -143.433 0 0
233.506.148 -5.030.526 -700.166 46.637.851
III. Finanzanlagen
1. Anteile an verbundenen Unternehmen 615.590 0 0 0
2. Wertpapiere des Anlagevermögens 16.139 -1.765 0 0
3. Sonstige Ausleihungen 0 0 0 0
631.729 -1.765 0 0
329.947.718 -5.461.624 -700.166 51.843.110"; 5.1, 16 ;2013;GmbH;Konzernabschluss;Dornbach GmbH
"Abschreibungen
Abgang Umbuchung Stand 31.12.2013
EUR EUR EUR
I. Immaterielle Vermögensgegenstände
1. Entgeltlich erworbene Konzessionen, gewerbliche Schutzrechte und ähnliche Rechte und Werte sowie
Lizenzen an solchen Rechten und Werten
-694.816 -4.081 39.095.949
2. Geschäfts- oder Firmenwert 0 0 60.790.921
3. Geleistete Anzahlungen 0 0
-694.816 -4.081 99.886.870
II. Sachanlagen
1. Grundstücke und Bauten einschließlich der Bauten auf fremden Grundstücken -770.252 16.372 78.187.539
2. Technische Anlagen und Maschinen -1.755.390 112.214 79.640,992
3. Andere Anlagen, Betriebs- und Geschäftsausstattung -10.373.034 -124.505 103.793.960
4. Geleistete Anzahlungen und Anlagen im Bau -29.117 0 -132.896
-12.927.793 4.081 261.489.595
III. Finanzanlagen
1. Anteile an verbundenen Unternehmen 0 0 615.590
2. Wertpapiere des Anlagevermögens -14.374 0 0
3. Sonstige Ausleihungen 0 0 0
-14.374 0 615.590
-13.636.983 0 361.992.055"; 5.1, 16 ;2013;GmbH;Konzernabschluss;Dornbach GmbH
"Buchwerte
Stand 31.12.2013 Stand 31.12.2012
EUR EUR
I. Immaterielle Vermögensgegenstände
1. Entgeltlich erworbene Konzessionen, gewerbliche Schutzrechte und ähnliche Rechte und Werte sowie Lizenzen an solchen
Rechten und Werten
8.556.516 7.164.399
2. Geschäfts- oder Firmenwert 7.395.325 9.112.968
3. Geleistete Anzahlungen 304.137 13.247
16.255.978 16.290.614
II. Sachanlagen"; 5.1, 15 ;2013;GmbH;Konzernabschluss;Dornbach GmbH
"Buchwerte
Stand 31.12.2013 Stand 31.12.2012
EUR EUR
1. Grundstücke und Bauten einschließlich der Bauten auf fremden Grundstücken 345.660.647 337.974.066
2. Technische Anlagen und Maschinen 52.000.181 54.844.376
3. Andere Anlagen, Betriebs- und Geschäftsausstattung 69.896.094 77.413.936
4. Geleistete Anzahlungen und Anlagen im Bau 31.053.087 19.599.141
498.610.009 489.831.519
III. Finanzanlagen
1. Anteile an verbundenen Unternehmen 364.085 418.443
2. Wertpapiere des Anlagevermögens 6.646 6.646
3. Sonstige Ausleihungen 0 2.938
370.731 428.027
515.236.718 506.550.160"; 5.1, 15 ;2013;GmbH;Konzernabschluss;Dornbach GmbH
Forderungen und sonstige Vermögensgegenstände; 5.25 ;2013;GmbH;Konzernabschluss;Dornbach GmbH
Forderungen mit einer Restlaufzeit von mehr als einem Jahr bestehen in Höhe von TEUR 3.567.; 5.25 ;2013;GmbH;Konzernabschluss;Dornbach GmbH
Verbindlichkeitenspiegel; 5.51 ;2013;GmbH;Konzernabschluss;Dornbach GmbH
"Restlaufzeit bis zu einem
Jahr
Restlaufzeit zwischen einem
und fünf Jahren
Restlaufzeit über fünf Jahre
Summe Verbindlichkeiten
Verbindlichkeiten gegenüber Kreditinstituten 225.486 39.166 9.327 273.979
(Vorjahr) (252.398) (97.495) (6.616) (356.509)
Verbindlichkeiten aus Lieferungen und Leistungen 48.208 0 0 48.208
(Vorjahr) (38.685) (0) (0) (38.685)
Verbindlichkeiten aus der Annahme gezogener Wechsel und der Ausstellung
eigener Wechsel
71 0 0 71
(Vorjahr) (113) (0) (0) (113)
Verbindlichkeiten gegenüber verbundenen Unternehmen 5 0 860 865
(Vorjahr) (3.108) (0) (0) (3.108)
Verbindlichkeiten gegenüber Unternehmen, mit denen ein Beteiligungsverhältnis
besteht
6 0 0 6"; 5.51, 42 ;2013;GmbH;Konzernabschluss;Dornbach GmbH
"Restlaufzeit bis zu einem
Jahr
Restlaufzeit zwischen einem
und fünf Jahren
Restlaufzeit über fünf Jahre
Summe Verbindlichkeiten
(Vorjahr) (3) (0) (0) (3)
Sonstige Verbindlichkeiten gegenüber Gesellschaftern 3.975 0 0 3.975
(Vorjahr) (3.888) (0) (0) (3.888)
Sonstige Verbindlichkeiten im Rahmen der sozialen Sicherheit 1.555 0 0 1.555
(Vorjahr) (1.513) (0) (0) (1.513)
Sonstige Verbindlichkeiten aus Steuern 12.387 0 0 12.387
(Vorjahr) (10.278) (0) (0) (10.278)
Übrige sonstige Verbindlichkeiten 34.058 40.418 59 74.535
(Vorjahr) (13.527) (139) (56) (13.722)
Summe Verbindlichkeiten 325.751 79.584 10.246 415.581
(Vorjahr) (323.513) (97.634) (6.672) (427.819)"; 5.51, 19, 42 ;2013;GmbH;Konzernabschluss;Dornbach GmbH
Haftungsverhältnisse; 44 ;2013;GmbH;Konzernabschluss;Dornbach GmbH
Im Konzern bestehen Haftungsverhältnisse aus Bürgschaften und Garantien in Höhe von TEUR 4.670 sowie Sonstige in Höhe von TEUR 18.313.; 44 ;2013;GmbH;Konzernabschluss;Dornbach GmbH
D. Erläuterungen zur Gewinn- und Verlustrechnung;;2013;GmbH;Konzernabschluss;Dornbach GmbH
Umsatzerlöse nach Regionen; 5.66, 48 ;2013;GmbH;Konzernabschluss;Dornbach GmbH
"Angaben in TEUR Europa Amerika Asien/ Australien Afrika Gesamt
Summe 754.343 453.663 481.212 174.321 1.863.539"; 5.66, 48 ;2013;GmbH;Konzernabschluss;Dornbach GmbH
"Eine Aufgliederung der Umsatzerlöse mit Dritten nach Tätigkeitsbereichen nach für den Konzern typischen Erzeugnissen und der für die gewöhnliche Geschäftstätigkeit des Konzerns typischen Dienstleistungen
wurde gem. § 314 Abs. 1 Nr. 3 HGB nicht vorgenommen, da sich diese nicht erheblich unterscheiden."; 5.66, 48 ;2013;GmbH;Konzernabschluss;Dornbach GmbH
Steuern vom Einkommen und vom Ertrag; 5.90 ;2013;GmbH;Konzernabschluss;Dornbach GmbH
Steuerliche Überleitungsrechnung; 5.90, 28 ;2013;GmbH;Konzernabschluss;Dornbach GmbH
"31.12.2013 31.12.2012
Ergebnis Berichtsjahr Steuern Ergebnis Berichtsjahr Steuern
Mio. EUR Mio. EUR Mio. EUR Mio. EUR
Ergebnis vor Ertragsteuern (Summenbilanz) 190,31 264,94
Erwarteter Ertragsteueraufwand 57,09 79,48
Erwarteter Ertragsteuersatz Konzern 30% 30%"; 5.90, 28 ;2013;GmbH;Konzernabschluss;Dornbach GmbH
"31.12.2013 31.12.2012
Ergebnis Berichtsjahr Steuern Ergebnis Berichtsjahr Steuern
Mio. EUR Mio. EUR Mio. EUR Mio. EUR
Überleitung zum effektiven Steueraufwand:
Abweichende ausländische Steuerbelastung -1,91 -1,48
Abweichende inländische Steuerbelastung -20,87 -7,50
Abweichende Steuerbelastung bei Gesellschaften mit Verlust 5,36 8,30
Periodenfremde Steuerbelastung -4,68 1,25
Sonstige Abweichungen 0,15 1,18
Ausgewiesener Ertragsteueraufwand 35,14 81,23
Ausgewiesener Ertragsteuersatz 18% 31%
Konzernverrechung
AfA Goodwill -1,68 0,00 -1,66 0,00
Schuldenkonsolidierung -1,04 0,00 -3,81 0,00
Zwischengewinne 6,97 2,09 -17,62 -5,29
Storno aktive latente Steuern 0,00 4,33 2,53
Ergebnis vor Ertragsteuern Konzern 194,56 41,56 241,85 78,47
Effektiver Ertragsteuersatz Konzern 21% 32%"; 5.90, 28 ;2013;GmbH;Konzernabschluss;Dornbach GmbH
II. Sonstige Anhangsangaben;;2013;GmbH;Konzernabschluss;Dornbach GmbH
A. Gesamtbetrag der sonstigen finanziellen Verpflichtungen; 62 ;2013;GmbH;Konzernabschluss;Dornbach GmbH
Es bestehen sonstige finanzielle Verpflichtungen im Konzern aus Leasingverträgen in Höhe von TEUR 18.103 und aus Sonstigem in Höhe von TEUR 13.211.; 62 ;2013;GmbH;Konzernabschluss;Dornbach GmbH
B. Angabe gemäß § 314 Nr. 9 HGB; 65 ;2013;GmbH;Konzernabschluss;Dornbach GmbH
"Gesamthonorar
TEUR
1. Abschlussprüfungsleistungen 306.821,16
2. Andere Bestätigungsleistungen 9.435,42
3. Sonstige Leistungen 30.595,26
346.851,84"; 65 ;2013;GmbH;Konzernabschluss;Dornbach GmbH
C. Organe;;2013;GmbH;Konzernabschluss;Dornbach GmbH
"Geschäftsführer der Wirtgen Group GmbH & Co. KG, Windhagen, war im Berichtsjahr die Wirtgen Komplementär GmbH. Die Geschäftsführung bei der Wirtgen Komplementär GmbH wurde von Herrn Jürgen
Wirtgen, Herrn Stefan Wirtgen und Frau Gisela Wirtgen ausgeübt.
Persönlich haftende Gesellschafterin ist die Wirtgen Komplementär GmbH, Windhagen. Das gezeichnete Kapital betrug zum 31. Dezember 2013 EUR 30.000,00."; 73 ;2013;GmbH;Konzernabschluss;Dornbach GmbH
D. Durchschnittliche Zahl der während des Geschäftsjahres beschäftigten Arbeitnehmer; 58 ;2013;GmbH;Konzernabschluss;Dornbach GmbH
"Der Konzern zählt im Geschäftsjahr 2013 durchschnittlich 5.844 Beschäftigte (davon 228 Auszubildende), davon 4.402 in Europa, 581 in Amerika, 743 in Asien/Australien sowie 118 Mitarbeiter in Afrika/Naher
Osten."; 58 ;2013;GmbH;Konzernabschluss;Dornbach GmbH
Windhagen, 17. Juli 2014;;2013;GmbH;Konzernabschluss;Dornbach GmbH
Angaben zum Konsolidierungskreis und zum Konzernanteilsbesitz;;2013;GmbH;Konzernabschluss;Dornbach GmbH
"Nr. Name Sitz Anteil am Kapital Halter
031 Wirtgen Group GmbH & Co. KG Windhagen, Deutschland 100,00% Konzernmutter
300 Wirtgen Beteiligungsgesellschaft mbH Windhagen, Deutschland 100,00% 031
010 Wirtgen GmbH* Windhagen, Deutschland 100,00% 096
013 Wirtgen North Africa GmbH Windhagen, Deutschland 100,00% 300
014 Wirtgen Libya JC Tripoli, Libyen 100,00% 013
018 Wirtgen Qeshm Ltd. Qeshm, Iran 100,00% 300
019 Wirtgen Ankara Makine Sanayi Ve Ticaret Ltd. Sti. Ankara, Türkei 99,875%.
0,125%
300.
040
022 Wirtgen International GmbH* Windhagen, Deutschland 100,00% 300
023 Wirtgen Hamburg Vertriebs- und Service GmbH* Bad Fallingbostel,
Deutschland
100,00% 300
024 Wirtgen Zwickau Vertriebs- und Service GmbH* Meerane, Deutschland 100,00% 300
025 Wirtgen Augsburg Vertriebs- und Service GmbH* Augsburg, Deutschland 100,00% 300
026 Wirtgen Windhagen Vertriebs- und Service GmbH* Windhagen, Deutschland 100,00% 300
028 Wirtgen Grund und Boden GmbH Windhagen, Deutschland 100,00% 010
032 Wirtgen Used Equipment GmbH Windhagen, Deutschland 100,00% 300
040 ERSEG GmbH Windhagen, Deutschland 100,00% 300
042 Wirtgen America, Inc. Nashville, Tennessee, USA 100,00% 085"; 68 ;2013;GmbH;Konzernabschluss;Dornbach GmbH
"Nr. Name Sitz Anteil am Kapital Halter
043 Wirtgen Australia Pty. Ltd. Emu Plains, NSW, Australien
100,00% 300
044 Wirtgen Japan Co. Ltd. Tokyo, Japan 100,00% 300
045 Wirtgen Nederland B.V. Werkendam, Niederlande 100,00% 300
046 Wirtgen South Africa (Pty) Ltd. Edenglen, Transvaal, Südafrika
100,00% 300
048 Wirtgen India Pvt. Ltd. Pune, Indien 99,99%.
0,01%
300.
040
050 Wirtgen Belgium B.V.B.A. Puurs, Belgien 300 99,60%.
0,40%
300.
040
058 Wirtgen Ltd. Lincoln, England 100,00% 300
059 Wirtgen Macchine S.r.l. Noviglio, Italien 100,00% 300
062 Wirtgen Hong Kong Ltd. Hong Kong, China 100,00% 300
064 Wirtgen Philippines Inc. Lapu-Lapu City, Cebu,
Philippinen
100,00% 065
065 Wirtgen Singapore Pte. Ltd. Singapore, Singapur 100,00% 300
067 Wirtgen Hong Kong Ltd. Taiwan Branch Taoyuan County, Taiwan 100,00% 062
069 Wirtgen (M) SDN BHD Kuala Lumpur, Malaysia 100,00% 065
071 Ciber Equipamentos Rodoviários Ltda. Porto Alegre, Brasilien 100,00% 070
076 Wirtgen (Thailand) Co. Ltd. Samutprakarn, Thailand 100,00% 065
077 Wirtgen (China) Machinery Co., Ltd Hebei, China 100,00% 062
080 Joseph Vögele Aktiengesellschaft* Ludwigshafen, Deutschland
100,00% 096
083 Wirtgen France S.A.S. Goussainville, Frankreich 100,00% 300
084 Betek Japan Co., Ltd. Kobe, Japan 100,00% 044
085 Wirtgen Inc. Nashville, Tennessee, USA 100,00% 300
087 Wirtgen Österreich GmbH Steyrermühl, Österreich 100,00% 300
088 Wirtgen Ireland Ltd. Dublin, Irland 100,00% 300
096 Wirtgen Road Technologies GmbH* Windhagen, Deutschland 100,00% 300
097 Kele GmbH Windhagen, Deutschland 100,00% 096
100 Wirtgen Denmark A/S Fredericia, Dänemark 100,00% 300
Nr. Name Sitz Anteil am Kapital Halter
101 Wirtgen Finland Oy Tuusula, Finnland 100,00% 100
102 Wirtgen Norway A/S Sande i Vesfold, Norwegen
100,00% 100
103 Wirtgen Sweden AB Alvesta, Schweden 100,00% 100
120 Hamm AG* Tirschenreuth, Deutschland
100,00% 096
130 WIG Verwaltung GmbH Wien, Österreich 100,00% 300
131 V & H Verwaltung GmbH Wien, Österreich 100,00% 300
132 KLG Verwaltung GmbH Wien, Österreich 100,00% 300
140 Kleemann GmbH Göppingen, Deutschland 100,00% 300
145 Kleemann Immobilien GmbH & Co.KG* Göppingen, Deutschland 100,00% 300
172 Wirtgen (Guangzhou) Machinery Co. Ltd. Guangzhou, China 100,00% 077
202 OAO Bakra Moskau, Russland 99,52%.
0,48%
022.
Dritte
205 TOO Wirtgen Kazakhstan Almaty, Kasachstan 100,00% 022
209 Wirtgen ?R s.r.o. Prag, Tschechien 75%.
25%
022.
Dritte
210 Wirtgen Bulgaria EOOD Sofia, Bulgarien 100,00% 022
212 Wirtgen-Srbija d.o.o. Beograd, Serbien 100,00% 022
214 Wirtgen Romania S.R.L. Bucuresti, Rumänien 100,00% 022
215 000 Wirtgen International Service Moskau, Russland 100,00% 022
218 UAB Wirtgen Lietuva Vilnius, Litauen 100,00% 022
219 SIA Wirtgen Latvija Riga, Lettland 100,00% 022
220 00 Wirtgen Eesti Tallinn, Estland 100,00% 022
221 PIK Wirtgen Ukraina Kiew, Ukraine 100,00% 022
222 Wirtgen Polska Sp.z o.o. Poznan, Polen 100,00% 022
225 DP Wirtgen Tashkent Tashkent, Usbekistan 100,00% 022
226 Wirtgen Slowensko s.r.o. Bratislava, Slowakei 100,00% 209
228 Wirtgen Budapest Kft. Felsöpakony, Ungarn 100,00% 022
231 000 Wirtgen Trade Tashkent, Usbekistan 100,00% 225"; 68 ;2013;GmbH;Konzernabschluss;Dornbach GmbH
2. Nicht einbezogene Tochterunternehmen;;2013;GmbH;Konzernabschluss;Dornbach GmbH
"Nr. Name Sitz Anteil am Kapital Halter
054 baukema Handel GmbH Windhagen, Deutschland
(i.L.)
100,00% 010
055 000 Wirbak Moskau, Russland (i.L.) 80,00% 022
224 000 Wirtgen Int. Moskau, Russland (i.L.) 100,00% 022
227 000 Wirtgen Service Moskau, Russland 100,00% 022
229 Wirtgen Kosova LLC Prishtina, Kosovo 100,00% 022"; 70 ;2013;GmbH;Konzernabschluss;Dornbach GmbH
3. Andere Unternehmen, von denen Mutter- und Tochterunternehmen mindestens 20% der Anteile besitzen;;2013;GmbH;Konzernabschluss;Dornbach GmbH
203 000 Wirtgenintermaschservice Surgut, Russland (i.L.) 40,00% 022; 70 ;2013;GmbH;Konzernabschluss;Dornbach GmbH
* Folgende Gesellschaften nehmen die Befreiungsvorschriften gemäß § 264 Abs. 3 HGB in Anspruch.; 100, 101 ;2013;GmbH;Konzernabschluss;Dornbach GmbH
Kapitalflussrechnung für 2013;;2013;GmbH;Konzernabschluss;Dornbach GmbH
Über die Liquiditätssituation und die finanzielle Entwicklung gibt folgende Finanzierungsrechnung Aufschluss:;;2013;GmbH;Konzernabschluss;Dornbach GmbH
"2013 2012
TEUR TEUR
1. Jahresergebnis vor außerordentlichen Posten 153.002 163.372
2. +/- Abschreibungen/Zuschreibungen auf Gegenstände des Anlagevermögens 51.143 49.697
3. +/- Zunahme/Abnahme der Rückstellungen -16.272 -27.635
4. -/+ Zunahme/Abnahme der Vorräte, der Forderungen aus Lieferungen und Leistungen sowie anderer Aktiva, die nicht der Investitions-
oder Finanzierungstätigkeit zuzuordnen sind
-71.480 -21.608
5. +/- Zunahme/Abnahme der Verbindlichkeiten aus Lieferungen und Leistungen sowie anderer Passiva, die nicht der Investitions-
oder Finanzierungstätigkeit zuzuordnen sind
68.776 -19.872
6. = Cash-flow aus der laufenden Geschäftstätigkeit 185.169 143.954
7. Einzahlungen aus Abgängen von Gegenständen des Sachanlagevermögens/immateriellen Anlagevermögens 19.891 15.389
8. - Auszahlungen für Investitionen in das Sachanlagevermögen/immaterielle Anlagevermögen -92.402 -106.276
9. = Cash-flow aus der Investitionstätigkeit -72.511 -90.887
10. Sonstige Veränderung Kapital -303 -3.236
11. - Auszahlungen an Unternehmenseigner und Minderheitsgesellschafter (Dividenden, Erwerb eigener Anteile, Eigenkapitalrückzahlungen,
andere Ausschüttungen)
0 -68.212
12. -/+ Auszahlung/Einzahlungen aus der Begehung von Anleihen und Aufnahme von (Finanz-)Krediten -82.643 37.6852013 2012
TEUR TEUR
13. = Cash-flow aus der Finanzierungstätigkeit -82.946 -33.763
14. Zahlungswirksame Veränderungen des Finanzmittelbestands (Summe aus Zf. 6, 9, 13) 29.712 19.304
15. +/- Wechselkurs-, konzernkreis- und bewertungsbedingte Änderungen des Finanzmittelbestandes -20.595 -7.444
16. + Finanzmittelbestand am Anfang der Periode 59.008 47.148
17. = Finanzmittelbestand am Ende der Periode 68.125 59.008";;2013;GmbH;Konzernabschluss;Dornbach GmbH
Eigenkapitalspiegel zum 31. Dezember 2013;;2013;GmbH;Konzernabschluss;Dornbach GmbH
"Mutterunternehmen
Kumuliertes übriges Konzernergebnis
in TEUR Kapitalanteile Kapitalrücklage
Erwirtschaftetes Konzern-.
eigenkapital
Ausgleichsposten aus der
Fremdwährungs-.
umrechnung
Andere neutrale Tansaktionen
Eigenkapital
Stand am 31. Dezember
2011
1.320 5.080 907.220 5.986 0 919.606
Übrige Veränderungen
- - -67.809 -7.079 -74.888
Konzern-Jahresüberschuss
- - 162.968 162.968
Konzerngesamtergebnis
- - 95.159 -7.079 0 88.080
Stand am 31. Dezember
2012
1.320 5.080 1.002.379 -1.093 0 1.007.686
Übrige Veränderungen
- - 0 -33.162 -33.162
Konzern-Jahresüberschuss
- - 152.690 152.690
Konzerngesamtergebnis
- - 152.690 -33.162 0 119.528
Stand am 31. Dezember
2013
1.320 5.080 1.155.069 -34.255 0 1.127.214
Minderheitsgesellschafter
Kumuliertes übriges Konzernergebnis
in TEUR Minderheitenkapital
Ausgleichsposten aus der
Fremdwährungsumrechnung
Eigenkapital Konzerneigenkapital
Stand am 31. Dezember 2011 4.941 33 4.974 924.580
Übrige Veränderungen -3.639 36 -3.603 -78.491
Konzern-Jahresüberschuss 404 404 163.372
Konzerngesamtergebnis -3.235 36 -3.199 84.881
Stand am 31. Dezember 2012 1.706 69 1.775 1.009.461
Übrige Veränderungen -303 -114 -417 -31579
Konzern-Jahresüberschuss 312 312 153.002
Konzerngesamtergebnis 9 -114 -105 119.423
Stand am 31. Dezember 2013 1.715 -45 1.670 1.128.884";;2013;GmbH;Konzernabschluss;Dornbach GmbH
Konzernlagebericht für das Geschäftsjahr vom 1. Januar bis zum 31. Dezember 2013;;2013;GmbH;Konzernabschluss;Dornbach GmbH
I. Wirtschaftliche und gesellschaftsrechtliche Grundlagen;;2013;GmbH;Konzernabschluss;Dornbach GmbH
"Die Wirtgen Group mit ihrer Konzernmuttergesellschaft Wirtgen Group GmbH & Co. KG ist ein international tätiger Unternehmensverbund der Baumaschinenindustrie, der in den Geschäftsbereichen Road
Technologies und Mineral Technologies erfolgreich platziert ist.";;2013;GmbH;Konzernabschluss;Dornbach GmbH
"Wirtgen Road Technologies umfasst die Technologien für den Neubau und die Instandsetzung von Straßen. Das Produktportfolio des Geschäftsbereiches umfasst im Wesentlichen die Fräsen, Recycler und
Gleitschalungsfertiger der Marke Wirtgen, die Fertiger der Marke Vögele sowie die Walzen der Marke Hamm.";;2013;GmbH;Konzernabschluss;Dornbach GmbH
"Wirtgen Mineral Technologies beinhaltet die Technologien für die Gewinnung von Lagermaterialien und die Aufbereitung von mineralischen Rohstoffen und Recycling Materialien und tritt am Markt mit den
Wirtgen Surface Minern und den Brech- und Siebanlagen der Marke Kleemann auf.";;2013;GmbH;Konzernabschluss;Dornbach GmbH
"Die vier Maschinenbau-Spezialisten Wirtgen, Vögele, Hamm und Kleemann entwickeln und produzieren ihre Produkte in ihrem jeweiligen Stammwerk in Deutschland. Daneben betreibt die Wirtgen Group Werke
in China, Indien und Brasilien, welche auf den jeweiligen lokalen Markt angepasste Maschinen produzieren.";;2013;GmbH;Konzernabschluss;Dornbach GmbH
Der Vertrieb und der Kundenservice beider Geschäftsbereiche erfolgt über ein weltweites Netzwerk von über 55 eigenen Vertriebs- und Servicegesellschaften und mehr als 100 ausgewählten Händlern.;;2013;GmbH;Konzernabschluss;Dornbach GmbH
II. Wirtschaftsbericht;;2013;GmbH;Konzernabschluss;Dornbach GmbH
1. Gesamtwirtschaftliche und branchenbezogene Rahmenbedingungen;;2013;GmbH;Konzernabschluss;Dornbach GmbH
"Nach verhaltenem Start in das Jahr 2013 hat die Weltkonjunktur im weiteren Jahresverlauf an Schwung gewonnen. Welthandel und -produktion nahmen jedoch insgesamt weniger stark zu als in den drei Jahren
zuvor. In wichtigen Absatzmärkten wie Russland, Brasilien, Indien und den USA blieben die Wachstumsraten hinter den Erwartungen zurück. Europa erholte sich nur langsam von den Folgen der Krise. Hingegen
konnte China mit gleichbleibend moderaten Wachstumsraten erneut positiv zur Weltkonjunktur beitragen.";;2013;GmbH;Konzernabschluss;Dornbach GmbH
"Die von der amerikanischen Notenbank angekündigte graduelle Straffung der Geldpolitik hat zu starken Kapitalabflüssen in vielen Schwellenländern geführt und die Währungen dieser Länder unter einen massiven
Abwertungsdruck gesetzt. Die Absatzchancen und Wettbewerbsbedingungen deutscher Exporteure wurden dadurch ebenfalls beeinträchtigt.";;2013;GmbH;Konzernabschluss;Dornbach GmbH
"Für den deutschen Maschinenbau ist das vergangene Jahr enttäuschend verlaufen. Das Geschäftsklima der Branche hat sich im Jahresverlauf deutlich abgekühlt. Der Absatz von Baumaschinen ging um 5% im
Vergleich zum Vorjahr zurück. Bei Baustoffmaschinen waren noch höhere Einbußen zu verzeichnen. Weniger Aufträge erhielten vor allem Hersteller, die in den Sektoren Straßenbau, Erdbau und Bergbau tätig
sind. Die anziehende Konjunktur im zweiten Halbjahr führte schließlich zu einem Anstieg des Auftragseingangs und einer Stabilisierung der Auftragslage.";;2013;GmbH;Konzernabschluss;Dornbach GmbH
2. Geschäftsverlauf;;2013;GmbH;Konzernabschluss;Dornbach GmbH
"Die Wirtgen Group konnte im Geschäftsjahr 2013 ihre starke Wettbewerbsposition behaupten und ausbauen. Mit der Präsentation von 29 richtungsweisenden Weltneuheiten auf der internationalen Baumaschinen-
Fachmesse bauma 2013 zeigte sich die Wirtgen Group zudem einmal mehr als Technologieführer und Taktgeber der Branche.";;2013;GmbH;Konzernabschluss;Dornbach GmbH
"Der Wirtgen-Philosophie folgend, sowohl Dienstleister als auch Schrittmacher und Innovator zu sein, wurden auch im Geschäftsjahr 2013 die Aktivitäten im Bereich Forschung und Entwicklung aller Wirtgen
Group-Marken nachhaltig gefördert, um die Bedürfnisse und Anforderungen der Märkte weltweit in hochmoderne Produktlösungen umzusetzen. Die Werke im In- und Ausland garantieren zudem mit modernsten
Fertigungsverfahren und funktionsfähigen Qualitätssicherungssystemen spezifisches Know-How in der gesamten Prozesskette von der Entwicklung über die Fertigung bis hin zur Montage der Maschinen bei
höchster Qualität.";;2013;GmbH;Konzernabschluss;Dornbach GmbH
"Der Geschäftsbereich Wirtgen Road Technologies verfügt über das in Breite und Tiefe umfangreichste Maschinenprogramm im Marktsegment Straßenbau und setzt mit der Markteinführung zahlreicher neuer
Produkte und der Modernisierung des Produktportfolios einmal mehr Maßstäbe im Hinblick auf Produktivität, Bedienkomfort, Motorisierung und Kraftstoffverbrauch.";;2013;GmbH;Konzernabschluss;Dornbach GmbH
"Im Geschäftsbereich Mineral Technologies ermöglichen nachhaltige Projekte in den Bereichen Entwicklung und Konstruktion die Markteinführung neuer Produkte sowie die Optimierung der Herstellungsverfahren.
Hierdurch werden die Voraussetzungen für die Erweiterung des Produktportfolios um hochentwickelte innovative Maschinen zu wettbewerbsfähigen Preisen und somit für die weitere Expansion auch durch
Erschließung neuer Märkte geschaffen.";;2013;GmbH;Konzernabschluss;Dornbach GmbH
"Im Vertriebs- und Service-Bereich garantieren hoch qualifizierte und motivierte Vertriebs-und Service-Teams sowie moderne Werkstätten qualitativ hochwertige Beratung sowie kompetenten Service weltweit.
Durch regelmäßige Qualifizierungsmaßnahmen werden die Mitarbeiter auf die Anforderungen des jeweiligen Marktes vorbereitet und in Hinblick auf Produktinnovationen geschult, so dass stets ein Höchstmaß an
Fachkompetenz sichergestellt ist, auf dessen Grundlage kundenorientierte Lösungen entwickelt werden können. Zur konzernweiten Service-Philosophie gehört zudem auch eine kundenorientierte After-Sales-Betreuung,
die durch gut sortierte Ersatzteillager in Kundennähe und erfahrene Service-Techniker schnelle Lösungen auch unmittelbar vor Ort ermöglicht.";;2013;GmbH;Konzernabschluss;Dornbach GmbH
Die Wirtgen Group zeigte sich im abgelaufenen Geschäftsjahr als bestens aufgestellt, sich auch in einem für die Maschinenbaubranche weltweit schwierigen konjunkturellen Umfeld stabil zu behaupten.;;2013;GmbH;Konzernabschluss;Dornbach GmbH
"Im Geschäftsjahr 2013 erwirtschaftete die Wirtgen Group Umsatzerlöse in Höhe von EUR 1.864 Mio. Erfreulich entwickelten sich die Geschäfte vor allem auf dem asiatischen und amerikanischen Markt, wozu
insbesondere China und Brasilien mit deutlichen Umsatzanstiegen beitrugen. Auch in Westeuropa zeigte sich die Umsatzentwicklung positiv, während im osteuropäischen Raum und insbesondere in Russland
sowie auf dem australischen Markt Umsatzrückgänge hingenommen werden mussten. Insgesamt konnte die Wirtgen Group jedoch den in seiner Deutlichkeit unerwarteten negativen Branchentrend kompensieren
und den Umsatzrückgang auf 2,3 % beschränken.";;2013;GmbH;Konzernabschluss;Dornbach GmbH
3. Lage des Unternehmens;;2013;GmbH;Konzernabschluss;Dornbach GmbH
3.1 Ertragslage;;2013;GmbH;Konzernabschluss;Dornbach GmbH
"Die der gesamtwirtschaftlichen Entwicklung im abgelaufenen Geschäftsjahr und den moderat zuversichtlichen konjunkturellen Aussichten geschuldete gegenläufige Umsatz- und Bestandsentwicklung führten zu
einem Rückgang des Rohertrages um lediglich EUR 14 Mio. auf EUR 885 Mio. Die Materialeinsatzquote erhöhte sich auf Grund von Verschiebungen in Produkt- und Absatzmarktmix von 52,5 % auf 52,9 %.";;2013;GmbH;Konzernabschluss;Dornbach GmbH
"Der hohe Anspruch und die stetige Weiterentwicklung im Bereich Qualität und Service resultierte im Geschäftsjahr 2013 in einem Anstieg der Beschäftigen der Wirtgen Group um 225 auf 5.844 Mitarbeiter im
Jahresdurchschnitt. Zur langfristigen Sicherung des Fachkräftepotenzials setzt die Wirtgen Group seit vielen Jahren auf den eigenen Nachwuchs. Im Durchschnitt absolvieren 228 Auszubildende in insgesamt elf Ausbildungsberufen ihre Berufsausbildung in der Wirtgen Group. Sie werden in eigenen Ausbildungszentren, in den verschiedenen Abteilungen und Produktionsbereichen sowie durch innerbetrieblichen
Unterricht systematisch auf ihren künftigen Einsatz im Unternehmen vorbereitet.";;2013;GmbH;Konzernabschluss;Dornbach GmbH
"Der Anstieg der Beschäftigten führte zu einer Erhöhung der Personalkosten um EUR 19 Mio. auf EUR 336 Mio. Der Anstieg der übrigen betrieblichen Aufwendungen um netto EUR 18 Mio. auf EUR 293 Mio.
ist im Wesentlichen auf aus Sicht der Wirtgen Group negative Währungskursentwicklungen und die im Zusammenhang mit der bauma 2013 entstandenen Kosten zurückzuführen.";;2013;GmbH;Konzernabschluss;Dornbach GmbH
Im Ergebnis konnte die Wirtgen Group im Geschäftsjahr 2013 somit erneut ein deutlich positives Betriebsergebnis in Höhe von EUR 199 Mio. (i.Vj. EUR 253 Mio.) erwirtschaften.;;2013;GmbH;Konzernabschluss;Dornbach GmbH
3.2 Finanz- und Vermögenslage;;2013;GmbH;Konzernabschluss;Dornbach GmbH
Im Geschäftsjahr 2013 investierte die Wirtgen Group EUR 92 Mio. in ihr Anlagevermögen.;;2013;GmbH;Konzernabschluss;Dornbach GmbH
"Nachdem in den vergangenen Jahren stark in die Modernisierung und die Kapazitätserweiterung der deutschen Stammwerke investiert worden ist, liegt ein wesentlicher Schwerpunkt der konzernweiten Investitionstätigkeit
nun auf der weltweiten Vertriebs- und Service-Infrastruktur. Dies umfasst sowohl den Ausbau und die Modernisierung bestehender Niederlassungen als auch die Erweiterung des weltweiten Vertriebsund
Servicenetzwerkes um neue Standorte, wie beispielsweise in Perth/Australien und Kuala Lumpur/Malaysia. Zudem wird durch Investitionen in die Auslandswerke die weitere Erschließung der Emerging
Markets nachhaltig gefördert.";;2013;GmbH;Konzernabschluss;Dornbach GmbH
Durch die starke Ertragskraft der Wirtgen Group konnten die Investitionen vollständig aus dem operativen Geschäft heraus finanziert werden.;;2013;GmbH;Konzernabschluss;Dornbach GmbH
Im Geschäftsjahr wurden zudem in Höhe von EUR 83 Mio. Bankdarlehen abgelöst. Zum 31. Dezember 2013 betragen die Verbindlichkeiten gegenüber Kreditinstituten EUR 274 Mio. (i.Vj. EUR 357 Mio.);;2013;GmbH;Konzernabschluss;Dornbach GmbH
"Das Eigenkapital ist bei vollständiger Gewinnthesaurierung um EUR 119 Mio. auf EUR 1.129 Mio. gestiegen. Bei einer Bilanzsumme in Höhe von EUR 1.674 Mio. (i.Vj. EUR 1.584 Mio.) beträgt die Eigenkapitalquote
zum 31. Dezember 2013 67,5 % (i.Vj. 63,8 %).";;2013;GmbH;Konzernabschluss;Dornbach GmbH
III. Nachtragsbericht; 64 ;2013;GmbH;Konzernabschluss;Dornbach GmbH
Nach dem Bilanzstichtag sind keine Vorgänge von besonderer Bedeutung eingetreten, die zu einer anderen Darstellung der Ertrags-, Finanz- und Vermögenslage geführt haben.; 64 ;2013;GmbH;Konzernabschluss;Dornbach GmbH
IV. Prognose-, Chancen und Risikobericht;;2013;GmbH;Konzernabschluss;Dornbach GmbH
Die künftige Geschäftsentwicklung wird maßgeblich von der konjunkturellen Entwicklung in den Absatzmärkten sowie der Wettbewerbsposition in den jeweiligen Produktsparten bestimmt.;;2013;GmbH;Konzernabschluss;Dornbach GmbH
Nach den jüngsten Prognosen der Wirtschaftsforschungsinstitute wird sich der Aufschwung in 2014 ausgehend von einer zunehmenden Wirtschaftsdynamik in den Industrieländern moderat fortsetzen.;;2013;GmbH;Konzernabschluss;Dornbach GmbH
"Während die US-amerikanische Wirtschaftsentwicklung den zuversichtlichen Erwartungen im ersten Quartal 2014 noch nicht gerecht werden konnte, sind im Euro-Raum vor dem Hintergrund erster Erfolge
bei der Bekämpfung der Staatsverschuldung und gesunkener Risiken für den Euro bereits erste Anzeichen für ein Anziehen der Konjunktur spürbar. Die gesamteuropäische Entwicklung wird jedoch durch die
Schwäche der russischen Wirtschaft als Folge des Konfliktes mit der Ukraine und den daraus resultierenden Spannungen mit der westlichen Welt beeinflusst. Asien wird trotz anhaltender Stagnation in Japan mit
deutlich positiven Wachstumsraten zur Weltkonjunktur beitragen. Insbesondere in China werden diese jedoch nicht mehr das hohe Niveau vergangener Jahre erreichen können.";;2013;GmbH;Konzernabschluss;Dornbach GmbH
"Die Erwartungen der deutschen Maschinen- und Anlagenbau-Branche zeigen sich für das Geschäftsjahr 2014 vorsichtig optimistisch. Positive Impulse werden insbesondere aus dem Euro-Raum und dem USamerikanischem
Markt erwartet.";;2013;GmbH;Konzernabschluss;Dornbach GmbH
"Die stetigen Investitionen der Stammwerke in Zukunftstechnologien gewährleisten auch zukünftig ein Produktportfolio bestehend aus technisch hoch entwickelten, umweltverträglichen und innovativen Produkten
zu marktadäquaten Preisen und somit die Stärkung sowie den Ausbau des Wettbewerbsvorsprungs. Mit innovativen Entwicklungen und richtungsweisenden Weltneuheiten werden die Marken der Wirtgen Group
weiterhin ihre Technologieführerschaft behaupten und sind bestens aufgestellt, den aus Änderungen von Abgasrichtlinien resultierenden Herausforderungen mit intelligenten und effizienten Lösungen zu begegnen.";;2013;GmbH;Konzernabschluss;Dornbach GmbH
"Darüber hinaus wird das Leistungsangebot des Geschäftsbereiches Wirtgen Road Technologies ab dem Geschäftsjahr 2014 um die neuartige WITOS®-Technologie ergänzt. Das modular aufgebaute Softwaresystem
besteht zum einen aus einem Flotten- und Servicemanagement und ermöglicht zum anderen neue Wege in der Prozessoptimierung. Dadurch gelingt es erstmals, die Organisation von Bauprozessen nach dem Just-
In-Time-Prinzip umzusetzen und die Prozesse vom Fräsen, über den Asphalteinbau bis hin zur Verdichtung zu optimieren.";;2013;GmbH;Konzernabschluss;Dornbach GmbH
"Im Geschäftsbereich Mineral Technologies werden deutliche Wachstumspotentiale im Ausbau der Marktanteile und in der Erschließung zusätzlicher Marktsegmente durch die Optimierung und Erweiterung des
Produktportfolios gesehen.";;2013;GmbH;Konzernabschluss;Dornbach GmbH
"Die Wirtgen Group hat zudem nachhaltig in die Auslandswerke investiert und entwickelt stetig die Produktprogramme für die Emerging Markets fort, um zukünftig noch stärker an der dynamischen Wirtschaftsentwicklung
der Schwellenländer partizipieren zu können.";;2013;GmbH;Konzernabschluss;Dornbach GmbH
"Auch in 2014 werden umfassende Investitionen in die kontinuierliche Weiterentwicklung des Service- und Vertriebsnetzwerkes getätigt, um die Kundenbetreuung und die Vertriebswege auf höchsten Effizienzund
Qualitätsniveau weiter zu optimieren.";;2013;GmbH;Konzernabschluss;Dornbach GmbH
Die Wirtgen Group wird somit im laufenden Geschäftsjahr ihre starke Marktposition behaupten und ausbauen und geht zudem von einer deutlich positiven Absatz- und Ergebnisentwicklung aus.;;2013;GmbH;Konzernabschluss;Dornbach GmbH
"Unabhängig von der jeweiligen konjunkturellen Entwicklung verfolgt die Wirtgen Group ein konsequentes Risikomanagement. Insbesondere die Konjunktur-, Absatz- und Finanzierungsrisiken unterliegen einer
stetigen Überwachung und Analyse im Hinblick auf ihre Auswirkungen auf die Vermögens-, Finanz- und Ertragslage des Konzerns. Auf der Beschaffungsseite wird auf Grund der hohen Volatilität der Energie-,
Stahl- und sonstigen Rohstoffe ein kalkulierbares Restrisiko verbleiben. Wechselkurs- und Zinsänderungsrisiken werden kontinuierlich beobachtet und mittels geeigneter Sicherungsinstrumente kompensiert oder
zumindest minimiert. Ein aktives Forderungscontrolling reduziert zudem konzernweit wirksam das Ausfallrisiko. Die Planungs- und Steuerungsinstrumente zeigen frühzeitig mögliche Risiken an und ermöglichen
diesen flexibel mit geeigneten Maßnahmen der Risikovermeidung und -begrenzung zu begegnen.";;2013;GmbH;Konzernabschluss;Dornbach GmbH
"Zukunftsorientierte Investitionen in Produkt- und Prozessinnovationen sowie Qualität und Service ermöglichen die Festigung des Technologie- und Wettbewerbsvorsprungs in einem wettbewerbsintensiven
Marktumfeld. Die solide Eigenkapitalausstattung sowie das für das laufende Geschäftsjahr erwartete erneut deutlich positive Konzernergebnis bilden die Basis für weiteres Wachstum der Wirtgen Group. Die
Geschäftsführung ist daher zuversichtlich, dass sich die Wirtgen Group auch bei unsicheren konjunkturellen Bedingungen zukünftig gut behaupten wird.";;2013;GmbH;Konzernabschluss;Dornbach GmbH
"Gewinn- und Verlustrechnung für 2013
2013 2012
EUR EUR TEUR
1. Umsatzerlöse 1.863.539.454,86 1.907.323
2. Erhöhung/Verminderung des Bestands an fertigen und unfertigen Erzeugnissen 15.193.548,29 -14.709
3. Sonstige betriebliche Erträge 71.401.859,15 72.740
4. Materialaufwand
a) Aufwendungen für Roh-, Hilfs- und Betriebsstoffe und für bezogene Waren 939.646.401,02 935.023
b) Aufwendungen für bezogene Leistungen 53.663.423,90 57.780
993.309.824,92 992.803
5. Personalaufwand
a) Löhne und Gehälter 280.414.300,80 264.177
b) Soziale Abgaben und Aufwendungen für Altersversorgung und für Unterstützung 55.555.771,53 52.870
335.970.072,33 317.047
6. Abschreibungen auf immaterielle Vermögensgegenstände des Anlagevermögens und Sachanlagen 51.843.109,87 49.697
7. Sonstige betriebliche Aufwendungen 364.091.683,55 347.818
8. Erträge aus Beteiligungen 2.200.000,00 0
9. Sonstige Zinsen und ähnliche Erträge 7.803.336,90 4.539
10. Abschreibungen auf Finanzanlagen und auf Wertpapiere des Umlaufvermögens 147,74 2
11. Zinsen und ähnliche Aufwendungen 14.536.422,51 15.709
12. Ergebnis der gewöhnlichen Geschäftstätigkeit 200.386.938,28 246.817
13. Steuern vom Einkommen und vom Ertrag 39.474.031,45 81.624
14. Latente Steuern 2.084.156,91 -3.152
15. Sonstige Steuern 5.826.532,92 4.973
2013 2012
EUR EUR TEUR
16. Konzern-Jahresüberschuss 153.002.217,00 163.372
17. Einstellung in den Ausgleichs- posten für Anteile in Fremdbesitz -312.309,04 -404
18. Gewinnvortrag 639.435.510,67 565.184
19. Einstellung in andere Gewinnrücklagen 29.292.856,12 20.505
20. Entnahme Gesellschafter 0,00 68.212
21. Konzernbilanzgewinn 762.832.562,51 639.435"; 56 ;2013;GmbH;Konzernabschluss;Dornbach GmbH
Windhagen, den 17. Juli 2014;;2013;GmbH;Konzernabschluss;Dornbach GmbH
