Ab PDF S. 21; Annotierung (Angabe Nummer in Anhangscheckliste) ;Geschäftsjahr;Gesellschaft;Abschlussart;Prüfer
Anhang 2016;;2016;TROX GmbH;Jahresabschluss;PwC
der TROX GmbH, Neukirchen-Vluyn;;2016;TROX GmbH;Jahresabschluss;PwC
Anhang 2016;;2016;TROX GmbH;Jahresabschluss;PwC
Allgemeine Angaben;;2016;TROX GmbH;Jahresabschluss;PwC
Die TROX GmbH mit Sitz in Neukirchen-Vluyn ist im Handelsregister des Amtsgerichts Kleve unter der Nr. HRB 4997 eingetragen.; 90 ;2016;TROX GmbH;Jahresabschluss;PwC
"Der Jahresabschluss 2016 wurde nach den für große Kapitalgesellschaften im Sinne von § 267 Abs. 3 HGB geltenden handelsrechtlichen Vorschriften und den ergänzenden Vorschriften des GmbHG aufgestellt
unter Berücksichtigung der Änderungen durch das Bilanzrichtlinie-Umsetzungsgesetz (BilRUG)."; 8 ;2016;TROX GmbH;Jahresabschluss;PwC
"Neben kleineren Änderungen ergaben sich durch das BilRUG Änderungen bei der Darstellung als auch der Zusammensetzung der Posten der Gewinn- und Verlustrechnung; insbesondere wurde die Definition
der Umsatzerlöse ausgeweitet. Die TROX GmbH hat die neue Definition erstmalig auf den Jahresabschluss zum 31.12.2016 angewendet. Infolge dessen sind die zum 31.12.2015 in der Gewinn- und Verlustrechnung
ausgewiesenen Beträge der von der Änderung betroffenen Positionen (Umsatzerlöse, sonstige betriebliche Erträge, Materialaufwand und sonstige betriebliche Aufwendungen) nicht mit den Beträgen zum
31.12.2016 vergleichbar. Die Auswirkungen werden im Anhang bei den Erläuterungen zu den Posten der Gewinn- und Verlustrechnung erläutert."; 2 ;2016;TROX GmbH;Jahresabschluss;PwC
Um die Klarheit der Darstellung zu vergrößern, haben wir verschiedene Posten der Bilanz und der Gewinn- und Verlustrechnung zusammengefasst. Diese Posten werden im Anhang gesondert ausgewiesen.; 7 ;2016;TROX GmbH;Jahresabschluss;PwC
Bilanzierungs- und Bewertungsmethoden;;2016;TROX GmbH;Jahresabschluss;PwC
"Selbst programmierte Software wird in Ausübung des Wahlrechts gemäß § 248 Abs.2 HGB als selbst geschaffene immaterielle Vermögensgegenstände aktiviert. Die selbst geschaffenen immateriellen Vermögensgegenstände
werden zu Herstellungskosten abzüglich planmäßiger Abschreibungen bewertet. Die Herstellungskosten umfassen direkt zurechenbare Fremdkosten, Fertigungskosten sowie angemessene Teile
der Fertigungsgemeinkosten."; 8.0 ;2016;TROX GmbH;Jahresabschluss;PwC
Entgeltlich erworbene immaterielle Vermögensgegenstände werden zu Anschaffungskosten, vermindert um planmäßige Abschreibungen, bewertet.; 8.2 ;2016;TROX GmbH;Jahresabschluss;PwC
"Die Bewertung der Sachanlagen erfolgt zu Anschaffungs- oder Herstellungskosten abzüglich planmäßiger Abschreibungen, die nach der betriebsgewöhnlichen Nutzungsdauer bemessen werden. Soweit den
Anlagegegenständen am Bilanzstichtag voraussichtlich dauerhaft ein niedrigerer Wert beizulegen ist, werden außerplanmäßige Abschreibungen vorgenommen. Die Nutzungsdauern betragen bei Gebäuden zwischen
10 und 33 Jahren, bei Maschinen und technischen Anlagen zwischen 5 und 11 Jahren und bei der Betriebs- und Geschäftsausstattung zwischen 3 und 14 Jahren. Zugänge zum Sachanlagevermögen werden ab 2008
ausschließlich linear abgeschrieben. Vor dem 1. Januar 2008 angeschaffte Sachanlagegüter werden teilweise noch nach der degressiven mit Übergang zur linearen Methode abgeschrieben. Zugänge an beweglichen
Sachanlagegütern werden seit 2004 pro-rata-temporis abgeschrieben; bei Anlagenabgängen werden die Abschreibungen zeitanteilig berechnet. Geringwertige Wirtschaftsgüter mit Anschaffungskosten von bis
zu EUR 150,00 werden unmittelbar im Aufwand erfasst. Ab dem 1. Januar 2010 angeschaffte geringwertige Wirtschaftsgüter von EUR 150,00 bis zu EUR 410,00 werden aktiviert und im Zugangsjahr voll
abgeschrieben sowie im Folgejahr als Abgang behandelt."; 8.7 ;2016;TROX GmbH;Jahresabschluss;PwC
"Die Herstellungskosten der selbsterstellten Anlagen umfassen direkt zurechenbare Material- und Fremdkosten, Fertigungskosten sowie angemessene Teile der Materialgemeinkosten, der Fertigungsgemeinkosten,
der Werteverzehrs des Anlagevermögens, soweit dieser durch die Fertigung veranlasst ist, sowie angemessenen Teile der Kosten des Produktionsmanagements und der Entwicklung."; 8.7 ;2016;TROX GmbH;Jahresabschluss;PwC
"Leasingverhältnisse, bei denen ein wesentlicher Anteil der Risiken und Chancen, die mit dem Eigentum am Leasingobjekt verbunden sind, beim Leasinggeber verbleibt, werden als Operating-Leasingverhältnisse
qualifiziert. Im Zusammenhang mit einem Operating-Leasingverhältnis geleistete Zahlungen werden linear über die Dauer des Leasingverhältnisses in der Gewinn- und Verlustrechnung erfasst."; 8.7 ;2016;TROX GmbH;Jahresabschluss;PwC
"Die Anteile an verbundenen Unternehmen werden mit Anschaffungskosten bzw. niedrigeren beizulegenden Werten am Bilanzstichtag bilanziert. Abschreibungen bzw. Zuschreibungen gemäß § 253 Abs. 3
Satz 4 und Abs. 5 Satz 1 HGB werden auf Basis von Planungsrechnungen unter besonderer Berücksichtigung der aktuellen Ertragslage vorgenommen. Bei Wegfall der Gründe für die Abschreibungen werden
entsprechende Zuschreibungen vorgenommen."; 8.13 ;2016;TROX GmbH;Jahresabschluss;PwC
Ausleihungen sind zum Nominalwert bzw. mit dem niedrigeren beizulegenden Wert bilanziert.; 8.16, 8.14, 8.18 ;2016;TROX GmbH;Jahresabschluss;PwC
"Die Roh-, Hilfs- und Betriebsstoffe sowie Handelswaren sind zu durchschnittlichen Einstandspreisen oder ggf. zum niedrigeren Preis der letzten Bestellungen bzw. Zugänge gegen Ende des Geschäftsjahres
bewertet. Gängigkeitsabschläge werden abhängig von der letzten Warenbewegung nach Alter gestaffelt vorgenommen."; 8.21 ;2016;TROX GmbH;Jahresabschluss;PwC
"Die Bewertung der unfertigen und der fertigen Erzeugnisse und Leistungen erfolgt entsprechend § 255 Abs. 2 HGB mit den Material- und Fertigungseinzelkosten sowie den Material- und Fertigungsgemeinkosten
und dem Werteverzehr des Anlagevermögens. Die Ermittlung der Herstellungskosten erfolgt auf Basis individueller Kalkulationsdaten gemäß der Material- und Lohnstrukturen für die Produktion. In Ausnahmefällen
wurden die unfertigen Erzeugnisse hilfsweise gewichts- oder flächenmäßig nach Materialgruppen bewertet. Für die einzelnen Materialgruppen erfolgte die Bewertung zu pauschalen Kostensätzen."; 8.22, 8.23 ;2016;TROX GmbH;Jahresabschluss;PwC
"Die Forderungen und sonstigen Vermögensgegenstände werden grundsätzlich zum Nominalwert bewertet. Erkennbare Risiken werden durch angemessene Wertberichtigungen berücksichtigt. Dem allgemeinen
Ausfall- und Kreditrisiko wird durch eine Pauschalwertberichtigung ausreichend Rechnung getragen."; 8.25 ;2016;TROX GmbH;Jahresabschluss;PwC
"Abweichend von der Bewertung zum Nominalwert ist das unter den sonstigen Vermögensgegenständen ausgewiesene Körperschaftsteuerguthaben i.S.v. § 37 KStG mit dem Barwert der zukünftigen Erstattungen
angesetzt worden."; 8.29 ;2016;TROX GmbH;Jahresabschluss;PwC
Die Kassenbestände und Guthaben bei Kreditinstituten werden zum Nennwert angesetzt.; 8.33 ;2016;TROX GmbH;Jahresabschluss;PwC
Die Rechnungsabgrenzungsposten enthalten transitorische Aufwendungen, die in der Regel zeitproportional erfolgswirksam aufgelöst werden.; 8.34 ;2016;TROX GmbH;Jahresabschluss;PwC
Der Aktivüberhang der latenten Steuern in Höhe von TEUR 8.872 wird in Ausübung des Wahlrechts nach § 274 Abs. 1 Satz 2 HGB bilanziert.; 8.35 ;2016;TROX GmbH;Jahresabschluss;PwC
"Die Rückstellungen für Pensionen werden auf der Grundlage versicherungsmathematischer Berechnungen unter Berücksichtigung der Richttafeln 2005 G von Prof. Dr. Klaus Heubeck nach dem Anwartschaftsbarwertverfahren
(Projected-Unit-Credit-Methode) gebildet. Der Berechnung der Pensionsrückstellungen liegen die folgenden Bewertungsparameter zugrunde:"; 8.49, 34 ;2016;TROX GmbH;Jahresabschluss;PwC
"31.12.2016 31.12.2015
Zinssatz 4,01% 3,89%
Rententrend 1,66% 1,66%
Fluktuation 4,50% 4,50%"; 8.49, 34 ;2016;TROX GmbH;Jahresabschluss;PwC
"Der Rechnungszinssatz entspricht dem von der Deutschen Bundesbank veröffentlichten Abzinsungssatz gem. § 253 Abs 2 HGB für den Monat Dezember 2016 bei einer Restlaufzeit von 15 Jahren. Der Abzinsungszinssatz
wird seit dem Berichtsjahr als Durchschnitt der Marktzinssätze der letzten 10 Jahre berechnet, bis 2015 erfolgte die Durchschnittsbildung auf Basis der letzten sieben Jahre."; 8.49, 34, 35 ;2016;TROX GmbH;Jahresabschluss;PwC
Bei den Pensionsverpflichtungen handelt es sich ausschließlich um Festbetragszusagen, so dass ein Einkommenstrend nicht zu berücksichtigen ist.; 8.49, 34 ;2016;TROX GmbH;Jahresabschluss;PwC
Auf Basis der tatsächlichen Verhältnisse des Renteneintritts der letzten 5 Jahre wurde das Finanzierungsendalter unverändert bei Männern mit 64 Jahren und bei Frauen mit 63 Jahren berücksichtigt.; 8.49, 34 ;2016;TROX GmbH;Jahresabschluss;PwC
"Bei der Bemessung der übrigen Rückstellungen wird allen erkennbaren Risiken, ungewissen Verbindlichkeiten sowie drohenden Verlusten aus schwebenden Geschäften Rechnung getragen. Die Rückstellungen
sind in der Höhe des nach vernünftiger kaufmännischer Beurteilung notwendigen Erfüllungsbetrages angesetzt. Sonstige Rückstellungen mit einer Laufzeit von mehr als einem Jahr sind mit dem ihrer Restlaufzeit
entsprechenden durchschnittlichen Marktzinssatz der vergangenen sieben Geschäftsjahre abgezinst."; 8.50,  ;2016;TROX GmbH;Jahresabschluss;PwC
Die Bewertung der Rückstellungen für Verpflichtungen aus Altersteilzeit und Jubiläen erfolgte auf der Grundlage der Richttafeln 2005 G von Prof. Dr. Klaus Heubeck nach versicherungsmathematischen Grundsätzen.; 8.51 ;2016;TROX GmbH;Jahresabschluss;PwC
Die Rückstellungen für Verpflichtungen aus Altersteilzeit enthalten Aufstockungsbeträge, bis zum Abschlussstichtag aufgelaufene Erfüllungsrückstände, Altersteilzeitabfindungen sowie Sozialversicherungsbeträge.; 8.51 ;2016;TROX GmbH;Jahresabschluss;PwC
"Gem. § 246 Abs. 2 Satz 2 HGB wurde die Rückstellung für langfristige Arbeitszeitkonten mit Deckungsvermögen in Form einer verpfändeten Rückdeckungsversicherung verrechnet sowie der Ertrag aus dem
Deckungsvermögen mit der Zinszuführung zur Rückstellung für langfristige Arbeitszeitkonten saldiert. Die Bewertung des Deckungsvermögens erfolgt mit den fortgeführten Anschaffungskosten, die dem vom
Versicherer mitgeteilten geschäftsplanmäßigen Deckungsvermögen des Versicherungsvertrags entsprechen. Soweit der beizulegende Zeitwert (=fortgeführte Anschaffungskosten) des Deckungsvermögens den
Betrag der Arbeitszeitkonten übersteigt, wird der übersteigende Betrag auf der Aktivseite unter dem Posten „Aktiver Unterschiedsbetrag aus der Vermögensverrechnung“ ausgewiesen."; 8.51, 37 ;2016;TROX GmbH;Jahresabschluss;PwC
Der Berechnung der langfristigen Personalrückstellungen zum 31. Dezember 2016 liegen die folgenden Bewertungsparameter zugrunde:; 8.51 ;2016;TROX GmbH;Jahresabschluss;PwC
"Jubiläen Altersteilzeit
langfristige Arbeitszeitkonten
Zinssatz 3,24% 1,59% 1,67 % - 3,24 %
Einkommenstrend 2,50% 2,50% 2,50%
Fluktuation 4,50% - -"; 8.51 ;2016;TROX GmbH;Jahresabschluss;PwC
Verbindlichkeiten werden zum Erfüllungsbetrag angesetzt.; 8.52 ;2016;TROX GmbH;Jahresabschluss;PwC
"Die Werte für Eventualverbindlichkeiten aus Bürgschaften für Bankkredite und Gewährleistungsverträgen für Tochtergesellschaften entsprechen den am Bilanzstichtag tatsächlich in Anspruch genommenen
Kreditbeträgen bzw. dem Höchstbetrag der übernommenen Gewährleistungsverpflichtung."; 8.55 ;2016;TROX GmbH;Jahresabschluss;PwC
"Geschäftsvorfälle in fremder Währung werden mit dem Kurs zum Zeitpunkt der Erstverbuchung, bei Deckung durch Sicherungsgeschäfte mit dem Sicherungskurs bewertet. Forderungen und Verbindlichkeiten
ohne Sicherungsgeschäft werden mit dem Stichtagskurs bewertet, bei Laufzeiten von über einem Jahr unter Beachtung des Imparitätsprinzips."; 8,0 ;2016;TROX GmbH;Jahresabschluss;PwC
"Zum Ausgleich gegenläufiger Wertänderungen aus Wechselkursrisiken wurden Vermögensgegenstände und Schulden mit Finanzinstrumenten zusammengefasst (Bewertungseinheit). Zur Absicherung von Währungsrisiken
im Zusammenhang mit erwarteten Liefer- und Leistungstransaktionen mit ausländischen Kunden und Lieferanten wurden Devisentermingeschäfte abgeschlossen. Für diese Devisentermingeschäfte
und die entsprechenden Grundgeschäfte wurden wie im Vorjahr Bewertungseinheiten gebildet."; 28 ;2016;TROX GmbH;Jahresabschluss;PwC
Erläuterungen zu den Posten der Bilanz und der Gewinn- und Verlustrechnung;;2016;TROX GmbH;Jahresabschluss;PwC
1. Anlagevermögen; 4.1 ;2016;TROX GmbH;Jahresabschluss;PwC
"31.12.2016.
EUR
31.12.2015.
EUR
Immaterielle Vermögensgegenstände
Selbst geschaffene gewerbliche Schutzrechte und ähnliche Rechte und Werte 563.630 688.682
Entgeltlich erworbene Lizenzen 1.773.214 2.912.466
Anzahlungen auf immaterielle Vermögensgegenstände 1.073.742 498.719
3.410.586 4.099.867
Sachanlagen
Grundstücke, grundstücksgleiche Rechte und Bauten einschließlich der Bauten auf fremden Grundstücken 27.498.878 28.618.205
Technische Anlagen und Maschinen 8.544.365 9.143.726
Andere Anlagen, Betriebs- und Geschäftsausstattung 5.502.947 5.883.995
Geleistete Anzahlungen und Anlagen im Bau 433.006 800.680
41.979.196 44.446.606
Finanzanlagen
Anteile an verbundenen Unternehmen 116.700.959 107.955.405
Ausleihungen an verbundene Unternehmen 15.828.495 23.325.710
Sonstige Ausleihungen 202.543 211.659
132.731.997 131.492.774
178.121.779 180.039.247"; 4.1 ;2016;TROX GmbH;Jahresabschluss;PwC
Einzelheiten zur Entwicklung des Anlagevermögens sind dargestellt.; 4.1 ;2016;TROX GmbH;Jahresabschluss;PwC
"Im Jahr 2016 hat die TROX GmbH damit begonnen, die in den Jahren 2005 und 2006 geschaffene spanische Holdingsstruktur auszulösen. Im ersten Schritt hat die TROX GmbH Ende 2016 die bisher von
der TROX Holding gehaltenen Beteiligungen an TROX Schweiz, TROX Norwegen und TROX Österreich für TEUR 67.211 erworben, so dass die TROX Holding nur noch die Beteiligung an TROX Spanien hält. Im Rahmen der Auflösung der spanischen Holdingstruktur ergaben sich außerdem bei den Anteilen an verbundenen Unternehmen Abgänge von TEUR 47.358 infolge von Einlagenrückgewährung aus
Kapitalrücklagen sowie Abschreibungen auf Beteiligungsbuchwerte in Höhe von TEUR 7.595."; 4.13, 4.15 ;2016;TROX GmbH;Jahresabschluss;PwC
2. Aufstellung des Anteilsbesitzes; 4.13 ;2016;TROX GmbH;Jahresabschluss;PwC
Die Aufstellung des Anteilsbesitzes ist dargestellt.; 4.13 ;2016;TROX GmbH;Jahresabschluss;PwC
3. Vorräte; 4.20 ;2016;TROX GmbH;Jahresabschluss;PwC
"31.12.2016.
EUR
31.12.2015.
EUR
Roh-, Hilfs- und Betriebsstoffe 16.464.698 15.235.829
Unfertige Erzeugnisse und Leistungen 1.848.965 1.898.809
Fertige Erzeugnisse und Waren 2.190.706 3.127.695
geleistete Anzahlungen 80.000 40.000
20.584.369 20.302.333"; 4.20 ;2016;TROX GmbH;Jahresabschluss;PwC
4. Forderungen und sonstige Vermögensgegenstände; 4.25 ;2016;TROX GmbH;Jahresabschluss;PwC
In den Forderungen gegen verbundene Unternehmen sind Forderungen aus Lieferungen und Leistungen in Höhe von TEUR 13.985 (Vorjahr: TEUR 13.226) enthalten.; 4.27, 6 ;2016;TROX GmbH;Jahresabschluss;PwC
Forderungen gegen verbundene Unternehmen in Höhe von TEUR 840 haben eine Restlaufzeit von mehr als einem Jahr (Vorjahr: TEUR 789).; 4.27 ;2016;TROX GmbH;Jahresabschluss;PwC
Sonstige Vermögensgegenstände in Höhe von TEUR 909, die an Tochtergesellschaften weiterzuberechnende Softwarekosten betreffen, haben eine Restlaufzeit von mehr als einem Jahr (Vorjahr: TEUR 781).; 4.29 ;2016;TROX GmbH;Jahresabschluss;PwC
5. Aktive Latente Steuern; 4.35 ;2016;TROX GmbH;Jahresabschluss;PwC
"Nach dem Temporary-Konzept werden latente Steuern für Differenzen zwischen den handels- und steuerrechtlichen Wertansätzen der Bilanzposten ermittelt. Die Ermittlung der latenten Steuern auf diese Differenzen
erfolgt mit effektiven Ertragsteuersätzen von 15,825 % für die Körperschaftsteuer inkl. Solidaritätszuschlag und mit 14,993 % für die Gewerbesteuer. Diese Ertragsteuersätze gelten auch für die laufende
Besteuerung."; 4.35, 24 ;2016;TROX GmbH;Jahresabschluss;PwC
"Nach Verrechnung der aktiven und passiven latenten Steuern verbleibt ein aktiver Überhang von TEUR 8.872, der entsprechend dem Wahlrecht des § 274 Abs. 1 Satz 2 HGB aktiviert wird. Der aktive Überhang
der latenten Steuern hat sich gegenüber dem Vorjahr wie folgt verändert:"; 4.35, 24 ;2016;TROX GmbH;Jahresabschluss;PwC
"31.12.2015 Differenz
Handels-/ Steuerbilanz.
EUR
31.12.2015 Steuer.
EUR
Veränderung Differenz
Handels-/ Steuerbilanz.
EUR
Veränderung Steuer.
EUR
31.12.2016 Differenz
Handels-/ Steuerbilanz.
EUR
31.12.2016 Steuer.
EUR
Aktive latente Steuern
Aktiva
Immaterielle Vermögensgegenstände
0 0 7.111 2.190 7.111 2.190
Sachanlagevermögen 0 0 26.948 8.305 26.948 8.305
Vorräte 0 0 295.658 91.122 295.658 91.122
Forderungen und sonstige
Vermögensgegenstände
0 0 27.000 8.321 27.000 8.321
Passiva
Pensionsrückstellungen 11.947.891 3.682.340 (821.940) (253.546) 11.125.951 3.428.794
Sonstige Rückstellungen 8.492.610 2.617.423 (4.148.630) (1.278.697) 4.343.980 1.338.726
Summe 6.299.763 (1.422.305) 4.877.458
Passive latente Steuern
Aktiva
Immaterielle Vermögensgegenstände
(1.033.989) (318.675) 439 155 (1.033.550) (318.520)
Sachanlagevermögen (1.344.637) (414.418) 282.791 87.177 (1.061.846) (327.241)
Passiva
Sonstige Rückstellungen (190.572) (58.734) 190.572 58.734 0 0
Summe (791.827) 146.066 (645.761)
Verlustvortrag (KST) 23.969.605 15.035.000
innerhalb von 5 Jahren
erwartete Verlustverrechnung
12.996.000 4.005.000 2.039.000 635.000 15.035.000 4.640.000
Aktiver Überhang 9.512.936 (641.239) 8.871.697"; 4.35, 24 ;2016;TROX GmbH;Jahresabschluss;PwC
6. Aktiver Unterschiedsbetrag aus der Vermögensverrechnung; 4.36 ;2016;TROX GmbH;Jahresabschluss;PwC
"Der aktive Unterschiedsbetrag aus der Vermögensverrechnung in Höhe von TEUR 7 beinhaltet den Unterschiedsbetrag aus dem Deckungsvermögen zur Sicherung der Verpflichtungen aus langfristigen Arbeitszeitkonten
und den hierfür gebildeten Rückstellungen nach den Grundsätzen der Einzelbewertung."; 4.36, 37 ;2016;TROX GmbH;Jahresabschluss;PwC
7. Gezeichnetes Kapital und Kapitalrücklage; 4.38, 4.39 ;2016;TROX GmbH;Jahresabschluss;PwC
Die Heinz Trox-Stiftung hält Gesellschaftsanteile in Höhe von TEUR 35.684 und somit 93,9% des Stammkapitals von TEUR 38.000.; 4.38 ;2016;TROX GmbH;Jahresabschluss;PwC
"Im Rahmen der Kapitalerhöhung vom 5. Dezember 2007 (Eintragung in das Handelsregister am 29. Januar 2008) ist das Stammkapital um TEUR 1.300 erhöht worden. Die neue Stammeinlage wurde mit einem
Aufgeld von TEUR 9.965 ausgegeben. Die neu gebildeten und von der TROX Beteiligungs GmbH gehaltenen Geschäftsanteile konnten noch nicht vollständig an Mitarbeiter übertragen werden. Die noch nicht
geleisteten Agio-Beträge (TEUR 7.401) werden in entsprechender Anwendung des § 272 Abs. 1 HGB von der Kapitalrücklage abgesetzt."; 4.38 ;2016;TROX GmbH;Jahresabschluss;PwC
Im Rahmen eines Schütt-Aus-Hol-Zurück–Verfahrens wurden in 1994 TEUR 2.887 einer Kapitalrücklage im Sinne von § 272 Abs. 2 Nr. 4 HGB zugeführt.; 4.39 ;2016;TROX GmbH;Jahresabschluss;PwC
8. Andere Gewinnrücklagen; 4.40 ;2016;TROX GmbH;Jahresabschluss;PwC
Die anderen Gewinnrücklagen entwickelten sich wie folgt:; 4.40 ;2016;TROX GmbH;Jahresabschluss;PwC
"2016.
EUR
2015.
EUR
Stand 01.01. 84.618.921 84.000.498
Zuführung aus dem Jahresüberschuss des Vorjahres 0 2.052.426
Entnahme für Gewinnausschüttung 1.295.835 1.434.003
Stand 31.12. 83.323.086 84.618.921"; 4.40 ;2016;TROX GmbH;Jahresabschluss;PwC
9. Rückstellungen für Pensionen und ähnliche Verpflichtungen; 4.48 ;2016;TROX GmbH;Jahresabschluss;PwC
"Der Wertansatz der Pensionsrückstellungen entspricht dem vollen Verpflichtungsumfang, Fehlbeträge bestehen nicht. Der Aufwand aus der Veränderung der Abzinsung der Verpflichtungen (TEUR 1.504) sowie
die Auswirkungen aus der Änderung des Rechnungszinses (TEUR -614) werden unter der Position Zinsen und ähnliche Aufwendungen gezeigt. Seit dem Berichtsjahr wird gemäß § 253 Abs.2 S.1 HGB mit dem
durchschnittlichen Marktzinssatz aus den vergangenen zehn Geschäftsjahren, früher aus den letzten sieben Geschäftsjahren abgezinst. Der Unterschiedsbetrag aus der Zinsänderung in Höhe von TEUR 4.249
unterliegt der Ausschüttungssperre gemäß § 253 Abs. 6 HGB."; 4.48 ;2016;TROX GmbH;Jahresabschluss;PwC
10. Steuerrückstellungen; 4.49 ;2016;TROX GmbH;Jahresabschluss;PwC
"Die Rückstellung (TEUR 730; Vorjahr TEUR 0) betrifft neben Rückstellungen für die Ertragsteuern des Berichtsjahres (TEUR 361) und für Gewerbesteuer des Vorjahres (TEUR 16) die erwarteten Ergebnisse
der noch nicht abgeschlossenen Betriebsprüfung für die Jahre 2009 bis 2013 unter Berücksichtigung der Auswirkungen auf die Folgejahre."; 4.49 ;2016;TROX GmbH;Jahresabschluss;PwC
"31.12.2016.
EUR
31.12.2015.
EUR
Körperschaftsteuer 208.513 0
Gewerbesteuer 176.709 0
31.12.2016.
EUR
31.12.2015.
EUR
Betriebsprüfungsrisiken 345.000 0
730.222 0"; 4.49 ;2016;TROX GmbH;Jahresabschluss;PwC
11. Sonstige Rückstellungen; 4.50, 40 ;2016;TROX GmbH;Jahresabschluss;PwC
"31.12.2016.
EUR
31.12.2015.
EUR
Personalaufwendungen 14.977.640 16.730.400
Boni an Großkunden und Gewährleistungen 6.363.100 6.547.200
Übrige 4.341.100 4.143.275
25.681.840 27.420.875"; 4.50, 40 ;2016;TROX GmbH;Jahresabschluss;PwC
"Die Rückstellungen für Personalaufwendungen betreffen im Wesentlichen Rückstellungen für Restrukturierung und Abfindungen (TEUR 4.969), Prämien (TEUR 3.981), langfristige Arbeitszeitkonten (TEUR
2.684), Jubiläumszuwendungen (TEUR 1.236), Urlaubsansprüche (TEUR 907) sowie Gleitzeitstunden (TEUR 607)."; 4.50, 40 ;2016;TROX GmbH;Jahresabschluss;PwC
"Die Rückstellung für Restrukturierung und Abfindungen resultiert noch mit TEUR 1.703 aus Beschlüssen der Geschäftsführung im Vorjahr, die Sach- und Personalkosten nachhaltig zu vermindern. Hierzu wurden
am Standort Vluyn überwiegend Mitarbeiter aus dem Angestelltenbereich sozialverträglich freigestellt. Darüber hinaus erfolgen Restrukturierungsmaßnahmen am Standort Goch. Zur weiteren Produktivitätssteigerung
wurden im Berichtsjahr Sondermaßnahmen in den Werken Anholt und Vluyn sowie im Bereich der leitenden Angestellten beschlossen (TEUR 2.345). Für weitere Einzelmaßnahmen des Berichtsjahres
bestehen Rückstellungen von TEUR 232. Zusammen mit der verbleibenden Rückstellung für Restrukturierungsmaßnahmen in 2013 (TEUR 514) sowie den Einzelmaßnahmen der Vorjahre (TEUR 174) ergibt
sich zum Bilanzstichtag eine Rückstellung für restrukturierungsbedingte Personalkosten in Höhe von TEUR 4.969."; 4.50, 40 ;2016;TROX GmbH;Jahresabschluss;PwC
"Die Rückstellung für langfristige Arbeitszeitkonten (TEUR 2.779) wurde mit Deckungsvermögen in Form einer verpfändeten Rückdeckungsversicherung (TEUR 95) verrechnet. Der beizulegende Zeitwert der
saldierten Rückdeckungsversicherungsansprüche entspricht den fortgeführten Anschaffungskosten (geschäftsplanmäßiges Deckungskapital) gem. Mitteilung des Versicherers."; 4.50, 37, 40 ;2016;TROX GmbH;Jahresabschluss;PwC
"31.12.2016.
EUR
31.12.2015.
EUR
Erfüllungsbetrag der Rückstellung für langfristige Arbeitszeitkonten 2.779.200 2.627.200
Beizulegender Zeitwert des Deckungsvermögens, soweit nicht im aktiven Unterschiedsbetrag aus der Vermögensverrechnung erfasst
95.200 92.300
Rückstellung für langfristige Arbeitszeitkonten 2.684.000 2.534.900
Zinszuführung zur Rückstellung für langfristige Arbeitszeitkonten 182.122 186.150
Ertrag aus Deckungsvermögen (2.791) (2.954)
Aufwandssaldo 179.331 183.196"; 4.50, 37, 40 ;2016;TROX GmbH;Jahresabschluss;PwC
Der Ertrag aus dem Deckungsvermögen wurde mit der Zinszuführung zur Rückstellung für langfristige Arbeitszeitkonten saldiert. Der sich ergebende Aufwandssaldo von TEUR 179 ist im Zinsergebnis enthalten; 4.50, 37, 40 ;2016;TROX GmbH;Jahresabschluss;PwC
12. Verbindlichkeiten; 4.51 ;2016;TROX GmbH;Jahresabschluss;PwC
"Stand am 31.12.2016.
EUR
Restlaufzeit bis zu einem
Jahr.
EUR
Restlaufzeit von mehr als
einem Jahr.
EUR
davon mit Restlaufzeit von
mehr als fünf Jahren.
EUR
Verbindlichkeiten gegenüber Kreditinstituten 44.654.464 15.808.631 28.845.833 2.187.500
(Stand 31.12.2015) (56.406.250) (14.001.786) (42.404.464) (5.313.690)
davon durch Grundschulden gesichert EUR 36.804.464
(Stand 31.12.2015 EUR 44.156.250)
Erhaltene Anzahlungen auf Bestellungen 19.831 19.831 0 0
(Stand 31.12.2015) (6.878) (6.878) 0 0
Verbindlichkeiten aus Lieferungen und Leistungen 2.126.295 2.126.295 0 0
(Stand 31.12.2015) (2.985.999) (2.985.999) 0 0
Verbindlichkeiten gegenüber verbundenen Unternehmen 25.218.701 25.218.701 0 0
(Stand 31.12.2015) (5.621.330) (5.621.330) 0 0
davon durch Grundschulden gesichert EUR 0
(Stand 31.12.2014 EUR 0)
Verbindlichkeiten gegenüber Gesellschaftern 4.000.000 4.000.000 0 0
(Stand 31.12.2015) 0 0 0 0
Sonstige Verbindlichkeiten 7.921.805 7.882.408 39.397 0
(Stand 31.12.2015) (7.769.384) (7.720.844) (48.540) (10.290)
davon aus Steuern EUR 1.824.121
(Stand 31.12.2015 EUR 1.632.911)
davon im Rahmen der sozialen Sicherheit EUR 51.192
(Stand 31.12.2015 EUR 61.112)
83.941.096 55.055.866 28.885.230 2.187.500
(Stand 31.12.2015) (72.789.841) (30.336.837) (42.453.004) (5.323.980)"; 4.51, 20, 42, 43 ;2016;TROX GmbH;Jahresabschluss;PwC
In den Verbindlichkeiten gegenüber verbundenen Unternehmen sind Verbindlichkeiten aus Lieferungen und Leistungen in Höhe von TEUR 222 (Vorjahr: TEUR 638) enthalten.; 4.58, 6 ;2016;TROX GmbH;Jahresabschluss;PwC
13. Haftungsverhältnisse; 46 ;2016;TROX GmbH;Jahresabschluss;PwC
"31.12.2016.
EUR
31.12.2015.
EUR
Verbindlichkeiten aus Bürgschaften 6.159.232 5.102.859
Verbindlichkeiten aus Gewährleistungsverträgen 2.621.991 2.055.200
Haftungsverhältnisse aus der Bestellung von Sicherheiten für fremde Verbindlichkeiten 0 0
8.781.223 7.158.059"; 46 ;2016;TROX GmbH;Jahresabschluss;PwC
"Die TROX GmbH hat sich im Rahmen einer Patronatserklärung gegenüber den Gesellschaftern der TROX GmbH unwiderruflich, unbedingt und unbefristet verpflichtet, TROX Beteiligung finanziell so auszustatten,
dass diese jederzeit in der Lage ist, ihre sämtlichen Verbindlichkeiten aus Rückerwerben von Gesellschaftsanteilen zu erfüllen. Im Berichtsjahr wie auch im Vorjahr hatte die TROX Beteiligung keine
Verbindlichkeiten aus Rückerwerben."; 20, 46 ;2016;TROX GmbH;Jahresabschluss;PwC
"Zugunsten von TROX England, TROX Frankreich, TROX Italien und TROX Arabia hat sich die TROX GmbH verpflichtet, die Gesellschaften in der Weise finanziell auszustatten, dass sie ihre gegenwärtigen und
zukünftigen finanziellen Verpflichtungen erfüllen können. Der mögliche Verpflichtungsbetrag wird zum Bilanzstichtag als Saldo aus kurzfristigen Verbindlichkeiten abzüglich kurzfristiger Forderungen, liquider
Mittel und liquiditätsnaher Vermögensgegenstände aus den Jahresabschlüssen der jeweiligen Gesellschaft ermittelt. Für alle Gesellschaften ergeben sich im Berichtsjahr positive Salden. Wir gehen davon aus,
dass alle Hauptschuldner ihren Verbindlichkeiten nachkommen können."; 20, 46 ;2016;TROX GmbH;Jahresabschluss;PwC
"Die eingegangenen Eventualverbindlichkeiten sind nicht zu passivieren, da die zugrundeliegenden Verbindlichkeiten durch den jeweiligen Hauptschuldner voraussichtlich erfüllt werden können und daher mit
einer Inanspruchnahme nicht zu rechnen ist."; 46, 47 ;2016;TROX GmbH;Jahresabschluss;PwC
Bis zur Jahresabschlusserstellung lagen keine besonderen Anhaltspunkte für eine drohende Inanspruchnahme aus Bürgschaften, Gewährleistungsverträgen oder Sicherheiten für fremde Verbindlichkeiten vor.; 46, 47 ;2016;TROX GmbH;Jahresabschluss;PwC
14. Sonstige finanzielle Verpflichtungen;;2016;TROX GmbH;Jahresabschluss;PwC
"31.12.2016.
EUR
31.12.2015.
EUR
Bestellobligo für Investitionen 2.954.981 1.803.591
Leasingverträge 10.659.120 9.846.164
Mietverträge 502.798 537.533
14.116.899 12.187.288
Die sonstigen finanziellen Verpflichtungen sind wie folgt fällig:
31.12.2016.
EUR
31.12.2015.
EUR
Fällig innerhalb des nächsten Jahres 6.543.226 5.612.639
Fällig innerhalb von zwei bis fünf Jahren 7.237.573 5.882.307
Fällig nach fünf Jahren 336.100 692.342
31.12.2016.
EUR
31.12.2015.
EUR
14.116.899 12.187.288";;2016;TROX GmbH;Jahresabschluss;PwC
Zum Abschlussstichtag bestehen keine sonstigen finanziellen Verpflichtungen aus Altersversorgung und keine sonstigen finanziellen Verpflichtungen gegenüber verbundenen Unternehmen.;;2016;TROX GmbH;Jahresabschluss;PwC
15. Umsatzerlöse; 4.66 ;2016;TROX GmbH;Jahresabschluss;PwC
Die Bruttoverkaufserlöse entfallen auf folgende Produktsegmente:; 4.66, 50 ;2016;TROX GmbH;Jahresabschluss;PwC
"2016.
TEUR %
2015.
TEUR %
Regelgeräte 48.863 21 49.679 22
Brand- und Rauchschutz 45.291 20 46.783 21
Lufttechnik 33.615 15 32.306 14
Klimageräte, Ventilatoren, Kompensatoren 31.500 14 23.924 11
Filter 19.593 8 21.701 10
Akustik 12.699 5 14.501 6
Klappen, Türen, Wetterschutzgitter 11.451 5 11.141 5
LABCONTROL 7.870 3 8.053 4
Filtergeräte 5.443 2 5.289 2
NETCOM 4.365 2 3.843 2
Luft-Wasser-Systeme 4.313 2 4.840 2
Dezentrale Lüftungssysteme 3.630 2 2.073 1
Tunnellüftung 2.151 1 156 0
Wohnungslüftung 471 0 669 0
Bruttoverkaufserlöse 231.255 100 224.958 100
Sonstige Umsatzerlöse 7.251 6.404
Erlösberichtigungen (10.381) (10.354)
Nettoumsatzerlöse 228.125 221.008"; 4.66, 50 ;2016;TROX GmbH;Jahresabschluss;PwC
Die Absatzgebiete gliedern sich wie folgt:; 4.66, 50 ;2016;TROX GmbH;Jahresabschluss;PwC
"2016.
TEUR %
2015.
TEUR %
Deutschland 142.337 62 141.902 63
Übrige EU-Länder 65.201 28 62.292 28
Übriges Europa 14.933 6 15.138 7
Andere Kontinente 8.784 4 5.626 2
Bruttoverkaufserlöse 231.255 100 224.958 100"; 4.66, 50 ;2016;TROX GmbH;Jahresabschluss;PwC
"Aufgrund der Neudefinition der Umsatzerlöse durch das Bilanzrichtlinie-Umsetzungsgesetz (BilRUG) sind die Umsatzerlöse des Berichtsjahrs nicht mit den Umsatzerlösen des Vorjahres vergleichbar. Positionen,
die im Vorjahr in Höhe von TEUR 1.035 unter den sonstigen betrieblichen Erträgen ausgewiesen wurden, wurden im Berichtsjahr in Höhe von TEUR 1.039 als Umsatzerlöse gezeigt. Betroffen sind Erlöse
aus Belastungen an Konzerngesellschaften für erbrachte Dienstleistungen (TEUR 878; Vorjahr TEUR 859), Kantineneinnahmen (TEUR 144; Vorjahr TEUR 161) sowie sonstige Nebenverkäufe und Mieterträge
(TEUR 17; Vorjahr TEUR 16). Aus der Anwendung von § 277 Abs. 1 HGB in der Fassung des BilRUG hätten sich im Geschäftsjahr 2015 Umsatzerlöse von TEUR 222.043 ergeben."; 4.66, 8.66, 51, 2 ;2016;TROX GmbH;Jahresabschluss;PwC
16. Sonstige betriebliche Erträge; 4.69 ;2016;TROX GmbH;Jahresabschluss;PwC
"2016.
EUR
2015.
EUR
Erträge aus der Auflösung von sonstigen Rückstellungen 3.234.787 882.569
Kursgewinne 862.851 1.050.430
Versicherungsentschädigungen und Schadenersatzleistungen 501.038 187.907
Geldwerte Vorteile 494.352 573.518
Erstattungen von Tochtergesellschaften 301.502 1.214.481
Erträge Auflösung Wertberichtigungen auf Forderungen 39.000 7.000
Zahlungseingänge auf abgeschriebene Forderungen 27.173 43.645
Gewinne aus Abgängen von Sachanlagen 14.668 8.276
Zuschreibungen auf Finanzanlagen 0 8.257.799
Kantinen- und Magazinmaterialverkäufe 0 168.639
Erträge Auflösung sonst. Wertberichtigungen 0 15.516
Erstattungsleistungen nach dem Altersteilzeitgesetz/ Eingliederungsbeihilfen 0 10.859
Übrige Erträge 63.595 83.271
5.538.966 12.503.910"; 4.69 ;2016;TROX GmbH;Jahresabschluss;PwC
"Die periodenfremden Erträge – im Wesentlichen Erträge aus Auflösungen von Rückstellungen – beliefen sich auf TEUR 3.278 (Vorjahr: TEUR 943). Die Auflösung von Rückstellungen resultiert mit TEUR
2.296 aus der Änderung der Jubiläumszusage."; 4.69, 57 ;2016;TROX GmbH;Jahresabschluss;PwC
Aus der Anwendung von § 277 Abs. 1 HGB in der Fassung des BilRUG hätten sich im Geschäftsjahr 2015 sonstige betriebliche Erträge von TEUR 11.469 ergeben.; 4.69 ;2016;TROX GmbH;Jahresabschluss;PwC
"Die sonstigen betrieblichen Erträge enthalten außergewöhnliche Posten gem. § 285 Nr.31 HGB in Höhe von TEUR 2.988 (Vorjahr TEUR 0), davon TEUR 482 aus Restrukturierung und TEUR 2.506 aus weiteren
Sondereffekten. Die weiteren Sondereffekte betreffen im Wesentlichen mit TEUR 2.296 die Auflösung der Jubiläumsrückstellung aufgrund einer geänderten Jubiläumszusage sowie mit TEUR 189 die Auflösung
einer Rückstellung für Berufsgenossenschaft nach Korrektur eines fehlerhaften Bescheids."; 4.69 ;2016;TROX GmbH;Jahresabschluss;PwC
17. Materialaufwand; 4.70 ;2016;TROX GmbH;Jahresabschluss;PwC
"2016.
EUR
2015.
EUR
Aufwendungen für Roh-, Hilfs- und Betriebsstoffe und für bezogene Waren einschließlich Energieeinsatz 86.942.024 86.733.866
Aufwendungen für bezogene Leistungen 594.825 487.164
87.536.849 87.221.030"; 4.71, 4.72 ;2016;TROX GmbH;Jahresabschluss;PwC
"Im Zusammenhang mit der Umgliederung von sonstigen betrieblichen Erträgen in die Umsatzerlöse aufgrund des BilRUG hätten sich als Folgewirkung im Geschäftsjahr 2015 Aufwendungen für Roh-, Hilfs- und
Betriebsstoffe und für bezogene Waren einschließlich Energieeinsatz von TEUR 86.918 sowie Aufwendungen für bezogene Leistungen von TEUR 543 ergeben. Die Mehraufwendungen von insgesamt TEUR
240 wurden im Vorjahr unter den sonstigen betrieblichen Aufwendungen ausgewiesen."; 4.71, 4.72 ;2016;TROX GmbH;Jahresabschluss;PwC
18. Personalaufwand; 4.73 ;2016;TROX GmbH;Jahresabschluss;PwC
"2016.
EUR
2015.
EUR
Löhne und Gehälter 82.493.658 86.653.514
(davon Restrukturierungsaufwand EUR 180.139; Vorjahr EUR 6.252.286)
Soziale Abgaben und Aufwendungen für Altersversorgung und für Unterstützung 14.701.061 16.146.130
(davon für Altersversorgung EUR 78.966; Vorjahr EUR 0)
(davon Restrukturierungsaufwand EUR 20.561; Vorjahr EUR 1.125.411)
97.194.719 102.799.644"; 4.74, 4.75, 4.76 ;2016;TROX GmbH;Jahresabschluss;PwC
"Im Vorjahr wurde beschlossen, die Sach- und Personalkosten nachhaltig zu vermindern. Hierzu wurden am Standort Vluyn überwiegend Mitarbeiter aus dem Angestelltenbereich ersatzlos sozialverträglich
freigestellt werden. Die daraus resultierenden Kosten wurde als Restrukturierungsaufwand ausgewiesen."; 4.73 ;2016;TROX GmbH;Jahresabschluss;PwC
"Der Personalaufwand enthält neben den Restrukturierungsaufwendungen weitere außergewöhnliche Posten gem. § 285 Nr.31 HGB in Höhe von TEUR 2.980 (Vorjahr TEUR 278). Insbesondere wurden zur weiteren
Produktivitätssteigerung im Berichtsjahr Sondermaßnahmen in den Werken Anholt und Vluyn sowie im Bereich der leitenden Angestellten beschlossen, die den Personalaufwand mit TEUR 2.369 belasteten."; 4.73 ;2016;TROX GmbH;Jahresabschluss;PwC
19. Abschreibungen; 4.77 ;2016;TROX GmbH;Jahresabschluss;PwC
"2016.
EUR
2015.
EUR
Auf immaterielle Vermögensgegenstände des Anlagevermögens
und Sachanlagen 7.053.345 7.921.044"; 4.78, 4.88 ;2016;TROX GmbH;Jahresabschluss;PwC
20. Sonstige betriebliche Aufwendungen; 4.80 ;2016;TROX GmbH;Jahresabschluss;PwC
"2016.
EUR
2015.
EUR
Leasingkosten und Mieten 6.703.522 7.174.070
Dienstleistungen / Gewährleistungen / Prüfung und Beratung 6.092.539 7.303.938
Transportkosten 5.978.552 6.453.276
Fremdinstandhaltungskosten 3.669.779 3.359.340
Werbung und Repräsentation 2.100.539 3.139.846
Personalleasing 863.087 1.919.849
Reisekosten 950.595 1.066.484
Verluste aus Währungsumrechnung 941.864 1.058.015
Gebühren, Abgaben und Beiträge 536.374 670.604
Versicherungsprämien 582.833 558.573
Postaufwendungen 429.803 544.470
Personalnebenkosten 513.010 484.309
Provisionen 598.529 459.232
Aufwendungen für Produktprüfung 300.182 446.298
Abschreibungen und Wertberichtigungen auf Forderungen 156.462 77.674
Übrige Aufwendungen 2.072.125 1.722.183
32.489.795 36.438.161"; 4.80 ;2016;TROX GmbH;Jahresabschluss;PwC
In den sonstigen betrieblichen Aufwendungen sind periodenfremde Aufwendungen in Höhe von TEUR 561 (Vorjahr: TEUR 213) enthalten.; 4.80, 57 ;2016;TROX GmbH;Jahresabschluss;PwC
"Von den sonstigen betrieblichen Aufwendungen des Vorjahres betrafen Leasingkosten in Höhe von TEUR 900, Beratungskosten in Höhe von TEUR 150 sowie übrige Aufwendungen in Höhe von TEUR 150
die Restrukturierungsmaßnahmen."; 4.80 ;2016;TROX GmbH;Jahresabschluss;PwC
"Die sonstigen betrieblichen Aufwendungen enthalten neben den Restrukturierungsaufwendungen (TEUR 0; Vorjahr TEUR 1.200) weitere außergewöhnliche Posten gem. § 285 Nr.31 HGB in Höhe von TEUR
1.169 (Vorjahr TEUR 1.285)."; 4.80 ;2016;TROX GmbH;Jahresabschluss;PwC
"Diese betreffen mit TEUR 837 Leasingkosten für eine Produktionsanlage, die aufgrund vertraglicher Regelungen bereits vor der verspäteten Inbetriebnahme zu zahlen waren sowie mit TEUR 332 Zuführungen
zu einer Prozesskostenrückstellung."; 4.80 ;2016;TROX GmbH;Jahresabschluss;PwC
Aus der Anwendung von § 277 Abs. 1 HGB in der Fassung des BilRUG hätten sich im Geschäftsjahr 2015 sonstige betriebliche Aufwendungen von TEUR 36.198 ergeben.; 4.80 ;2016;TROX GmbH;Jahresabschluss;PwC
21. Beteiligungsergebnis; 4.81 ;2016;TROX GmbH;Jahresabschluss;PwC
"2016.
EUR
2015.
EUR
Erträge aus Beteiligungen (voll von verbundenen Unternehmen) 20.417.509 6.225.591
Erträge aus Gewinnabführungsverträgen 737.090 3.528.049
Abschreibungen auf Finanzanlagen (voll für verbundene Unternehmen) 16.828.175 3.279.002
Aufwendungen aus Verlustübernahme 9.342.435 1.098.558
(5.016.011) 5.376.080"; 4.81, 4.82 ;2016;TROX GmbH;Jahresabschluss;PwC
22. Zinsergebnis; 4.85 ;2016;TROX GmbH;Jahresabschluss;PwC
"2016.
EUR
2015.
EUR
Erträge aus Ausleihungen des Finanzanlagevermögens 433.149 407.626
(davon aus verbundenen Unternehmen EUR 407.626; Vorjahr EUR 116.600)
Sonstige Zinsen und ähnliche Erträge 362.093 497.446
(davon aus verbundenen Unternehmen EUR 364.383; Vorjahr EUR 593.070)
Zinsen und ähnliche Aufwendungen 3.207.464 7.283.733
(davon an verbundene Unternehmen EUR 115.127; Vorjahr EUR 119.589)
(2.412.222) (6.378.661)"; 4.85, 4.86 ;2016;TROX GmbH;Jahresabschluss;PwC
"In den Zinsen und ähnlichen Aufwendungen sind Aufwendungen aus der Veränderung der Abzinsung der Pensionsrückstellungen und anderer langfristiger Personalrückstellungen in Höhe von TEUR 1.265
(Vorjahr TEUR 5.303) enthalten. Ohne die Änderung des Zeitraums für die Berechnung des durchschnittlichen Marktzinssatzes für Altersversorgungsverpflichtungen von 7 auf 10 Jahre wäre der Zinsaufwand
um TEUR 4.249 höher gewesen. Bei diesem Betrag handelt es sich um einen außergewöhnliche Posten gem. § 285 Nr.31 HGB."; 4.85 ;2016;TROX GmbH;Jahresabschluss;PwC
23. Steuern vom Einkommen und vom Ertrag; 4.90 ;2016;TROX GmbH;Jahresabschluss;PwC
TEUR 641 Aufwand aus Steuern vom Einkommen und vom Ertrag stammen aus der Veränderung aktivierter latenter Steuern (Vorjahr Ertrag TEUR 1.199).; 4.90 ;2016;TROX GmbH;Jahresabschluss;PwC
"In den Steuern vom Einkommen und vom Ertrag sind TEUR 189 periodenfremde Aufwendungen (Vorjahr Ertrag TEUR -4) enthalten. Die periodenfremden Aufwendungen betreffen Änderungen auf Basis der
voraussichtlichen Ergebnisse der Betriebsprüfung für die Jahre 2009 bis 2013 unter Berücksichtigung der Auswirkungen auf die Folgejahre (TEUR 175) sowie Gewerbesteuer (TEUR 16) und Körperschaftsteuer
(TEUR -2) für Vorjahre. Die Änderungen wegen der Betriebsprüfung betreffen die Steuerrückstellungen (TEUR 345) sowie Aufwand aus Veränderungen der latenten Steuern für Verlustvorträge (TEUR 140) und
Ertrag aus der Veränderung der latenten Steuern für temporäre Differenzen (TEUR 310)."; 4.90 ;2016;TROX GmbH;Jahresabschluss;PwC
24. Bilanzgewinn;;2016;TROX GmbH;Jahresabschluss;PwC
"2016.
EUR
2015.
EUR
Jahresergebnis 434.165 295.997
Entnahmen aus den Gewinnrücklagen 1.295.835 1.434.003
Bilanzgewinn 1.730.000 1.730.000";;2016;TROX GmbH;Jahresabschluss;PwC
25. Sonstige Angaben;;2016;TROX GmbH;Jahresabschluss;PwC
25.1 Kapitalflussrechnung;;2016;TROX GmbH;Jahresabschluss;PwC
Die Kapitalflussrechnung wurde nach der indirekten Methode entsprechend dem Deutschen Rechnungslegungsstandard Nr. 21 aufgestellt und stellt sich wie folgt dar:;;2016;TROX GmbH;Jahresabschluss;PwC
"2016.
EUR
2015* .
EUR
Jahresergebnis 434.165 295.997
Ab- und Zuschreibungen auf Gegenstände des Anlagevermögens (Saldo) 23.881.520 2.942.247
Zunahme / Abnahme der Rückstellungen -3.962.329 3.517.355
Zunahme der Vorräte -282.036 -675.259
Zunahme der Forderungen aus Lieferungen und Leistungen sowie anderer Aktiva, die nicht der Investitions- oder Finzanzierungstätigkeit
zuzuordnen sind
59.850 -3.254.460
Zunahme/ Abnahme der Verbindlichkeiten aus Lieferungen und Leistungen sowie anderer Passiva, die nicht der Investitions- oder
Finzanzierungstätigkeit zuzuordnen sind
-2.099.748 1.681.736
Gewinn / Verlust aus dem Abgang von Gegenständen des Anlagevermögens (Saldo) 2.333 -7.060
Zinsaufwendungen/ Zinserträge 2.412.222 6.378.661
Sonstige Beteiligungserträge -11.812.164 -9.753.640
Ertragsteuerertrag/ .aufwand 1.449.075 -909.541
Ertragsteuerzahlungen -56.960 -264.006
EUR
2015* .
EUR
Cashflow aus der laufenden Geschäftstätigkeit 10.025.928 -47.971
Auszahlungen für Investitionen in das immaterielle Anlagevermögen -1.621.429 -1.273.054
Einzahlungen aus Abgängen von Gegenständen des Sachanlagevermögens 11.735 10.369
Auszahlungen für Investitionen in das Sachanlagevermögen -2.289.293 -2.630.391
Einzahlungen aus Abgängen von Gegenständen des Finanzanlagevermögens 58.460.509 114.347
Auszahlungen für Investitionen in das Finanzanlagevermögen -76.527.907 -24.062.812
Einzahlungen aufgrund von Finanzmittelanlagen im Rahmen der kurzfristigen Finanzdisposition 0 6.984.484
Erhaltene Zinsen 795.242 905.072
Veränderung kurzfristiger Finanzforderungen im Konzern -10.643.396 21.696.994
Erhaltene Dividenden 28.042.035 7.889.026
Cashflow aus der Investitionstätigkeit -3.772.504 9.634.035
Gezahlte Dividenden an Gesellschafter -1.730.000 -1.730.000
Einzahlungen aus der Aufnahme von (Finanz-)Krediten 3.000.000 0
Auszahlungen aus der Tilgung von (Finanz-)Krediten -14.751.786 -9.775.000
Gezahlte Zinsen -1.942.270 -1.980.853
Veränderung kurzfristiger Finanzverbindlichkeiten im Konzern 12.071.929 875.031
Veränderung sonstiger kurzfristiger Finanzkonten 3.596.800 1.167.730
Cashflow aus der Finanzierungstätigkeit 244.673 -11.443.092
Zahlungswirksame Veränderung des Finanzmittelbestandes 6.498.097 -1.857.027
Finanzmittelbestand am Anfang der Periode 5.569.361 7.426.388
Finanzmittelbestand am Ende der Periode 12.067.458 5.569.361";;2016;TROX GmbH;Jahresabschluss;PwC
* Vorjahr vergleichbar gestellt;;2016;TROX GmbH;Jahresabschluss;PwC
25.2 Angaben zu selbst geschaffenen immateriellen Vermögensgegenständen; 4.3 ;2016;TROX GmbH;Jahresabschluss;PwC
"Im Berichtsjahr sind Forschungs- und Entwicklungskosten im Gesamtbetrag von TEUR 7.852 angefallen. Die selbst geschaffenen immateriellen Vermögensgegenstände betreffen ausschließlich selbst programmierte
Software und sind nicht dem Forschungs- und Entwicklungsbereich zuzurechnen."; 4.3, 13 ;2016;TROX GmbH;Jahresabschluss;PwC
25.3 Angaben zu Bewertungseinheiten und offenen Devisentermingeschäften; 28 ;2016;TROX GmbH;Jahresabschluss;PwC
"Zum Abschlussstichtag bestehen Devisentermingeschäfte zur Absicherung von Fremdwährungstransaktionen im Zusammenhang mit konzerninternen Finanzierungen sowie zur Absicherung von Währungsrisiken
im Zusammenhang mit dem Liefer- und Leistungsverkehr mit ausländischen Kunden und Lieferanten. Es wurden auch Devisentermingeschäfte zur Absicherung von Währungsrisiken im Zusammenhang mit dem
Liefer- und Leistungsverkehr mit ausländischen Kunden und Lieferanten bei Tochtergesellschaften abgeschlossen. Diese Geschäfte werden im Rahmen von back-to-back-Verträgen zu gleichen Konditionen von
den Tochtergesellschaften ausgeglichen. Die Devisentermingeschäfte werden mit den zugrundeliegenden Grundgeschäften zu Bewertungseinheiten i.S.d. § 254 HGB zusammengefasst."; 28 ;2016;TROX GmbH;Jahresabschluss;PwC
"Zum Abschlussstichtag erfolgt die Bewertung der Grundgeschäfte (Forderungen bzw. Verbindlichkeiten gegenüber verbundenen Unternehmen) mit dem jeweiligen Sicherungskurs. Für die erwarteten Transaktionen
aus dem Liefer- und Leistungsverkehr erfolgt die Bewertung im Zugangszeitpunkt mit dem jeweiligen Sicherungskurs. Die zu Bewertungseinheiten zusammengefassten Grundgeschäfte und Devisenterminkontrakte
werden im Jahr 2017 fällig."; 8.27, 8.58, 28 ;2016;TROX GmbH;Jahresabschluss;PwC
Für die Absicherung variabler Darlehenszinsen bestehen Zinsswapgeschäfte mit Laufzeiten bis Juni 2021.; 28 ;2016;TROX GmbH;Jahresabschluss;PwC
Die Zinsswap- bzw. Warentermingeschäfte wurden mit den jeweiligen Grundgeschäften ebenfalls zu Bewertungseinheiten zusammengefasst.; 28 ;2016;TROX GmbH;Jahresabschluss;PwC
"Aufgrund von Betrags-, Risiko- und Fristengleichheit weisen die gebildeten Bewertungseinheiten eine hohe Wirksamkeit (Effektivität) auf. Die Bilanzierung der Bewertungseinheiten erfolgt nach der sogenannten
„Einfrierungsmethode“."; 28 ;2016;TROX GmbH;Jahresabschluss;PwC
Zur Bestimmung der Marktwerte der Finanzinstrumente wurden Bewertungen von Kreditinstituten eingeholt.; 49 ;2016;TROX GmbH;Jahresabschluss;PwC
"Bei den Devisentermingeschäften wurden die Marktwerte auf Basis der Swapsätze am Bilanzstichtag für die einzelnen Geschäfte ermittelt. Die Swapsätze ergeben sich aus der Zinsdifferenz der beteiligten
Währungen und dem Spotkurs am 31. Dezember 2016. Für diese Werte wurde anschließend der Barwert am Bilanzstichtag ermittelt."; 49 ;2016;TROX GmbH;Jahresabschluss;PwC
Die Bewertung der Zinsswapgeschäfte erfolgte auf der Basis der Diskontierung der zukünftigen Cash-flows der festen und variablen Zinsseite mit der Mid-Swap-Kurve.; 49 ;2016;TROX GmbH;Jahresabschluss;PwC
Die derivativen Finanzinstrumente mit Marktwerten in EUR setzten sich zum Abschlussstichtag wie folgt zusammen:; 49 ;2016;TROX GmbH;Jahresabschluss;PwC
"Nominal- volumen.
EUR
Positiver Marktwert.
EUR
Negativer Marktwert.
EUR
Devisentermingeschäfte
Fremdwährungskäufe für Verbindlichkeiten gegenüber verbundenen Unternehmen 2.868.494 77.586 -195.040
Fremdwährungsverkäufe für Forderungen gegen verbundene Unternehmen 2.711.174 0 -11.821
Fremdwährungsverkäufe für Tochtergesellschaften im Rahmen von Back-to-back-Verträgen 627.000 0 -34.046
Fremdwährungskäufe für Kauftransaktionen aus dem Liefer- und Leistungsverkehr 699.218 6.093 0
Fremdwährungsverkäufe für Verkaufstransaktionen aus dem Liefer- und Leistungsverkehr 3.153.249 0 -112.041
Devisentermingeschäfte gesamt 10.059.135 83.679 -352.948
Zinsswapgeschäfte 17.500.000 0 -330.639"; 49 ;2016;TROX GmbH;Jahresabschluss;PwC
Außerdem gab es folgende derivativen Finanzinstrumente mit Marktwerten in GBP:; 49 ;2016;TROX GmbH;Jahresabschluss;PwC
"Nominal- volumen GBP Positiver Marktwert GBP Negativer Marktwert GBP
Marktwert umgerechnet
GBP
Devisentermingeschäfte Basis GBP
Nominal- volumen GBP Positiver Marktwert GBP Negativer Marktwert GBP
Marktwert umgerechnet
GBP
Fremdwährungsverkäufe für Tochtergesellschaften im Rahmen von Backto-
back-Verträgen
265.536 0 -3.066 -3.581
Devisentermingeschäfte gesamt 265.536 0 -3.066 -3.581"; 49 ;2016;TROX GmbH;Jahresabschluss;PwC
"Durch die vorzeitige Beendigung von abgesicherten Darlehensvereinbarungen mit Tochtergesellschaften sind offene Devisenterminpositionen entstanden. Soweit der Marktwert dieser Devisentermingeschäfte
zum Bilanzstichtag negativ war, wurden Rückstellungen für drohende Verluste aus schwebenden Geschäften in Höhe von insgesamt EUR 85.200 gebildet."; 49 ;2016;TROX GmbH;Jahresabschluss;PwC
25.4 Außerbilanzielle Geschäfte; 66 ;2016;TROX GmbH;Jahresabschluss;PwC
"Bei TROX bestehen Leasingverträge im Wesentlichen für Maschinen, Pkw und IT-Hardware. Der Abschluss von Leasingverträgen ermöglicht eine schnellere Anpassung an den technologischen Wandel. Im
Vergleich zur Anschaffung ist beim Leasing keine Vorausfinanzierung erforderlich, so dass sich positive Liquiditätseffekte ergeben. Risiken bestehen lediglich darin, dass die Leasinggegenstände während der
Grundmietzeit nicht mehr benötigt werden. Weitere Risiken aus den Leasinggeschäften bestehen nicht. Für das Geschäftsjahr 2017 beträgt die Zahlungsverpflichtung aus den Leasingverträgen insgesamt TEUR
3.325. Bis zum Ende der jeweiligen Vertragslaufzeiten sind für die bestehen Leasingverträge insgesamt noch Zahlungen in Höhe von insgesamt TEUR 10.659 zu leisten."; 66 ;2016;TROX GmbH;Jahresabschluss;PwC
25.5 Abschlussprüferhonorare; 72 ;2016;TROX GmbH;Jahresabschluss;PwC
Das von dem Abschlussprüfer für das Geschäftsjahr 2016 berechnete Gesamthonorar ist im Anhang zum Konzernabschluss der TROX GmbH angegeben.; 72 ;2016;TROX GmbH;Jahresabschluss;PwC
25.6 Geschäfte mit nahe stehenden Unternehmen und Personen; 81 ;2016;TROX GmbH;Jahresabschluss;PwC
Im Geschäftsjahr 2016 wurden folgende Geschäfte mit nahe stehenden Personen durchgeführt:; 81 ;2016;TROX GmbH;Jahresabschluss;PwC
Ein Gesellschafter der TROX GmbH hat der Gesellschaft in 2016 ein Darlehen zur Verfügung gestellt. Im Berichtsjahr wurden dafür Zinsen in Höhe von TEUR 73 vergütet.; 20, 81 ;2016;TROX GmbH;Jahresabschluss;PwC
Ein Mitglied des Stiftungsrats der Heinz Trox-Stiftung stellt der Gesellschaft Darlehen zur Verfügung. Im Berichtsjahr wurden dafür Zinsen in Höhe von TEUR 150 vergütet.; 81 ;2016;TROX GmbH;Jahresabschluss;PwC
Mit Ausnahme der Anstellungsverhältnisse bestanden mit den Geschäftsführern der TROX GmbH im Geschäftsjahr 2016 keine Geschäftsbeziehungen.; 81 ;2016;TROX GmbH;Jahresabschluss;PwC
"Mit nahe stehenden Unternehmen wurden keine zu marktunüblichen Bedingungen zustande gekommenen
Geschäfte vorgenommen, die für die Beurteilung der Finanzlage der TROX GmbH wesentlich sind."; 81 ;2016;TROX GmbH;Jahresabschluss;PwC
25.7 Organmitglieder; 83 ;2016;TROX GmbH;Jahresabschluss;PwC
Mitglieder der Geschäftsführung; 83 ;2016;TROX GmbH;Jahresabschluss;PwC
Thomas Mosbacher, Ressort Finanzen / Personal; 83 ;2016;TROX GmbH;Jahresabschluss;PwC
Udo Jung, Ressort Vertrieb/ Technik/ Produktion; 83 ;2016;TROX GmbH;Jahresabschluss;PwC
Mitglieder des Aufsichtsrates; 83 ;2016;TROX GmbH;Jahresabschluss;PwC
Prof. Rainer Kirchdörfer, Vorsitzender, Rechtsanwalt, Honorarprofessor Universität Witten-Herdecke; 83 ;2016;TROX GmbH;Jahresabschluss;PwC
Dominic Otte, Stellvertretender Vorsitzender, Diplom-Wirtschaftsingenieur, Geschäftsführer der Fa. Schmidt + Clemens GmbH & Co. KG, Lindlar; 83 ;2016;TROX GmbH;Jahresabschluss;PwC
Prof. Dr. Hans Fleisch, Rechtsanwalt, Honorarprofessor Universität Hildesheim, Vorsitzender des Stiftungsrates der Heinz Trox-Stiftung; 83 ;2016;TROX GmbH;Jahresabschluss;PwC
Dr.-Ing. Markus Beukenberg seit 23.08.2016, Geschäftsführer der Fa. Wilo SE, Dortmund; 83 ;2016;TROX GmbH;Jahresabschluss;PwC
Britta Lübbers, Mitglied des Betriebsrates *; 83 ;2016;TROX GmbH;Jahresabschluss;PwC
Predrag Nenadovic, Mitglied des Betriebsrates*; 83 ;2016;TROX GmbH;Jahresabschluss;PwC
* Arbeitnehmervertreter; 83 ;2016;TROX GmbH;Jahresabschluss;PwC
25.8 Vergütungen Geschäftsführung / Aufsichtsrat; 84 ;2016;TROX GmbH;Jahresabschluss;PwC
Die Gesamtbezüge der Geschäftsführung beliefen sich im Vorjahr auf EUR 820.090. Im Berichtsjahr ist die Angabe der Gesamtbezüge der Geschäftsführung gemäß § 286 Abs. 4 HGB unterblieben.; 84 ;2016;TROX GmbH;Jahresabschluss;PwC
Die Gesamtbezüge des Aufsichtsrats beliefen sich im Geschäftsjahr 2016 auf EUR 116.791 (Vorjahr EUR 81.240).; 84 ;2016;TROX GmbH;Jahresabschluss;PwC
"Die früheren Mitglieder der Geschäftsführung bzw. ihre Hinterbliebenen erhielten EUR 529.542 (Vorjahr: EUR 1.667.077). Die für diese Personengruppe gebildete Pensionsrückstellung beträgt EUR 7.709.637
(Vorjahr: EUR 8.571.498)."; 84, 88 ;2016;TROX GmbH;Jahresabschluss;PwC
25.9 Angaben zu ausschüttungsgesperrten Beträgen; 31 ;2016;TROX GmbH;Jahresabschluss;PwC
"Ausschüttungsgesperrt ist der Betrag der aktivierten selbst geschaffenen immateriellen Vermögensgegenstände des Anlagevermögens von TEUR 1.034 (inklusive TEUR 470 aktivierte Personalkosten für nicht
fertiggestellte Softwareprogrammierungen) abzüglich einer hierfür gebildeten passiven latenten Steuer in von TEUR 319. Ausschüttungsgesperrt ist ferner der Betrag aus dem sonstigen Überhang der aktiven
über die passiven latenten Steuern in Höhe von TEUR 9.190 sowie nach § 253 Abs.6 HGB der Unterschiedsbetrag zwischen dem Ansatz der Pensionsrückstellungen nach Maßgabe des durchschnittlichen
Marktzinssatzes aus den vergangenen zehn Geschäftsjahren und dem Ansatz der Rückstellungen nach Maßgabe des durchschnittlichen Marktzinssatzes aus den vergangenen sieben Geschäftsjahren in Höhe von
TEUR 4.249. Insgesamt ergibt sich also ein zur Ausschüttung gesperrter Betrag von TEUR 14.154."; 31 ;2016;TROX GmbH;Jahresabschluss;PwC
25.10 Nachtragsbericht; 69 ;2016;TROX GmbH;Jahresabschluss;PwC
"Am 27. April 2017 hat die TROX GmbH 53,56 % der Geschäftsanteile an der TROX Holding S.L., Madrid/Spanien, von der TROX Finanzservice GmbH erworben. Mit dem Erwerb hält die TROX GmbH nun
sämtliche Geschäftsanteile an der TROX Holding S.L."; 69 ;2016;TROX GmbH;Jahresabschluss;PwC
Anfang Mai 2017 haben die TROX GmbH und die HGI Heger Gebäudeautomation de Mai/Anfang Juni 2017 unterzeichnet.; 69 ;2016;TROX GmbH;Jahresabschluss;PwC
Weitere Vorgänge von besonderer Bedeutung nach Abschluss des Geschäftsjahres 2016 lagen nicht vor.; 69 ;2016;TROX GmbH;Jahresabschluss;PwC
25.11 Ergebnisverwendungsvorschlag; 68 ;2016;TROX GmbH;Jahresabschluss;PwC
"Für das Berichtsjahr soll die Mindestdividende gemäß § 18 des Gesellschaftsvertrages in Höhe von TEUR 1.730 ausgeschüttet werden. Zur Herstellung eines entsprechenden Bilanzgewinns wurden den anderen
Gewinnrücklagen TEUR 1.296 entnommen."; 68 ;2016;TROX GmbH;Jahresabschluss;PwC
26. Mitarbeiterzahl; 64 ;2016;TROX GmbH;Jahresabschluss;PwC
Im Berichtsjahr wurden durchschnittlich beschäftigt:; 64 ;2016;TROX GmbH;Jahresabschluss;PwC
"2016 2015
Geschäftsführer 2 2
Angestellte 538 556
Gewerbliche Arbeitnehmer 906 898
davon Werk Vluyn 220 226
davon Werk Anholt 553 522
davon Werk Goch 133 150
Auszubildende 58 56
1.504 1.512"; 64 ;2016;TROX GmbH;Jahresabschluss;PwC
Neukirchen-Vluyn, den 11. Mai 2017;;2016;TROX GmbH;Jahresabschluss;PwC
TROX GmbH,;;2016;TROX GmbH;Jahresabschluss;PwC
die Geschäftsführung;;2016;TROX GmbH;Jahresabschluss;PwC
Udo Jung;;2016;TROX GmbH;Jahresabschluss;PwC
Thomas Mosbacher;;2016;TROX GmbH;Jahresabschluss;PwC
"Stand am 01.01.2016.
EUR
Zugänge.
EUR
Abgänge.
EUR
Umbuchungen.
EUR
Stand am 31.12.2016.
EUR
Immaterielle Vermögensgegenstände
Bruttowerte
Stand am 01.01.2016.
EUR
Zugänge.
EUR
Abgänge.
EUR
Umbuchungen.
EUR
Stand am 31.12.2016.
EUR
Selbst geschaffene gewerbliche
Schutzrechte und ähnlich
Rechte und Werte
1.870.130 197.133 0 139.151 2.206.414
Entgeltlich erworbene Lizenzen
20.373.728 633.549 0 76.572 21.083.849
Anzahlungen auf immaterielle
Vermögensgegenstände
498.718 790.747 0 (215.723) 1.073.742
22.742.576 1.621.429 0 0 24.364.005
Sachanlagen
Grundstücke, grundstücksgleiche
Rechte und Bauten
einschließlich der Bauten auf
fremden Grundstücken
58.624.041 136.764 0 0 58.760.805
Technische Anlagen und Maschinen
56.129.597 1.190.263 107.888 480.883 57.692.855
Andere Anlagen, Betriebsund
Geschäftsausstattung
30.104.028 802.316 246.947 46.741 30.706.138
Geleistete Anzahlungen und
Anlagen im Bau
800.680 159.950 0 (527.624) 433.006
145.658.346 2.289.293 354.835 0 147.592.804
Finanzanlagen
Anteile an verbundenen Unternehmen
168.559.237 73.266.278 47.692.579 0 194.132.936
Ausleihungen an verbundene
Unternehmen
23.325.710 3.261.629 10.758.844 0 15.828.495
Sonstige Ausleihungen 211.659 0 9.116 0 202.543
192.096.606 76.527.907 58.460.539 0 210.163.974
Gesamt 360.497.528 80.438.629 58.815.374 0 382.120.783
Abschreibungen
Stand am 01.01.2016.
EUR
Zugänge.
EUR
Zuschreibungen.
EUR
Abgänge.
EUR
Stand am 31.12.2016.
EUR
Immaterielle Vermögensgegenstände
Selbst geschaffene gewerbliche
Schutzrechte und ähnlich
Rechte und Werte
1.181.447 461.337 0 0 1.642.784
Entgeltlich erworbene Lizenzen
17.461.262 1.849.373 0 0 19.310.635
Anzahlungen auf immaterielle
Vermögensgegenstände
0 0 0 0 0
18.642.709 2.310.710 0 0 20.953.419
Sachanlagen
Grundstücke, grundstücksgleiche
Rechte und Bauten
einschließlich der Bauten auf
fremden Grundstücken
30.005.836 1.256.091 0 0 31.261.927
Technische Anlagen und Maschinen
46.985.872 2.270.502 0 107.884 49.148.490
Andere Anlagen, Betriebsund
Geschäftsausstattung
24.220.032 1.216.042 0 232.883 25.203.191
Geleistete Anzahlungen und
Anlagen im Bau
0 0 0 0 0
101.211.740 4.742.635 0 340.767 105.613.608
Finanzanlagen
Anteile an verbundenen Unternehmen
60.603.832 16.828.175 0 30 77.431.977
Ausleihungen an verbundene
Unternehmen
0 0 0 0 0
Sonstige Ausleihungen 0 0 0 0 0
60.603.832 16.828.175 0 30 77.431.977
Gesamt 180.458.281 23.881.520 0 340.797 203.999.004
Nettowerte
Stand am 31.12.2016.
EUR
Stand am 31.12.2015.
EUR
Immaterielle Vermögensgegenstände
Selbst geschaffene gewerbliche Schutzrechte und ähnlich
Rechte und Werte
563.630 688.683
Entgeltlich erworbene Lizenzen 1.773.214 2.912.466
Anzahlungen auf immaterielle Vermögensgegenstände 1.073.742 498.718
3.410.586 4.099.867
Sachanlagen
Grundstücke, grundstücksgleiche Rechte und Bauten einschließlich
der Bauten auf fremden Grundstücken
27.498.878 28.618.205
Technische Anlagen und Maschinen 8.544.365 9.143.725
Andere Anlagen, Betriebs- und Geschäftsausstattung 5.502.947 5.883.996
Geleistete Anzahlungen und Anlagen im Bau 433.006 800.680
41.979.196 44.446.606
Finanzanlagen
Anteile an verbundenen Unternehmen 116.700.959 107.955.405
Ausleihungen an verbundene Unternehmen 15.828.495 23.325.710
Sonstige Ausleihungen 202.543 211.659
132.731.997 131.492.774
Gesamt 178.121.779 180.039.247"; 15, 16 ;2016;TROX GmbH;Jahresabschluss;PwC
Aufstellung des Anteilbesitzes (31.12.2016); 77 ;2016;TROX GmbH;Jahresabschluss;PwC
"Gesellschaft
Anteil der TROX GmbH
(direkt und indirekt).
% Währung Eigenkapital*31.12.2016
Jahresüberschuss/ Jahresfehlbetrag*
2016
OOO TROX RUS, Moskau/Russland 100,0 RUB 19.980.323 747.463
S.A. TROX Belgium N.V., Brüssel/Belgien (1) 100,0 EUR 921.385 30.987
TROX Air Conditioning Components (Suzhou) Co. Ltd., Suzhou/China 100,0 CNY 57.470.362 (8.554.220)
TROX Arabia LLC, Doha/Katar 100,0 QAR 160.807 113.112
Gesellschaft
Anteil der TROX GmbH
(direkt und indirekt).
% Währung Eigenkapital*31.12.2016
Jahresüberschuss/ Jahresfehlbetrag*
2016
TROX Argentina S.A., Buenos Aires/Argentinien (2) 100,0 ARS 39.954.661 5.188.146
TROX Auranor Norge AS, Brandbu/Norwegen 100,0 NOK 65.812.178 15.693.638
TROX Australia Pty Ltd, Richmond/Australien 100,0 AUD 19.377 (206.677)
TROX Austria GmbH, Wien/Österreich 100,0 EUR 13.603.042 1.019.445
TROX Beteiligungs GmbH, Neukirchen-Vluyn (4) 100,0 EUR 2.597 0
TROX Danmark A/S, Hørsholm/Dänemark 100,0 DKK 6.434.743 3.643.392
TROX do Brasil Ltda., Curitiba/Brasilien 100,0 BRL 27.534.565 3.100.732
TROX España, S.A., Zaragoza/Spanien (3) 100,0 EUR 1.776.590 13.542
TROX Finanzservice GmbH, Neukirchen-Vluyn (4) 100,0 EUR 505.250 0
TROX France Sarl, Rungis (Ville)/Frankreich 100,0 EUR 557.409 (117.909)
TROX HESCO Schweiz AG, Rüti/Schweiz 100,0 CHF 8.217.666 3.785.973
TROX HOLDING S.L., Madrid/Spanien (5) 100,0 EUR 9.201.211 15.866.832
TROX Hong Kong Limited, Hongkong/Hongkong 100,0 HKD 4.846.514 1.894.796
TROX INDIA PRIVATE LIMITED, Mumbai/Indien (2) 100,0 INR 8.778.569 (12.917.369)
TROX Italia S.p.A., Mailand/Italien 100,0 EUR 1.295.039 (569.064)
TROX Malaysia Sdn. Bhd., Seremban/Malaysia 94,0 MYR 47.226.882 11.856.271
TROX México S.A. de C.V., Mexiko-Stadt/Mexiko (2) 100,0 MXN 9.091.500 188.379
TROX Middle East (LLC), Dubai/Vereinigte Arabische Emirate 100,0 AED 13.004.188 348.489
TROX Nederland B.V., Spijk/Niederlande 100,0 EUR 2.122.257 111.506
TROX South Africa (Pty) Ltd, Pietermaritzburg/Südafrika 100,0 ZAR 55.768.454 9.243.974
TROX TLT GmbH, Neukirchen-Vluyn (4) 100,0 EUR 9.525.000 0
TROX Turkey Teknik Klima Sanayi ve Limited Sirketi, Istanbul/Türkei
(2)
100,0 TRY 3.732.472 533.440
TROX UK Ltd., Thetford/Großbritannien 100,0 GBP 4.409.899 554.503
TROX USA, Inc., Cumming (Georgia)/USA 100,0 USD 913.963 (1.638.536)
TROX BSH Technik Polska Sp. z o.o., Piaseczno/Polen 85,0 PLN 16.922.921 1.057.691
BSH Technik Hungaria Kft., Budapest/Ungarn (in Liquidation) 100,0 HUF 17.912.131 51.851.377
BSH Technik CZ s.r.o., Prag/Tschechien (in Liquidation) 100,0 CZK (83.235) 1.612.773"; 77 ;2016;TROX GmbH;Jahresabschluss;PwC
*) gemäß Handelsbilanz I der Konzerngesellschaften; 77 ;2016;TROX GmbH;Jahresabschluss;PwC
(1) Anteil von 0,14 % wird gehalten von TROX Finanzservice GmbH, Neukirchen-Vluyn; 77 ;2016;TROX GmbH;Jahresabschluss;PwC
(2) Anteil von 10 % wird gehalten von TROX Finanzservice GmbH, Neukirchen-Vluyn; 77 ;2016;TROX GmbH;Jahresabschluss;PwC
(3) Anteil wird gehalten von TROX HOLDING S.L., Madrid; 77 ;2016;TROX GmbH;Jahresabschluss;PwC
(4) Ergebnisabführungsvertrag mit TROX GmbH; 77 ;2016;TROX GmbH;Jahresabschluss;PwC
(5) Anteil von 53,56 % wird gehalten von TROX Finanzservice GmbH, Neukirchen-Vluyn; 77 ;2016;TROX GmbH;Jahresabschluss;PwC
