; Annotierung (Angabe Nummer in Anahngscheckliste) ;Geschäftsjahr;Gesellschaft;Abschlussart;Prüfer;;
Inhaltsverzeichnis;;;;;;;
Konzernanhang für das Geschäftsjahr 2016;;2016;LVV Leipziger Versorgungs- und Verkehrsgesellschaft mbH;Konzernabschluss;KPMG;;
1 Angaben zur Form und Darstellung von Konzernbilanz sowie von Konzerngewinn- und -verlustrechnung;;2016;LVV Leipziger Versorgungs- und Verkehrsgesellschaft mbH;Konzernabschluss;KPMG;;
1.1 Allgemeine Angaben;;2016;LVV Leipziger Versorgungs- und Verkehrsgesellschaft mbH;Konzernabschluss;KPMG;;
Die LVV Leipziger Versorgungs- und Verkehrsgesellschaft mbH, Leipzig (Stadtholding), hat ihren Sitz in Leipzig. Sie ist im Handelsregister des Amtsgerichts Leipzig unter HRB 13860 eingetragen.; 83 ;2016;LVV Leipziger Versorgungs- und Verkehrsgesellschaft mbH;Konzernabschluss;KPMG;;
Der Konzernabschluss der LVV Leipziger Versorgungs- und Verkehrsgesellschaft mbH, Leipzig (Leipziger Konzern), zum 31. Dezember 2016 wird nach den Vorschriften der §§ 290 ff. HGB, den ergänzenden Vorschriften des Gesetzes betreffend die Gesellschaften mit beschränkter Haftung (GmbHG) und den Bestimmungen des Gesetzes über die Eröffnungsbilanz in Deutscher Mark und die Kapitalneufestsetzung (DMBilG) aufgestellt.; 9.0 ;2016;LVV Leipziger Versorgungs- und Verkehrsgesellschaft mbH;Konzernabschluss;KPMG;;
Für die Gliederung der Gewinn- und Verlustrechnung wird das Gesamtkostenverfahren gewählt. Ergänzende Angaben zu den einzelnen Posten der Konzernbilanz sowie der Konzerngewinn- und -verlustrechnung befinden sich grundsätzlich im Konzernanhang.; 9.0 ;2016;LVV Leipziger Versorgungs- und Verkehrsgesellschaft mbH;Konzernabschluss;KPMG;;
Im Zuge der Umsetzung des Bilanzrichtlinie-Umsetzungsgesetzes (BilRUG) entfällt ab dem Geschäftsjahr 2016 der separate Ausweis des außerordentlichen Ergebnisses. Das Gliederungsschema der Konzernge- winn- und -verlustrechnung wurde entsprechend angepasst und die Vorjahresbeträge umgegliedert.; 2, 4 ;2016;LVV Leipziger Versorgungs- und Verkehrsgesellschaft mbH;Konzernabschluss;KPMG;;
Die Umsatzerlöse sind nicht mit dem Vorjahr vergleichbar, da diese durch die Neudefinition gemäß § 277 Abs. 1 HGB ausgeweitet wurden. Bei Anwendung des § 277 Abs. 1 HGB in der Fassung des BilRUG hätte sich bereits ein als Umsatzerlöse auszuweisender Vorjahresbetrag in Höhe von Mio. EUR 2.411 ergeben.; 3, 49 ;2016;LVV Leipziger Versorgungs- und Verkehrsgesellschaft mbH;Konzernabschluss;KPMG;;
Das Gliederungsschema der Konzerngewinn- und -verlustrechnung wurde um den Posten „Ergebnis vor Steuern“ ergänzt.; 2 ;2016;LVV Leipziger Versorgungs- und Verkehrsgesellschaft mbH;Konzernabschluss;KPMG;;
1.2 Konzernabschlussstichtag und Konsolidierungskreis;;2016;LVV Leipziger Versorgungs- und Verkehrsgesellschaft mbH;Konzernabschluss;KPMG;;
Der Konzernabschluss wird auf den Stichtag 31. Dezember 2016 aufgestellt. Die Jahresabschlüsse der einbezogenen Unternehmen werden auf den Bilanzstichtag der Muttergesellschaft aufgestellt.;;2016;LVV Leipziger Versorgungs- und Verkehrsgesellschaft mbH;Konzernabschluss;KPMG;;
Die RETIS Leipzig GmbH, Leipzig (RETIS), wurde zum 1. Januar 2016 auf die Stadtwerke Leipzig GmbH, Leipzig (Stadtwerke), verschmolzen. Die GPEC ENERGIA SP. Z O.O., Jelenia Góra, Polen, wurde aufgrund untergeordneter Bedeutung gemäß § 296 Abs. 2 HGB zum 1. Januar 2016 entkonsolidiert.; 85, 89 ;2016;LVV Leipziger Versorgungs- und Verkehrsgesellschaft mbH;Konzernabschluss;KPMG;;
Zum 31. Dezember 2016 ist die Stadtholding mit folgenden Unternehmen mittelbar oder unmittelbar verbunden beziehungsweise an ihnen beteiligt:;;2016;LVV Leipziger Versorgungs- und Verkehrsgesellschaft mbH;Konzernabschluss;KPMG;;
"Einbezogene verbundene Unternehmen
Abkürzung Gesellschafter
Anteil am gezeichneten
Kapital.
%
Eigenkapital.
TEUR
Ergebnis .
TEUR
Bau und Service Leipzig GmbH,
Leipzig
Bau und Service Wasserwerke 100,00 1.467 1.9871
ELG Leipzig GmbH, Leipzig ELG Stadtwerke 90,00 41 3
Verkehrsbetriebe 10,00
Gda?skie Przedsi?biorstwo Energetyki
Cieplnej Sp. z o.o.,
GPEC Stadtwerke 82,86 78.288 12.906
Gda?sk, Polen2
GPEC STAROGARD SP. Z
O.O., Starogard Gda?ski, Polen2
GPEC STAROGARD GPEC 100,00 5.891 773
GPEC TCZEW SP. Z O.O., Tczew,
Polen2
GPEC TCZEW GPEC 100,00 4.770 734
IFTEC GmbH Co. KG, Leipzig IFTEC Verkehrsbetriebe 50,00 10.157 2.844
LIBV 0,00
Kommunale Wasserwerke Leipzig
GmbH, Leipzig
Wasserwerke Stadtholding 74,65 285.417 24.0043"; 68 ;2016;LVV Leipziger Versorgungs- und Verkehrsgesellschaft mbH;Konzernabschluss;KPMG;;
"Einbezogene verbundene Unternehmen
Abkürzung Gesellschafter 
Anteil am gezeichneten
Kapital.
%
Eigenkapital.
TEUR
Ergebnis .
TEUR
FWNL Fernwärmenetz Leipzig
GmbH & Co. KG, i.L., Leipzig 4,
5
FWNL Stadtwerke 0,15 3.507 -37
GPEC EKSPERT SP. Z O.O.,
Gda?sk, Polen2, 5
GPEC EKSPERT GPEC 100,00 21 3"; 68 ;2016;LVV Leipziger Versorgungs- und Verkehrsgesellschaft mbH;Konzernabschluss;KPMG;;
"Anteil am gezeichneten
Kapital.
%
Eigenkapital.
TEUR
Ergebnis .
TEUR
GPEC ENERGIA SP. Z O.O., Jelenia
Góra, Polen2, 5
GPEC ENERGIA GPEC 100,00 1.359 -592
GPEC PLUS SP. Z O.O.;
Gda?sk, Polen2, 5
GPEC PLUS GPEC 100,00 k. A. k. A.
GPEC PRO SP. Z O.O.; Gda?sk,
Polen2, 5
GPEC PRO GPEC 100,00 k. A. k. A.
GPEC SERWIS SP. Z O.O.,
Gda?sk, Polen2, 5
GPEC SERWIS GPEC 100,00 5.257 2.845
GPEC SYSTEM SP. Z O.O.,
Gda?sk, Polen2, 5
GPEC SYSTEM GPEC 100,00 k. A. k. A.
Innvo Innovationsgesellschaft-
Management mbH, Leipzig5,
6
Innvo mbH Stadtwerke 100,00 194 -1
Leipziger Windpark Management
GmbH5
LWM Stadtwerke 100,00 25 0
Natur21 GmbH, Leipzig5 Natur21 Stadtwerke 100,00 25 21
Orchis Energia Sopot Sp. z o.o.,
Sopot, Polen2, 5
Orchis GPEC 65,12 1.536 86
Sportbäder Leipzig GmbH, Leipzig5
Sportbäder Wasserwerke 100,00 1.409 0
SWL Beteiligungs GmbH, Leipzig5
SWLB Stadtwerke 100,00 35 -3
Thüringenwind GmbH & Co.
Tüngeda KG,Hörselberg-Hainich5,
6
Tüngeda LWM 0,00 963 -490
Stadtwerke 70,00
Wassergut Canitz GmbH, Leipzig5
Wassergut Wasserwerke 100,00 1.489 2031";;2016;LVV Leipziger Versorgungs- und Verkehrsgesellschaft mbH;Konzernabschluss;KPMG;;
"Assoziierte Unternehmen7 Abkürzung Gesellschafter
Anteil am gezeichneten
Kapital.
%
Eigenkapital.
TEUR
Ergebnis .
TEUR
Erdgasversorgung Industriepark
Leipzig Nord GmbH, Leipzig8
EVIL Stadtwerke 50,00 436 6
Fernwasserversorgung Elbaue-
Ostharz GmbH, Torgau
FEO Wasserwerke 25,50 118.498 3.231
Heizkraftwerk Eutritzscher Straße
GmbH & Co. KG, i. L., Leipzig4,
8
EuKG Stadtwerke 25,75 2.718 -205
SWLB 0,00
LIB Verwaltungs-GmbH, Leipzig
LIBV Verkehrsbetriebe 50,00 26 1
Meter1 GmbH & Co. KG, Halle
(Saale)8
Meter1 KG Meter1 GmbH 0,00 323 615
Stadtwerke 33,33
Meter1 Verwaltung GmbH, Halle
(Saale)8
Meter1 GmbH Stadtwerke 33,33 32 1
Servicegesellschaft Saale mbH,
Halle (Saale)6, 8
SGS LSB 49,00 132 0
Verbundnetz Gas Verwaltungsund
VNG VuB Stadtholding 34,57 317 3
Beteiligungsgesellschaft m.b.H,
Leipzig8
WEO GmbH & Co. KG, Berlin6 WEO KG WEO GmbH 0,00 09 -609
Stadtwerke 33,33
WEO Verwaltungs GmbH, Berlin6,
8
WEO GmbH WEO KG 100,00 36 4"; 69 ;2016;LVV Leipziger Versorgungs- und Verkehrsgesellschaft mbH;Konzernabschluss;KPMG;;
"Weitere Beteiligungen Abkürzung Gesellschafter
Anteil am gezeichneten
Kapital.
%
Eigenkapital.
TEUR
Ergebnis .
TEUR
8KU GmbH, Berlin6 8KU Stadtwerke 12,50 287 6
beka GmbH, Köln6 beka Verkehrsbetriebe 0,47 383 63"; 71 ;2016;LVV Leipziger Versorgungs- und Verkehrsgesellschaft mbH;Konzernabschluss;KPMG;;
"Weitere Beteiligungen Abkürzung Gesellschafter
Anteil am gezeichneten
Kapital.
%
Eigenkapital.
TEUR
Ergebnis .
TEUR
Ennovatis GmbH, Großpösna4 ennovatis Innvo GmbH 6,27 -246 129
envia Mitteldeutsche Energie
AG, Chemnitz6
enviaM Stadtholding 0,0710 1.738.767 306.994
European Energy Exchange AG,
Leipzig
EEX Stadtholding 7,38 129.282 66.132
Joblinge gemeinnützige AG
Leipzig, Leipzig6
Joblinge Stadtwerke 6,67 50 0
KBE Kommunale Beteiligungsgesellschaft
mbH an der envia,
KBE Stadtholding 1,35 511.028 45.837
Chemnitz11
Mitteldeutscher Verkehrsverbund
GmbH (MDV), Leipzig6
MDV Verkehrsbetriebe 17,55 461 0
SAG Abwicklungs AG (vormals
Solarion AG), Zwenkau12
SAG Innvo mbH 11,43 36.620 1.260
Trianel Erneuerbare Energien
GmbH & Co. KG, Aachen6
TEE Stadtwerke 5,66 24.545 -299
Trianel Erneuerbare Energien
Verwaltungs GmbH, Aachen6
TEEV TEE 100,00 26 1
VNG – Verbundnetz Gas Aktiengesellschaft,
Leipzig
VNG AG Stadtholding 7,4613 642.961 -55.825
1 Jahresergebnis vor Ergebnisabführung
2 Umrechnungskurs Bilanz zum Stichtag, Gewinn- und Verlustrechnung zum Durchschnitt
3 Jahresergebnis vor Ergebnisabführung und Ausgleichszahlung Minderheitsgesellschafter
4 Angaben entsprechend Jahresabschluss zum 31. Dezember 2013
5 Nichteinbeziehung verbundener Unternehmen gemäß § 296 Abs. 2 HGB aufgrund untergeordneter Bedeutung
6 Angaben entsprechend Jahresabschluss zum 31. Dezember 2015
7 Die Anteile am gezeichneten Kapital entsprechen den Stimmrechten
8 Nichteinbeziehung assoziierter Unternehmen gemäß § 311 Abs. 2 HGB aufgrund untergeordneter Bedeutung
9 nicht durch Vermögenseinlagen gedeckter Verlustanteil der Kommanditisten von TEUR 4.941
10 treuhänderisch gehaltenes Aktienpaket über KBE
11 Angaben entsprechend Jahresabschluss zum 30. Juni 2016
12 Angaben entsprechend Jahresabschluss zum 31. Dezember 2012
13 über VNG VuB gehaltene LVV-Anteile"; 71 ;2016;LVV Leipziger Versorgungs- und Verkehrsgesellschaft mbH;Konzernabschluss;KPMG;;
1.3 Konsolidierungsgrundsätze;;2016;LVV Leipziger Versorgungs- und Verkehrsgesellschaft mbH;Konzernabschluss;KPMG;;
Der Konzernabschluss des Leipziger Konzerns wird auf Grundlage der Richtlinie der Stadtholding für die Erstellung des Konzernabschlusses und für die Erstellung der Handelsbilanzen II der in den Konzernab- schluss einbezogenen Unternehmen aufgestellt.;;2016;LVV Leipziger Versorgungs- und Verkehrsgesellschaft mbH;Konzernabschluss;KPMG;;
Bei der Erstellung des Konzernabschlusses werden die Vorschriften über die Kapitalkonsolidierung (§ 301 HGB), die Schuldenkonsolidierung (§ 303 HGB) und die Aufwands- und Ertragskonsolidierung (§ 305 HGB) beachtet.;;2016;LVV Leipziger Versorgungs- und Verkehrsgesellschaft mbH;Konzernabschluss;KPMG;;
Grundlage der Kapitalkonsolidierung sind die Wertansätze der Anteile an den in den Konzernabschluss einbezogenen Unternehmen zum Erwerbs- beziehungsweise Gründungszeitpunkt oder zum Zeitpunkt der erstmaligen Einbeziehung in den Konzernabschluss. Die Kapitalkonsolidierung erfolgt abweichend vom Deutschen Rechnungslegungs Standard (DRS) Nr. 4 zulässigerweise nach der Buchwertmethode, da alle konsolidierten Unternehmen bereits vor dem 1. Januar 2010 einbezogen wurden.;;2016;LVV Leipziger Versorgungs- und Verkehrsgesellschaft mbH;Konzernabschluss;KPMG;;
Die sich aus der Kapitalkonsolidierung der in den Konzernabschluss einbezogenen Unternehmen ergebenden aktivischen und passivischen Unterschiedsbeträge werden in der Bilanz als gesonderte Posten aus- gewiesen.;;2016;LVV Leipziger Versorgungs- und Verkehrsgesellschaft mbH;Konzernabschluss;KPMG;;
Aktivische Unterschiedsbeträge, die sich als positive Differenz zwischen den Anschaffungskosten der Beteiligung beim Mutterunternehmen und dem auf diese Beteiligung entfallenden Wert des Eigenkapitals des konsolidierten Unternehmens ergeben, werden nach Abzug aufgedeckter stiller Reserven gemäß DRS Nr. 4 unter den immateriellen Vermögensgegenständen als Geschäfts- oder Firmenwert ausgewiesen. Sie werden über einen Zeitraum von vier Jahren abgeschrieben.; 14, 92 ;2016;LVV Leipziger Versorgungs- und Verkehrsgesellschaft mbH;Konzernabschluss;KPMG;;
Passivische Unterschiedsbeträge entstehen im Rahmen der Kapitalkonsolidierung, wenn das anteilige Eigenkapital zum Zeitpunkt der Erstkonsolidierung den Buchwert der Beteiligung übersteigt. Die aus der erstmaligen Kapitalkonsolidierung resultierenden passivischen Unterschiedsbeträge wurden in die Gewinnrücklagen des Konzerns eingestellt, soweit sie sich aus Gewinnthesaurierungen im Zeitraum zwischen der Anschaffung der Beteiligung und der erstmaligen Einbeziehung in den Konzernabschluss ergaben. Soweit bestimmbar ist, dass ein passivischer Unterschiedsbetrag nicht durch künftige Aufwendungen oder Verluste begründet ist, wird dieser in Höhe des Anteils, der die beizulegenden Zeitwerte der erworbenen nichtmonetären Vermögensgegenstände nicht übersteigt, planmäßig über die gewichtete durchschnittliche Restnutzungsdauer der erworbenen abnutzbaren Vermögensgegenstände ergebniswirksam vereinnahmt. Ein etwaiger übersteigender Anteil wird zum Zeitpunkt der Erstkonsolidierung sofort als Ertrag vereinnahmt. Zudem werden passive Unterschiedsbeträge gemäß § 309 HGB ergebniswirksam aufgelöst, soweit ein solches Vorgehen den Grundsätzen der §§ 297 und 298 HGB in Verbindung mit den Vorschriften des Ersten Abschnitts des HGB entspricht.; 92 ;2016;LVV Leipziger Versorgungs- und Verkehrsgesellschaft mbH;Konzernabschluss;KPMG;;
Forderungen und Verbindlichkeiten zwischen den in den Konzernabschluss einbezogenen Unternehmen werden saldiert, die Erträge mit den entsprechenden Aufwendungen verrechnet.;;2016;LVV Leipziger Versorgungs- und Verkehrsgesellschaft mbH;Konzernabschluss;KPMG;;
Für den erfolgten Verkauf von Anlagevermögen zwischen den in den Konzernabschluss einbezogenen Unternehmen wurde auf eine Eliminierung der Zwischenergebnisse entsprechend § 304 Abs. 2 HGB verzichtet.;;2016;LVV Leipziger Versorgungs- und Verkehrsgesellschaft mbH;Konzernabschluss;KPMG;;
Für die Umrechnung der Bilanzposten der ausländischen Tochtergesellschaften wurden die Stichtagskurse (Devisenkassamittelkurs) beziehungsweise historischen Kurse für das Eigenkapital zugrunde gelegt (Fremdwährungsumrechnung). Die Posten der Gewinn- und Verlustrechnung wurden zum Durchschnittskurs in Euro umgerechnet.;;2016;LVV Leipziger Versorgungs- und Verkehrsgesellschaft mbH;Konzernabschluss;KPMG;;
Die Beteiligungen an den assoziierten Unternehmen werden in der Konzernbilanz gemäß § 312 Abs. 1 HGB mit dem Buchwert angesetzt.;;2016;LVV Leipziger Versorgungs- und Verkehrsgesellschaft mbH;Konzernabschluss;KPMG;;
Die Anteile am Jahresergebnis der assoziierten Unternehmen sowie andere erfolgswirksame Änderungen am anteiligen Eigenkapital werden als Veränderung der Beteiligungsbuchwerte gezeigt und im Ergebnis aus Beteiligungen an assoziierten Unternehmen ausgewiesen. Der sich unter Berücksichtigung des anteiligen Jahresüberschusses im Rahmen der Ergebnisfortschreibung ergebende negative Beteiligungsbuchwert wird in einer Nebenrechnung erfasst und so lange nicht in der Bilanz berücksichtigt, bis sich aus der Fortschreibung durch anteilige Jahresüberschüsse ein positiver Buchwert ergibt.;;2016;LVV Leipziger Versorgungs- und Verkehrsgesellschaft mbH;Konzernabschluss;KPMG;;
2 Erläuterungen zu den Posten der Konzernbilanz sowie der Konzerngewinn- und -verlustrechnung bezüglich Ausweis, Bilanzierung und Bewertung;;2016;LVV Leipziger Versorgungs- und Verkehrsgesellschaft mbH;Konzernabschluss;KPMG;;
2.1 Bilanzierungs- und Bewertungsmethoden;;2016;LVV Leipziger Versorgungs- und Verkehrsgesellschaft mbH;Konzernabschluss;KPMG;;
Den gesetzlichen Vorschriften entsprechend, werden die Jahresabschlüsse der in den Konzernabschluss einbezogenen Unternehmen nach einheitlichen Bilanzierungs- und Bewertungsmethoden aufgestellt. Auch die im Konzernabschluss at Equity bewerteten Unternehmen stellen ihre Jahresabschlüsse grundsätzlich nach den einheitlichen Bilanzierungs- und Bewertungsmethoden des Konzerns auf.;;2016;LVV Leipziger Versorgungs- und Verkehrsgesellschaft mbH;Konzernabschluss;KPMG;;
Die immateriellen Vermögensgegenstände  und die Sachanlagen sind mit den Anschaffungs- und Herstellungskosten, vermindert um planmäßige und außerplanmäßige Abschreibungen, bewertet. In den Herstellungskosten selbst erstellter Anlagen sind neben den Einzelkosten auch angemessene Gemeinkosten enthalten. Unentgeltlich übernommene Anlagegüter in den Vorjahren sind mit ihrem Verkehrswert angesetzt. Grundstückszugänge gemäß Vermögenszuordnungsgesetz sind mit einem pauschalen Bodenwert bilanziert.; 8.2, 8.7 ;2016;LVV Leipziger Versorgungs- und Verkehrsgesellschaft mbH;Konzernabschluss;KPMG;;
Die immateriellen Vermögensgegenstände enthalten Grunddienstbarkeiten nach dem Grundbuchbereinigungsgesetz (GBBerG).; 8.2 ;2016;LVV Leipziger Versorgungs- und Verkehrsgesellschaft mbH;Konzernabschluss;KPMG;;
Die planmäßigen Abschreibungen werden grundsätzlich nach der linearen Abschreibungsmethode über die voraussichtliche Nutzungsdauer der Anlagegegenstände vorgenommen. Darüber hinaus werden im Fall von dauerhaften Wertminderungen außerplanmäßige Abschreibungen auf immaterielle Vermögensgegenstände und Sachanlagen berücksichtigt.; 8.2, 8.7 ;2016;LVV Leipziger Versorgungs- und Verkehrsgesellschaft mbH;Konzernabschluss;KPMG;;
Für die Anlagen des Gasnetzes erfolgte eine Anpassung der Nutzungsdauern an die regulatorischen Nutzungsdauern gemäß Gasnetzentgeltverordnung (GasNEV). Anlagegegenstände, deren Anschaffungskosten im Einzelfall EUR 410,00 nicht übersteigen, werden im Jahr der Anschaffung aktiviert und anschließend vollständig abgeschrieben.; 8.7 ;2016;LVV Leipziger Versorgungs- und Verkehrsgesellschaft mbH;Konzernabschluss;KPMG;;
Soweit Anlagegegenstände der in den Konzern einbezogenen Unternehmen bezuschusst oder finanziell gefördert werden, sind diese Mittel zur Verbesserung des Einblicks in die Vermögens- und Finanzlage auf der Passivseite unter dem Sonderposten für Zuschüsse, Fördermittel und unentgeltliche Übertragung von Gegenständen des Anlagevermögens ausgewiesen. Sie werden nach Maßgabe der Nutzungsdauer der geförderten Sachanlagen aufgelöst.; 8.7 ;2016;LVV Leipziger Versorgungs- und Verkehrsgesellschaft mbH;Konzernabschluss;KPMG;;
Die unter den Finanzanlagen ausgewiesenen Anteile an verbundenen Unternehmen sowie die Beteiligungen sind zu Anschaffungskosten zuzüglich Anschaffungsnebenkosten angesetzt. Anteile an ausländischen Unternehmen werden zum Tageskurs des Transaktionszeitpunktes umgerechnet. Soweit erforderlich, werden bei voraussichtlich dauerhafter Wertminderung Abschreibungen auf den niedrigeren beizulegenden Wert am Bilanzstichtag vorgenommen. Ausleihungen werden zum Nennwert bewertet.; 8.12 ;2016;LVV Leipziger Versorgungs- und Verkehrsgesellschaft mbH;Konzernabschluss;KPMG;;
Ein bisher bilanziell ausgewiesener Sonderposten von Mio. EUR 16,3, der einen zur Finanzierung des Erwerbs von Aktien an der VNG Verbundnetz Gas Aktiengesellschaft, Leipzig (VNG), gewährten Investiti- onszuschuss der EWE Aktiengesellschaft, Oldenburg, aus dem Jahr 2004 betrifft, wurde im Geschäftsjahr 2016 mit den Anschaffungskosten der Beteiligung an der VNG verrechnet.; 8.15 ;2016;LVV Leipziger Versorgungs- und Verkehrsgesellschaft mbH;Konzernabschluss;KPMG;;
Die Roh-, Hilfs- und Betriebsstoffe sind grundsätzlich zu durchschnittlichen Anschaffungskosten unter Berücksichtigung des Niederstwertprinzips angesetzt.; 8.21 ;2016;LVV Leipziger Versorgungs- und Verkehrsgesellschaft mbH;Konzernabschluss;KPMG;;
Unentgeltlich zugeteilte Emissionszertifikate werden unter den Vorräten zum Erinnerungswert angesetzt. Entgeltlich erworbene Emissionszertifikate werden im Posten Vorräte zu Anschaffungskosten bilanziert. Soweit erforderlich, werden Abschreibungen auf den niedrigeren beizulegenden Wert am Bilanzstichtag vorgenommen.; 8.20, 24 ;2016;LVV Leipziger Versorgungs- und Verkehrsgesellschaft mbH;Konzernabschluss;KPMG;;
Die unfertigen Leistungen sind verlustfrei zu Herstellungskosten bewertet.; 8.22 ;2016;LVV Leipziger Versorgungs- und Verkehrsgesellschaft mbH;Konzernabschluss;KPMG;;
Forderungen und sonstige Vermögensgegenstände sind mit ihrem Nennwert unter Berücksichtigung erkennbarer Ausfallrisiken ausgewiesen. Innerhalb der Forderungen aus Lieferungen und Leistungen sind erhaltene Anzahlungen auf den abgegrenzten, noch nicht abgelesenen Verbrauch für Strom, Gas, Wasser und Abwasser offen abgesetzt.; 8.25 ;2016;LVV Leipziger Versorgungs- und Verkehrsgesellschaft mbH;Konzernabschluss;KPMG;;
Forderungen in Fremdwährung, deren Restlaufzeit nicht mehr als ein Jahr beträgt, werden mit dem Devisenkassamittelkurs am Bilanzstichtag bewertet. Alle übrigen Fremdwährungsforderungen werden mit ihrem Umrechnungskurs bei Rechnungsstellung oder dem niedrigeren Devisenkassamittelkurs am Bilanzstichtag bewertet.; 8.25 ;2016;LVV Leipziger Versorgungs- und Verkehrsgesellschaft mbH;Konzernabschluss;KPMG;;
Sofern Netting-Vereinbarungen mit Partnern im Energiegroßhandel bestehen, werden Saldierungen von Forderungen und Verbindlichkeiten vorgenommen.; 8.25, 8.51 ;2016;LVV Leipziger Versorgungs- und Verkehrsgesellschaft mbH;Konzernabschluss;KPMG;;
Sofern es sich bei den sonstigen Vermögensgegenständen um Deckungsvermögen zur Absicherung von Altersteilzeitverpflichtungen beziehungsweise Wertkonten handelt, erfolgt gemäß § 246 Abs. 2 Satz 2 HGB eine Saldierung mit den entsprechenden Rückstellungen.; 8.29 ;2016;LVV Leipziger Versorgungs- und Verkehrsgesellschaft mbH;Konzernabschluss;KPMG;;
Der Kassenbestand, die Guthaben bei Kreditinstituten und Schecks  sind mit dem Nennwert bilanziert. Fremdwährungsbestände mit einer Laufzeit von unter einem Jahr sind gemäß § 256a HGB zum Devisenkassamittelkurs am Abschlussstichtag bewertet.; 8.33 ;2016;LVV Leipziger Versorgungs- und Verkehrsgesellschaft mbH;Konzernabschluss;KPMG;;
Aktive Rechnungsabgrenzungsposten werden für Ausgaben, die Aufwand nach dem Bilanzstichtag darstellen, gebildet.; 8.34 ;2016;LVV Leipziger Versorgungs- und Verkehrsgesellschaft mbH;Konzernabschluss;KPMG;;
Das Sonderverlustkonto aus Rückstellungsbildung gemäß § 17 Abs. 4 DMBilG ist korrespondierend mit der Rückstellungsbildung in der D-Markeröffnungsbilanz abzüglich zwischenzeitlicher Auflösungen und Verbräuche der betreffenden Rückstellungen angesetzt.; 8.47 ;2016;LVV Leipziger Versorgungs- und Verkehrsgesellschaft mbH;Konzernabschluss;KPMG;;
Der Ermittlung aktiver sowie passiver latenter Steuern liegt das bilanzorientierte Temporary-Konzept zugrunde (§ 274 Abs. 1 HGB). Dabei werden auch latente Steuern auf quasipermanente Differenzen, die sich aus der unterschiedlichen Bewertung der Beteiligungen in der Handels- und Steuerbilanz ergeben, berücksichtigt. Die einbezogenen Unterschiede beziehen sich im Fall der Stadtholding nicht nur auf eigene Bilanzposten, sondern auch auf solche, die bei Organgesellschaften bestehen. Weiterhin werden latente Steuern auf Verlustvorträge, die in den nächsten fünf Jahren voraussichtlich zu einer Steuerentlastung führen, berücksichtigt. Die Berechnung erfolgt für die deutschen Gesellschaften mit einem unternehmensindividuellen kombinierten Ertragsteuersatz (Körperschaftsteuer und Solidaritätszuschlag, Gewerbesteuer) von rund 31,7 % beziehungsweise im Fall von zeitlichen Bilanzierungsunterschieden bei Beteiligungen in der Rechtsform einer Personengesellschaft auf Basis eines kombinierten Ertragsteuersatzes von 15,8 %, der lediglich die Körperschaftsteuer und den Solidaritätszuschlag beinhaltet. Bei den polnischen Gesellschaften findet ein Steuersatz von 19,0 % Anwendung. Im Geschäftsjahr ergibt sich unter Anwendung eines saldierten Ausweises (§ 274 Abs. 1 Satz 3 HGB) insgesamt eine aktive latente Steuer. Von dem Wahlrecht zum Ansatz des aktiven latenten Steuerüberhangs aufgrund sich ergebender Steuerentlastungen nach § 274 Abs. 1 Satz 2 HGB wird im Rahmen der konzerneinheitlichen Bilanzierung kein Gebrauch gemacht.; 8.35, 8.64, 25 ;2016;LVV Leipziger Versorgungs- und Verkehrsgesellschaft mbH;Konzernabschluss;KPMG;;
Die latenten Steuern beruhen neben Verlustvorträgen auf Ansatzunterschieden bei der Stadtholding und den einbezogenen Tochterunternehmen im Organkreis. Dabei resultieren aktive latente Steuern insbeson- dere aus handels- und steuerrechtlich abweichenden Wertansätzen bei Sachanlagen und Finanzanlagen, Vorräten, sonstigen Vermögensgegenständen, Sonderposten, Pensionsrückstellungen, sonstigen Rückstel- lungen, Verbindlichkeiten sowie beim passiven Rechnungsabgrenzungsposten. Passive latente Steuern resultieren im Wesentlichen aus Sachanlagen, Finanzanlagen, Forderungen, Sonderposten, Rückstellungen und Verbindlichkeiten. In zulässiger Abweichung von DRS Nr. 18 „Latente Steuern“ wird auf eine Darstellung des Zusammenhangs zwischen erwartetem und ausgewiesenem Steueraufwand in Form einer Überleitungsrechnung verzichtet.; 8.35, 8.64, 25, 28 ;2016;LVV Leipziger Versorgungs- und Verkehrsgesellschaft mbH;Konzernabschluss;KPMG;;
Die aus Konsolidierungsmaßnahmen, insbesondere zur Schuldenkonsolidierung, resultierenden passiven latenten Steuern (TEUR 1.805) sind mit einem kombinierten Ertragsteuersatz von rund 22,2 % unter Berücksichtigung anteiliger Mindestbesteuerung berechnet und entsprechend § 306 HGB bilanziert (gesonderter Posten der Passivseite der Konzernbilanz).; 8.64, 25 ;2016;LVV Leipziger Versorgungs- und Verkehrsgesellschaft mbH;Konzernabschluss;KPMG;;
Das gezeichnete Kapital ist zum Nennbetrag angesetzt.; 8.38 ;2016;LVV Leipziger Versorgungs- und Verkehrsgesellschaft mbH;Konzernabschluss;KPMG;;
Der Posten Eigenkapitaldifferenz aus Währungsumrechnung resultiert aus der Abweichung der Bewertung der Bilanz zum Stichtagskurs sowie der Gewinn- und Verlustrechnung zum Durchschnittskurs gegenüber der Bewertung des Eigenkapitals zum historischen Kurs bei den konsolidierten ausländischen Unternehmen.; 8.38 ;2016;LVV Leipziger Versorgungs- und Verkehrsgesellschaft mbH;Konzernabschluss;KPMG;;
Im Sonderposten für Zuschüsse, Fördermittel und für die unentgeltliche Übertragung von Gegenständen des Anlagevermögens werden neben unentgeltlich übertragenen Gegenständen des Anlagevermö- gens im Wesentlichen Investitionszuschüsse sowie die mit Investitionen zur Umweltverbesserung verrechenbare Abwasserabgabe passiviert, die über die jeweilige Nutzungsdauer der bezuschussten Anlagege- genstände beziehungsweise bei deren Abgang vollständig ertragswirksam aufgelöst werden.; 8.38 ;2016;LVV Leipziger Versorgungs- und Verkehrsgesellschaft mbH;Konzernabschluss;KPMG;;
Vereinnahmte Hausanschlusskostenbeiträge und ähnliche Zuschüsse werden im Sonderposten für Baukostenzuschüsse ausgewiesen. Die jährliche ertragswirksame Auflösung beträgt 5,0 % für bis zum 31. Dezember 2002 erhaltene Baukostenzuschüsse. Für erhaltene Baukostenzuschüsse ab dem 1. Januar 2003 erfolgt die Auflösung über die Nutzungsdauer der betreffenden Anlagen.; 8.38 ;2016;LVV Leipziger Versorgungs- und Verkehrsgesellschaft mbH;Konzernabschluss;KPMG;;
Für die Preisperiode 2016/2017 haben die Wasserwerke erstmalig kalkulatorische Abschreibungen auf der Basis von Wiederbeschaffungszeitwerten (WBZW) gemäß § 13 Abs. 1 des Sächsischen Kommunalabga- bengesetzes (SächsKAG) in der Preiskalkulation zum Ansatz gebracht. Als WBZW wird dabei der zum Zeitpunkt der Ermittlung anzusetzende Wert des Anlagevermögens, den die Gesellschaft für die Erneuerung eines Vermögensgegenstandes durch den Gegenstand gleicher Art und Güte zahlen müsste, verstanden. Nach § 13 Abs. 4 des Sächsischen Kommunalabgabengesetzes sind, sofern Abschreibungen auf Basis von WBZW zugrunde gelegt werden, sich daraus gegenüber einer Kalkulation mit Anschaffungs- und Herstellungskosten ergebende Mehrerträge einem Sonderposten zuzuführen und wie ein Ertragszuschuss zu behandeln. Der Sonderposten wurde erstmalig im Jahr 2016 anlagenklassenbezogen gebildet. Ab dem Zeitpunkt der Vornahme von Ersatz- und Erweiterungsinvestitionen in Folgeperioden ist der Sonderposten unter Berücksichtigung der durchschnittlichen Nutzungsdauer der Investitionen planmäßig ertragswirksam aufzulösen.; 8.38 ;2016;LVV Leipziger Versorgungs- und Verkehrsgesellschaft mbH;Konzernabschluss;KPMG;;
Die im Sonderposten für unentgeltlich ausgegebene Emissionsberechtigungen ausgewiesenen Rechte wurden zum Erinnerungswert bilanziert.; 8.38, 24 ;2016;LVV Leipziger Versorgungs- und Verkehrsgesellschaft mbH;Konzernabschluss;KPMG;;
Für Pensionszusagen, Jubiläumszahlungen und Altersteilzeitverpflichtungen sowie für ausgewählte Personalrückstellungen werden Rückstellungen auf Basis versicherungsmathematischer Gutachten auf der Grundlage der Richttafeln 2005 G von Prof. Dr. Klaus Heubeck mit einem Rechnungszinssatz von 4,01 % bis 4,03 % gebildet. Die Bewertung erfolgt nach den anerkannten Grundsätzen der Versicherungsmathematik mittels der sogenannten Projected-Unit-Credit-Methode, dem Teilwertverfahren sowie der Stellungnahme des Instituts der Wirtschaftsprüfer vom 19. Juni 2013. Für die Rückstellungen für Pensionen und ähnliche Verpflichtungen werden künftige Gehalts- und Rentenanpassungen beziehungsweise Aufwandssteigerungen von 0,0 % bis 5,0 % unterstellt.; 8.48, 35 ;2016;LVV Leipziger Versorgungs- und Verkehrsgesellschaft mbH;Konzernabschluss;KPMG;;
Aus der Abzinsung der Pensionsrückstellungen mit dem durchschnittlichen Marktzinssatz der vergangenen zehn Jahre ergibt sich im Vergleich zur Abzinsung mit dem durchschnittlichen Marktzinssatz der vergangenen sieben Jahre ein Unterschiedsbetrag in Höhe von TEUR 1.834.; 8.48, 36 ;2016;LVV Leipziger Versorgungs- und Verkehrsgesellschaft mbH;Konzernabschluss;KPMG;;
Bei den polnischen Gesellschaften werden Rückstellungen für Altersgelder auf der Grundlage mathematischer Gutachten in Anlehnung an IAS 19 nach dem Anwartschaftsbarwertverfahren (Projected-Unit-Credit- Methode) bei einem Rechnungszins von 3,5 % sowie künftiger Gehaltsanpassungen von 4,0 % und Fluktuationsraten von 8,0 % bis 17,04 % gebildet.; 8.50 ;2016;LVV Leipziger Versorgungs- und Verkehrsgesellschaft mbH;Konzernabschluss;KPMG;;
Soweit für die Pensionsverpflichtungen Rückdeckungsversicherungsverträge existieren, welche an die Pensionsanwärter beziehungsweise Pensionäre verpfändet sind, werden die Verpflichtungen und der Aktivwert der Rückdeckungsversicherungen nach § 246 Abs. 2 HGB verrechnet.; 8.48 ;2016;LVV Leipziger Versorgungs- und Verkehrsgesellschaft mbH;Konzernabschluss;KPMG;;
Ein Teil der Pensionsverpflichtungen ist gemäß § 253 Abs. 1 Satz 3 HGB mit dem Zeitwert der Rückdeckungsversicherung bewertet, da es sich um kongruent rückgedeckte Versorgungszusagen handelt. Vermögensgegenstände, die dem Zugriff aller übrigen Gläubiger entzogen sind und ausschließlich der Erfüllung langfristiger Verpflichtungen aus Altersteilzeit beziehungsweise Wertkonten dienen, sind gemäß; 8.36 ;2016;LVV Leipziger Versorgungs- und Verkehrsgesellschaft mbH;Konzernabschluss;KPMG;;
§ 246 Abs. 2 Satz 2 HGB saldiert mit den entsprechenden Verpflichtungen ausgewiesen.; 8.36 ;2016;LVV Leipziger Versorgungs- und Verkehrsgesellschaft mbH;Konzernabschluss;KPMG;;
Bei den sonstigen Rückstellungen sind alle erkennbaren Risiken und ungewissen Verbindlichkeiten angemessen und ausreichend berücksichtigt. Sie werden in Höhe des Erfüllungsbetrages angesetzt, der nach vernünftiger kaufmännischer Beurteilung notwendig ist.; 8.50 ;2016;LVV Leipziger Versorgungs- und Verkehrsgesellschaft mbH;Konzernabschluss;KPMG;;
In den sonstigen Rückstellungen werden die unentgeltlich zugeteilten Emissionszertifikate zur Erfüllung der Rückgabeverpflichtung zum Erinnerungswert erfasst.; 8.50, 77 ;2016;LVV Leipziger Versorgungs- und Verkehrsgesellschaft mbH;Konzernabschluss;KPMG;;
Bei der Bewertung des Erfüllungsbetrages bestimmter langfristiger Rückstellungen wird jeweils ein angemessener Kostensteigerungsgrad berücksichtigt. Die sonstigen Rückstellungen mit einer Laufzeit von mehr als einem Jahr werden mit fristadäquaten Zinssätzen abgezinst, die von der Deutschen Bundesbank bekannt gegeben worden sind.; 8.47 ;2016;LVV Leipziger Versorgungs- und Verkehrsgesellschaft mbH;Konzernabschluss;KPMG;;
Gemäß Art. 67 Abs. 1 Satz 2 EGHGB werden langfristige Rückstellungen, für die sich aufgrund der geänderten Bewertung eine Auflösung ergeben würde, beibehalten, soweit der aufzulösende Betrag bis spätestens zum 31. Dezember 2024 wieder zugeführt werden müsste.; 8.47, 40 ;2016;LVV Leipziger Versorgungs- und Verkehrsgesellschaft mbH;Konzernabschluss;KPMG;;
Von der Möglichkeit, Aufwandsrückstellungen nach § 249 Abs. 2 HGB a. F. gemäß Art. 67 Abs. 3 Satz 1 EGHGB zum Umstellungszeitpunkt auf die Neuregelungen des Bilanzrechtsmodernisierungsgesetzes (BilMoG) beizubehalten, wurde Gebrauch gemacht.; 8.47 ;2016;LVV Leipziger Versorgungs- und Verkehrsgesellschaft mbH;Konzernabschluss;KPMG;;
Die Verbindlichkeiten sind mit ihrem Erfüllungsbetrag passiviert. Verbindlichkeiten in Fremdwährung, deren Restlaufzeit nicht mehr als ein Jahr beträgt, werden mit dem Devisenkassamittelkurs am Bilanzstichtag bewertet. Alle übrigen Fremdwährungsverbindlichkeiten werden mit ihrem Umrechnungskurs bei Rechnungsstellung oder dem höheren Devisenkassamittelkurs am Bilanzstichtag bewertet.; 8.51 ;2016;LVV Leipziger Versorgungs- und Verkehrsgesellschaft mbH;Konzernabschluss;KPMG;;
Passive Rechnungsabgrenzungsposten wurden für Einnahmen, die Ertrag nach dem Bilanzstichtag darstellen, gebildet. Die aus grenzüberschreitenden Leasinggeschäften erzielten Barwertvorteile wurden passiv abgegrenzt. Sie werden über die jeweilige Vertragslaufzeit ergebniswirksam aufgelöst.; 8.63 ;2016;LVV Leipziger Versorgungs- und Verkehrsgesellschaft mbH;Konzernabschluss;KPMG;;
Derivative Finanzinstrumente werden einzeln mit dem Marktwert am Stichtag bewertet. Sind die Voraussetzungen zur Bildung von Bewertungseinheiten erfüllt, werden die Sicherungs- und Grundgeschäfte zu einer Bewertungseinheit zusammengefasst.; 8.0, 31, 47 ;2016;LVV Leipziger Versorgungs- und Verkehrsgesellschaft mbH;Konzernabschluss;KPMG;;
2.2 Erläuterungen zur Konzernbilanz;;2016;LVV Leipziger Versorgungs- und Verkehrsgesellschaft mbH;Konzernabschluss;KPMG;;
"Die Zusammensetzung und Entwicklung der einzelnen Posten des Anlagevermögens sind im Anlagenspiegel dargestellt; die Gliederung richtet sich nach § 266 Abs. 2 i. V. m. § 265 Abs. 6 HGB."; 5.1 ;2016;LVV Leipziger Versorgungs- und Verkehrsgesellschaft mbH;Konzernabschluss;KPMG;;
Unter den Finanzanlagen werden die Anteile der nicht in den Konsolidierungskreis einbezogenen verbundenen Unternehmen, Ausleihungen an verbundene nicht konsolidierte Unternehmen, Beteiligungen, Ausleihungen an Unternehmen, mit denen ein Beteiligungsverhältnis besteht, sowie sonstige Ausleihungen ausgewiesen.; 5.12 ;2016;LVV Leipziger Versorgungs- und Verkehrsgesellschaft mbH;Konzernabschluss;KPMG;;
Die Beteiligungsbuchwerte an den assoziierten Unternehmen werden unter Berücksichtigung der anteiligen Jahresergebnisse des Geschäftsjahres 2016 und der vereinnahmten Ausschüttungen fortgeschrieben. Der sich unter Berücksichtigung des anteiligen Jahresfehlbetrages der WEO GmbH & Co. KG, Nürnberg, im Rahmen der Ergebnisfortschreibung ergebende negative Beteiligungsbuchwert von TEUR 1.839 wird in einer Nebenrechnung erfasst und fortgeführt.; 5.12 ;2016;LVV Leipziger Versorgungs- und Verkehrsgesellschaft mbH;Konzernabschluss;KPMG;;
Die Vorräte enthalten zum Bilanzstichtag unentgeltlich zugeteilte rückgabepflichtige Emissionsberechtigungen, die mit einem Erinnerungswert angesetzt sind (Marktwert zum 31. Dezember 2016: TEUR 2.597).; 5.20, 24 ;2016;LVV Leipziger Versorgungs- und Verkehrsgesellschaft mbH;Konzernabschluss;KPMG;;
In den Forderungen aus Lieferungen und Leistungen  der Konzernbilanz sind hauptsächlich Forderungen aus abgerechneten Energie- und Wasserlieferungen sowie aus der Abwasserbehandlung und der abgegrenzte Verbrauch zwischen Ablese- und Bilanzstichtag von insgesamt TEUR 306.426 enthalten. Erhaltene Anzahlungen von TEUR 191.905 werden offen abgesetzt. In den Forderungen aus Lieferungen und Leistungen sind Forderungen gegen den Gesellschafter Stadt Leipzig mit TEUR 11.233 (Vj.: TEUR 7.454) enthalten.; 5.26, 19 ;2016;LVV Leipziger Versorgungs- und Verkehrsgesellschaft mbH;Konzernabschluss;KPMG;;
Von den Forderungen gegen verbundene, nicht einbezogene Unternehmen betreffen TEUR 54 Forderungen aus Lieferungen und Leistungen sowie TEUR 1.438 sonstige Vermögensgegenstände und von den Forderungen gegen Unternehmen, mit denen ein Beteiligungsverhältnis besteht, betreffen TEUR 565 Forderungen aus Lieferungen und Leistungen.; 5.27, 7 ;2016;LVV Leipziger Versorgungs- und Verkehrsgesellschaft mbH;Konzernabschluss;KPMG;;
In den sonstigen Vermögensgegenständen sind im Wesentlichen Forderungen gegen das Finanzamt von TEUR 16.517 ausgewiesen. Im Vorjahr enthielten die sonstigen Vermögensgegenstände Forderungen für Ansprüche von TEUR 2.216, die an Dritte verpfändet worden sind.; 5.29 ;2016;LVV Leipziger Versorgungs- und Verkehrsgesellschaft mbH;Konzernabschluss;KPMG;;
Von den Forderungen haben TEUR 11 (Vj.: TEUR 27) der Forderungen aus Lieferungen und Leistungen, TEUR 42 (Vj.: TEUR 0) der Forderungen gegen verbundene, nicht einbezogene Unternehmen und TEUR 125 (Vj.: TEUR 2.369) der sonstigen Vermögensgegenstände eine Restlaufzeit von mehr als einem Jahr.; 5.25 ;2016;LVV Leipziger Versorgungs- und Verkehrsgesellschaft mbH;Konzernabschluss;KPMG;;
Das Sonderverlustkonto aus Rückstellungsbildung gemäß § 17 Abs. 4 DMBilG betrifft die Rückstellung für Altlastensanierung. Es wurde im Geschäftsjahr 2016 mit TEUR 65 abgeschrieben. Das gezeichnete Kapital entspricht dem Stammkapital im Mutterunternehmen Stadtholding. Die Stammeinlage wird in voller Höhe von der Stadt Leipzig gehalten.; 5.38 ;2016;LVV Leipziger Versorgungs- und Verkehrsgesellschaft mbH;Konzernabschluss;KPMG;;
Die Kapitalrücklage entwickelte sich wie folgt:; 5.39 ;2016;LVV Leipziger Versorgungs- und Verkehrsgesellschaft mbH;Konzernabschluss;KPMG;;
"in TEUR
Anfangsstand 1. Januar 2016 143.940
Einlage der Stadt Leipzig 16.271
Zugänge aus Unterschiedsbetrag 155.820
Endstand 31. Dezember 2016 316.031"; 5.39 ;2016;LVV Leipziger Versorgungs- und Verkehrsgesellschaft mbH;Konzernabschluss;KPMG;;
Die Kapitalrücklage hat sich im Geschäftsjahr 2016 im Wesentlichen durch Kapitaleinlagen des Gesellschafters um TEUR 16.271 erhöht. Weiterhin erfolgte eine erfolgsneutrale Verrechnung des Unterschieds- betrages in Höhe von TEUR 155.820 zugunsten der Kapitalrücklage.; 5.39 ;2016;LVV Leipziger Versorgungs- und Verkehrsgesellschaft mbH;Konzernabschluss;KPMG;;
Im Posten nicht beherrschende Anteile von TEUR 90.782 sind hauptsächlich die Anteile des Zweckverbandes für Wasserversorgung und Abwasserbeseitigung Leipzig-Land, Leipzig (ZV WALL), an den Wasserwerken, der Stadt Gda?sk an der GPEC sowie der Siemens AG an der IFTEC erfasst. Der diesen Gesellschaftern zuzurechnende Gewinn von TEUR 4.149 ist in diesem Bilanzposten verrechnet und in der Konzerngewinn- und -verlustrechnung separat im Posten nicht beherrschende Anteile ausgewiesen.; 5.37, 57 ;2016;LVV Leipziger Versorgungs- und Verkehrsgesellschaft mbH;Konzernabschluss;KPMG;;
Vor dem Hintergrund der Neufassung von § 309 HGB durch das BilRUG wurden vom bisher bestehenden Unterschiedsbetrag aus der Kapitalkonsolidierung (TEUR 156.583) TEUR 155.820 (einschließlich eines weiteren Zugangs im Geschäftsjahr 2016 von TEUR 23) zugunsten der Kapitalrücklage umgegliedert. Außerdem wurde im Geschäftsjahr 2016 ein Betrag von TEUR 786 zugunsten der sonstigen betrieblichen Erträge aufgelöst.; 5.37 ;2016;LVV Leipziger Versorgungs- und Verkehrsgesellschaft mbH;Konzernabschluss;KPMG;;
"Im Sonderposten für Zuschüsse, Fördermittel und für die unentgeltliche Übertragung von Gegenständen des Anlagevermögens sind mit TEUR 39.582 Zugänge sowie mit TEUR 209 Abgänge erfasst. Der Sonderposten wurde mit TEUR 36.065 ertragswirksam aufgelöst. Des Weiteren verminderte sich der Sonderposten um TEUR 16.273 infolge der vorgenommenen Verrechnungen mit dem Anlagevermögen und um TEUR 492 aufgrund eines Abgangs aus dem Konsolidierungskreis; er erhöhte sich aufgrund der Berücksichtigung von Währungsdifferenzen (TEUR 86)."; 5.37 ;2016;LVV Leipziger Versorgungs- und Verkehrsgesellschaft mbH;Konzernabschluss;KPMG;;
Bei den Baukostenzuschüssen stehen Zugängen des Geschäftsjahres 2016 von TEUR 13.773 ertragswirksame Auflösungen von TEUR 7.254 und Abgänge von TEUR 107 gegenüber.; 5.37 ;2016;LVV Leipziger Versorgungs- und Verkehrsgesellschaft mbH;Konzernabschluss;KPMG;;
Die Pensionsverpflichtungen sind bei den inländischen Unternehmen nach den Vorschriften des BilMoG bewertet und werden entsprechend § 246 Abs. 2 HGB mit dem korrespondierenden Aktivwert für abgeschlossene Rückdeckungsversicherungen verrechnet. Der Zeitwert der verrechneten Vermögensgegenstände sowie der Erfüllungsbetrag der verrechneten Schulden betragen unter Beachtung bereits geleisteter Zahlungen jeweils TEUR 673. Die Anschaffungskosten für den Aktivwert der Rückdeckungsversicherungen betragen TEUR 774. Der im Geschäftsjahr 2016 im Zeitwert enthaltene Zinsertrag aus den verpfändeten Rückdeckungsversicherungen (TEUR 21) ist in der Gewinn- und Verlustrechnung mit den Aufwendungen aus der Verpflichtung (TEUR 21) saldiert.; 5.48, 38 ;2016;LVV Leipziger Versorgungs- und Verkehrsgesellschaft mbH;Konzernabschluss;KPMG;;
Die Steuerrückstellungen berücksichtigen neben den Steuerrückstellungen für das laufende Geschäftsjahr auch Rückstellungen für mögliche Steuernachzahlungen für Vorjahre aus laufenden steuerlichen Au- ßenprüfungen.; 5.49 ;2016;LVV Leipziger Versorgungs- und Verkehrsgesellschaft mbH;Konzernabschluss;KPMG;;
Die sonstigen Rückstellungen enthalten hauptsächlich Rückstellungen für Prozessrisiken und Rechtsstreitigkeiten (TEUR 117.673), für drohende Verluste (TEUR 50.081), für Altersteilzeit-, Sozialplan- und Personalaufwendungen (TEUR 38.920), für ausstehende Rechnungen (TEUR 37.406), für Umsatzrisiken gemäß dem Sächsischen Kommunalabgabengesetz (TEUR 26.190), für Abwasser- und Konzessionsab- gaben (TEUR 10.894), für Verpflichtungen zur Zahlung von Entschädigungen für dinglich gesicherte Leitungsführungsrechte gemäß § 9 GBBerG (TEUR 12.239) sowie für die Beseitigung ökologischer Schäden (TEUR 12.297).; 5.50 ;2016;LVV Leipziger Versorgungs- und Verkehrsgesellschaft mbH;Konzernabschluss;KPMG;;
Die Altersteilzeitverpflichtungen und sonstigen Personalrückstellungen für Wertkonten (TEUR 4.450) werden gemäß § 246 Abs. 2 Satz 2 HGB mit Vermögensgegenständen, die dem Zugriff aller übrigen Gläubiger entzogen sind und ausschließlich der Erfüllung von Altersteilzeitverpflichtungen oder vergleichbar langfristig fälligen Verpflichtungen dienen, verrechnet. Die Anschaffungskosten der verrechneten Vermögensgegenstände betragen TEUR 4.550. Der Zeitwert der verrechneten Vermögensgegenstände und der Erfüllungsbetrag der verrechneten Schulden belaufen sich jeweils auf TEUR 4.550. Der Zinsaufwand aus der Dotierung der rückgedeckten Verpflichtungen (TEUR 22) wurde mit dem Zinsertrag aus den Rückdeckungsversicherungen (TEUR 22) verrechnet.; 5.50, 38 ;2016;LVV Leipziger Versorgungs- und Verkehrsgesellschaft mbH;Konzernabschluss;KPMG;;
Der Betrag der Überdeckung von langfristigen Rückstellungen, die gemäß Art. 67 Abs. 1 Satz 2 EGHGB beibehalten wurde, beläuft sich auf TEUR 85. Für die in der Konzernbilanz ausgewiesenen Verbindlichkeiten bestehen folgende Restlaufzeiten:; 5.51, 40 ;2016;LVV Leipziger Versorgungs- und Verkehrsgesellschaft mbH;Konzernabschluss;KPMG;;
"Restlaufzeit Gesamt
in TEUR bis zu einem Jahr (Vorjahr)
von einem bis zu fünf Jahren
(Vorjahr) über fünf Jahre (Vorjahr) 31.12.2016 (Vorjahr)
Verbindlichkeiten gegenüber Kreditinstituten 85.158 380.045 258.946 724.149"; 5.51 ;2016;LVV Leipziger Versorgungs- und Verkehrsgesellschaft mbH;Konzernabschluss;KPMG;;
"Verbindlichkeiten Restlaufzeit Gesamt
in TEUR bis zu einem Jahr (Vorjahr)
von einem bis zu fünf Jahren
(Vorjahr) über fünf Jahre (Vorjahr) 31.12.2016 (Vorjahr)
(166.343) (374.034) (146.272) (686.649)
Erhaltene Anzahlungen auf Bestellungen 10.803 0 0 10.803
(8.214) (0) (0) (8.214)
Verbindlichkeiten aus Lieferungen und Leistungen 90.326 0 0 90.326
(77.986) (0) (0) (77.986)
Verbindlichkeiten gegenüber verbundenen, nicht einbezogenen Unternehmen
9.810 0 0 9.810
(8.111) (0) (0) (8.111)
Verbindlichkeiten gegenüber Unternehmen, mit denen ein Beteiligungsverhältnis
besteht
1.880 0 0 1.880
(2.399) (0) (0) (2.399)
Sonstige Verbindlichkeiten 51.425 2.085 242.613 296.123
(52.801) (882) (243.975) (297.658)
249.402 382.130 501.559 1.133.091
(315.854) (374.916) (39.247) (1.081.017)"; 5.51, 42 ;2016;LVV Leipziger Versorgungs- und Verkehrsgesellschaft mbH;Konzernabschluss;KPMG;;
Von den Verbindlichkeiten gegenüber Kreditinstituten sind TEUR 510 durch notarielle Eintragung besichert.; 5.54 ;2016;LVV Leipziger Versorgungs- und Verkehrsgesellschaft mbH;Konzernabschluss;KPMG;;
Die Verbindlichkeiten aus Lieferungen und Leistungen betreffen mit TEUR 6.283 (Vj.: TEUR 6.036) Verbindlichkeiten gegenüber dem Gesellschafter Stadt Leipzig.; 5.56, 19 ;2016;LVV Leipziger Versorgungs- und Verkehrsgesellschaft mbH;Konzernabschluss;KPMG;;
Von den Verbindlichkeiten gegenüber verbundenen, nicht einbezogenen Unternehmen  betreffen TEUR 5.143 Verbindlichkeiten aus Cash Management, TEUR 2 Verbindlichkeiten aus Lieferungen und Leistungen, TEUR 4.664 sonstige Verbindlichkeiten und TEUR 1 Verbindlichkeiten aus Steuern.; 5.58, 7 ;2016;LVV Leipziger Versorgungs- und Verkehrsgesellschaft mbH;Konzernabschluss;KPMG;;
Die Verbindlichkeiten gegenüber Unternehmen, mit denen ein Beteiligungsverhältnis besteht, betreffen Verbindlichkeiten aus Lieferungen und Leistungen.; 5.59, 7 ;2016;LVV Leipziger Versorgungs- und Verkehrsgesellschaft mbH;Konzernabschluss;KPMG;;
Die sonstigen Verbindlichkeiten enthalten Verpflichtungen von TEUR 237.846 (Vj.: TEUR 237.846) aus der Gewährung eines Darlehens durch die Stadt Leipzig. Auf Grundlage der zwischen der Stadt Leipzig und der Stadtholding am 29. Juni 2009 geschlossenen Rangrücktritts- und Kapitalbelassungsvereinbarung tritt die Stadt Leipzig mit ihren gegenwärtigen und zukünftigen Forderungen aus oder im Zusammenhang mit dem Gesellschafterdarlehen hinter alle gegenwärtigen und zukünftigen, auch bedingten, befristeten oder gesetzlichen Ansprüche aller übrigen Gläubiger im Rang zurück. Die Stadt Leipzig verpflichtet sich weiter, während der Dauer der vorliegenden Vereinbarung das Gesellschafterdarlehen bei der Stadtholding zu belassen.; 5.60 ;2016;LVV Leipziger Versorgungs- und Verkehrsgesellschaft mbH;Konzernabschluss;KPMG;;
Tilgungen auf das Gesellschafterdarlehen sind bis zur Höhe eines im Konzernabschluss des Leipziger Konzerns oder, falls niedriger, im Jahresabschluss der Stadtholding ausgewiesenen positiven, freien Cash Flows zulässig, höchstens jedoch in Höhe eines künftigen Jahresüberschusses und begrenzt auf einzelne Jahreshöchstbeträge. Sämtliche Zahlungen auf das Gesellschafterdarlehen stehen unter der zusätzlichen Voraussetzung, dass die Stadtholding ihren Zahlungsverpflichtungen gegenüber Dritten vollständig und fristgerecht nachkommen kann. Auf Grundlage des Beschlusses der Ratsversammlung der Stadt Leipzig vom 24. August 2016 wurde mit Datum vom 19./21. Dezember 2016 eine Vereinbarung zwischen der Stadt Leipzig und der Stadtholding zur Tilgungsaussetzung für die Jahre 2016 bis 2018 getroffen.; 5.60 ;2016;LVV Leipziger Versorgungs- und Verkehrsgesellschaft mbH;Konzernabschluss;KPMG;;
In Umsetzung des Ratsbeschlusses der Stadt Leipzig vom 11. November 2009 erklärte die Stadt Leipzig gegenüber der Stadtholding in der am 1. April 2010 abgegebenen Freigabeerklärung, dass sie alle im Zusammenhang mit dem Gesellschafterdarlehen bisher zu ihren Gunsten bestellten Pfandrechte an den Geschäftsanteilen der Wasserwerke und Stadtwerke vollständig und unbedingt freigegeben hat.; 5.60 ;2016;LVV Leipziger Versorgungs- und Verkehrsgesellschaft mbH;Konzernabschluss;KPMG;;
Darüber hinaus enthalten die sonstigen Verbindlichkeiten im Voraus erhaltene, noch nicht gerichtlich entschiedene Prozesskostenerstattungen im Zusammenhang mit dem Londoner Gerichtsprozess zu CDO-/ CDS-Transaktionen (TEUR 14.957, zum Teil in Fremdwährung).; 5.60 ;2016;LVV Leipziger Versorgungs- und Verkehrsgesellschaft mbH;Konzernabschluss;KPMG;;
Der passive Rechnungsabgrenzungsposten enthält im Wesentlichen Einnahmen aus grenzüberschreitenden Leasinggeschäften der Wasserwerke und Verkehrsbetriebe von TEUR 3.623, die über die Laufzeit ertragswirksam aufgelöst werden. Darüber hinaus werden unter anderem das Folgejahr betreffende Fahrgeldeinnahmen von TEUR 4.549 erfasst.; 5.63 ;2016;LVV Leipziger Versorgungs- und Verkehrsgesellschaft mbH;Konzernabschluss;KPMG;;
2.3 Erläuterungen zur Konzerngewinn- und -verlustrechnung;;2016;LVV Leipziger Versorgungs- und Verkehrsgesellschaft mbH;Konzernabschluss;KPMG;;
Von den Umsatzerlösen des Konzerns entfallen TEUR 1.885.985 auf den Energiegroßhandel und auf Energielieferungen, TEUR 141.794 auf die Wasserversorgung und Abwasserbehandlung, TEUR 105.159 auf Erträge aus Verkehrsleistungen einschließlich Ausgleichszahlungen sowie TEUR 155.093 auf Nebengeschäfte einschließlich der Erträge aus der Auflösung des Sonderpostens für Baukostenzuschüsse.; 5.66, 48 ;2016;LVV Leipziger Versorgungs- und Verkehrsgesellschaft mbH;Konzernabschluss;KPMG;;
Von den Umsatzerlösen wurden TEUR 2.172.139 in der Bundesrepublik Deutschland und TEUR 115.892 in der Republik Polen erwirtschaftet. Die Umsatzerlöse enthalten periodenfremde Umsätze von TEUR 10.054.; 5.66, 48, 52 ;2016;LVV Leipziger Versorgungs- und Verkehrsgesellschaft mbH;Konzernabschluss;KPMG;;
Die sonstigen betrieblichen Erträge enthalten periodenfremde Erträge von TEUR 42.269. Diese betreffen im Wesentlichen außergewöhnliche Erträge im Zusammenhang mit Gutschriften für Energiebezüge aus Vorjahren (TEUR 20.503), Erträge aus der Auflösung von Rückstellungen (TEUR 13.519) sowie Erträge aus dem Abgang von Anlagevermögen (TEUR 1.758). Die Erträge aus Fremdwährungsgewinnen betragen TEUR 49 (Vj.: TEUR 132).; 5.69, 52, 54, 55 ;2016;LVV Leipziger Versorgungs- und Verkehrsgesellschaft mbH;Konzernabschluss;KPMG;;
Der Materialaufwand enthält periodenfremden Aufwand von TEUR 13.590.; 5.70, 52 ;2016;LVV Leipziger Versorgungs- und Verkehrsgesellschaft mbH;Konzernabschluss;KPMG;;
In den Abschreibungen sind Abschreibungen auf den Geschäfts- oder Firmenwert von TEUR 80 und außerplanmäßige Abschreibungen auf Sachanlagen von TEUR 8.691 enthalten.; 5.77, 50 ;2016;LVV Leipziger Versorgungs- und Verkehrsgesellschaft mbH;Konzernabschluss;KPMG;;
In den sonstigen betrieblichen Aufwendungen sind periodenfremde Aufwendungen von TEUR 19.113 enthalten, davon betreffen TEUR 6.227 Wertberichtigungen und Abschreibungen von Forderungen, TEUR 5.352 Steuernachzahlungen für Vorjahre sowie TEUR 2.376 Verluste aus dem Abgang von Anlagevermögen. Außergewöhnliche Aufwendungen von TEUR 12.247 ergaben sich aus der Bildung einer Drohverlustrückstellung infolge Auflösung einer Bewertungseinheit des Finanzierungsportfolios, TEUR 5.502 für Restrukturierungsaufwendungen sowie TEUR 5.270 aus der Nachzahlung von Umsatzsteuer. Aufwendungen für Fremdwährungsverluste liegen in Höhe von TEUR 4 (Vj.: TEUR 139) vor. Im Vorjahresausweis wurden Aufwendungen von TEUR 7.147 von den außerordentlichen Aufwendungen zu den sonstigen betrieblichen Aufwendungen umgegliedert.; 5.90, 52, 54, 55 ;2016;LVV Leipziger Versorgungs- und Verkehrsgesellschaft mbH;Konzernabschluss;KPMG;;
Unter den sonstigen Zinsen und ähnlichen Erträgen sind TEUR 1.438 (Vj.: TEUR 1.198) aus der Abzinsung von Rückstellungen und im Posten  Zinsen und ähnliche Aufwendungen sind TEUR 2.101 (Vj.: TEUR 3.365) aus der Aufzinsung von Rückstellungen enthalten. Die Zinserträge enthalten periodenfremde Zinserträge von TEUR 1.813, die sich aus Steuererstattungen für Vorjahre und Abzinsung von Rückstellungen ergaben. Die Zinsaufwendungen enthalten periodenfremde Zinsaufwendungen von TEUR 748. Weiterhin sind außergewöhnliche Aufwendungen von TEUR 3.128 aus der Zuführung von Zins- rückstellungen im Rahmen des Rechtsstreits der Wasserwerke gegen die Landesbank Baden-Württemberg (LBBW) zu CDO-Transaktionen enthalten. Der Vorjahresbetrag von TEUR 3.147 wird abweichend zum Vorjahr nicht mehr in den außerordentlichen Aufwendungen, sondern im Zinsaufwand ausgewiesen.; 5.85, 5.88, 52, 53 ;2016;LVV Leipziger Versorgungs- und Verkehrsgesellschaft mbH;Konzernabschluss;KPMG;;
Die Steuern vom Einkommen und Ertrag enthalten periodenfremde Steueraufwendungen von TEUR 8.449.; 5.90, 52 ;2016;LVV Leipziger Versorgungs- und Verkehrsgesellschaft mbH;Konzernabschluss;KPMG;;
3 Angaben zum Jahresergebnis; 5.93 ;2016;LVV Leipziger Versorgungs- und Verkehrsgesellschaft mbH;Konzernabschluss;KPMG;;
Der Leipziger Konzern schließt das Geschäftsjahr 2016 mit einem Konzernjahresüberschuss von TEUR 6.325 ab.; 5.93 ;2016;LVV Leipziger Versorgungs- und Verkehrsgesellschaft mbH;Konzernabschluss;KPMG;;
Unter Berücksichtigung der den anderen Gesellschaftern zuzurechnenden Ergebnisse (nicht beherrschende Anteile) von TEUR 4.149, des Konzernverlustvortrages von TEUR 149.636 und der Einstellung des Vorjahresergebnisses der Stadtholding von TEUR 20.247 in die Gewinnrücklagen verbleibt ein Konzernbilanzverlust von TEUR 167.707.; 5.93, 33, 57 ;2016;LVV Leipziger Versorgungs- und Verkehrsgesellschaft mbH;Konzernabschluss;KPMG;;
Es wird vorgeschlagen, den Jahresfehlbetrag der Muttergesellschaft für das Geschäftsjahr 2016 von TEUR 5.308 durch Entnahmen aus den Gewinnrücklagen der Stadtholding auszugleichen.; 5.93 ;2016;LVV Leipziger Versorgungs- und Verkehrsgesellschaft mbH;Konzernabschluss;KPMG;;
4 Ergänzende Angaben;;2016;LVV Leipziger Versorgungs- und Verkehrsgesellschaft mbH;Konzernabschluss;KPMG;;
4.1 Haftungsverhältnisse; 44 ;2016;LVV Leipziger Versorgungs- und Verkehrsgesellschaft mbH;Konzernabschluss;KPMG;;
Im Konzern bestehen Haftungsverhältnisse von TEUR 70.847. Davon ergeben sich Verpflichtungen aus der Mitgliedschaft der IFTEC in einer Bietergemeinschaft von TEUR 47.561. Da die Bietergemeinschaft ihre Leistungen bisher vertragsgerecht erfüllt, ist davon auszugehen, dass mit einer Inanspruchnahme nicht zu rechnen ist.; 44, 45 ;2016;LVV Leipziger Versorgungs- und Verkehrsgesellschaft mbH;Konzernabschluss;KPMG;;
Darüber hinaus haben die Wasserwerke im Jahr 2006 gegenüber der HypoVereinsbank für das Tochterunternehmen Sportbäder Leipzig GmbH, Leipzig, eine Patronatserklärung für gegenwärtige und künftige Kredit- und Finanzdienstleistungen abgegeben, die vorrangig zur Investitionsfinanzierung für eine Schwimmhalle und zur Absicherung des Bäderbetriebes dienen (Darlehensinanspruchnahme zum 31. Dezember 2016: TEUR 3.075). Eine Inanspruchnahme der Wasserwerke ist langfristig nahezu auszuschließen, da eine auskömmliche Finanzierung des Tochterunternehmens im Rahmen vertraglicher Zuwendungen der Stadt Leipzig erfolgt (Bäderleistungsfinanzierungsvertrag bis 2022).; 44, 45 ;2016;LVV Leipziger Versorgungs- und Verkehrsgesellschaft mbH;Konzernabschluss;KPMG;;
Weiterhin bestehen Haftungsverhältnisse gemäß § 251 HGB aus grenzüberschreitenden Leasinggeschäften (CBL).; 44 ;2016;LVV Leipziger Versorgungs- und Verkehrsgesellschaft mbH;Konzernabschluss;KPMG;;
Klärwerketransaktion (Wasserwerke);;2016;LVV Leipziger Versorgungs- und Verkehrsgesellschaft mbH;Konzernabschluss;KPMG;;
Zahlungsverpflichtung Fremdmittelseite:;;2016;LVV Leipziger Versorgungs- und Verkehrsgesellschaft mbH;Konzernabschluss;KPMG;;
Für die Fremdmittelanteile der von den Wasserwerken geschuldeten Leasingraten bestehen Zahlungsinstrumente eines Finanzinstituts mit Investment-Grade-Rating gemäß Standard & Poor’s und Moody’s. Das Zahlungsprofil des Zahlungsinstruments ist auf die von den Wasserwerken geschuldeten Fremdmittelanteile der Leasingraten abgestimmt. Der Saldo der Fremdmittel-Zahlungsinstrumente zum Jahresende 2016 liegt bei circa Mio. USD 166,0.;;2016;LVV Leipziger Versorgungs- und Verkehrsgesellschaft mbH;Konzernabschluss;KPMG;;
Zahlungsverpflichtung Eigenmittelseite:;;2016;LVV Leipziger Versorgungs- und Verkehrsgesellschaft mbH;Konzernabschluss;KPMG;;
Für die Eigenmittelanteile der von den Wasserwerken geschuldeten Leasingraten besteht ein Zahlungsinstrument einer Zweckgesellschaft, die ihre Zahlungsverpflichtungen gegenüber den Wasserwerken bis Ende September 2016 durch ein Zahlungsinstrument eines Finanzinstituts mit Investment-Grade-Rating, das durch US-Staatsanleihen zusätzlich gesichert war, refinanziert hatte. Mit der am 28. September 2016 erfolgten Refinanzierung konnte das Zahlungsinstrument des Finanzinstituts gegen ein fristen- und betragskonformes Portfolio aus US-Staatsanleihen ausgetauscht werden, das heißt, seit diesem Zeitpunkt ist das Zahlungsinstrument der Zweckgesellschaft direkt durch ein zu den von den Wasserwerken geschuldeten Eigenmittelanteilen der Leasingraten fristen- und betragskonformes Portfolio aus US-Staatsanleihen hinterlegt. Das Portfolio aus US-Staatsanleihen ist zudem zugunsten des Investors verpfändet. Für das Portfolio aus US-Staatsanleihen gibt es keine vertraglich vorgegebenen Ratinganforderungen, das heißt, die bis zum 28. September 2016 diesbezüglich relevanten Ratingtrigger sind aufgehoben.;;2016;LVV Leipziger Versorgungs- und Verkehrsgesellschaft mbH;Konzernabschluss;KPMG;;
Bei   einer   vorzeitigen,   von   den   Wasserwerken   zu   verantwortenden   Vertragsauflösung   kann   sich   ein   Eventualrisiko   aus   der   Differenz   zwischen   den   für   diesen   Fall   vertraglich   vereinbarten (Eigenmittel-)Kündigungswerten und dem Marktwert des Eigenmittel-Zahlungsinstrumentes, der dem Marktwert des Portfolios aus US-Staatsanleihen entspricht, ergeben. Zum Jahresende 2016 lag dieser Diffe- renzbetrag bei circa Mio. USD 44,0. Für diesen Differenzbetrag sind zusätzliche Sicherheiten zugunsten des Investors in Form von Bankavalen bei einer deutschen Landesbank bestellt. Für die Bankavale bestehen vertraglich vereinbarte Mindestratings. Da die Bankavale vor Juli 2001 begeben wurden, unterliegen diese der zeitlich uneingeschränkten Gewährträgerhaftung der damaligen Gewährträger.;;2016;LVV Leipziger Versorgungs- und Verkehrsgesellschaft mbH;Konzernabschluss;KPMG;;
Straßenbahntransaktion 2005 (Verkehrsbetriebe);;2016;LVV Leipziger Versorgungs- und Verkehrsgesellschaft mbH;Konzernabschluss;KPMG;;
Die Verkehrsbetriebe haften für die künftigen Zahlungsverpflichtungen aus einem im Jahr 2005 mit der Skandinaviska Enskilda Banken AB Public Sweden (SEB) abgeschlossenen grenzüberschreitenden Leasing- geschäft mit einem Transaktionsvolumen von TEUR 22.906. Die Zahlungsverpflichtungen sind durch den Kaufpreis abgedeckt, der beim Leasinggeber hinterlegt ist. Zum Bilanzstichtag betragen die ausstehenden Leasingzahlungen TEUR 20.211. An den Vermögensgegenständen des Leasinggeschäfts wurde zugunsten der Verkehrsbetriebe ein Pfandrecht bestellt. Aufgrund der Struktur der Transaktion und der vorliegenden Informationen wird hieraus nicht mit einer Inanspruchnahme gerechnet.;;2016;LVV Leipziger Versorgungs- und Verkehrsgesellschaft mbH;Konzernabschluss;KPMG;;
CDO-/CDS-Transaktionen (Wasserwerke);;2016;LVV Leipziger Versorgungs- und Verkehrsgesellschaft mbH;Konzernabschluss;KPMG;;
Zu den CDO-/CDS-Transaktionen aus den Jahren 2006 und 2007 der Wasserwerke erging am 4. November 2014 ein Urteil des High Court of Justice in London. Nach diesem Urteil, gegen das die UBS AG und UBS Global Asset Management (UK) Limited beim Court of Appeal in London die Zulassung der Berufung beantragt hat, sind die Wasserwerke nicht dazu verpflichtet, Zahlungen an die an den Transaktionen beteiligten Banken in Höhe von rund Mio. EUR 260,0 zuzüglich Zinsen und Kosten zu leisten. Die Geschäftsführung der Wasserwerke geht – bestätigt durch das oben genannte Urteil – wie in den Vorjahren davon aus, dass die CDO-Transaktionen unwirksam beziehungsweise nicht durchsetzbar sind und etwaige Zahlungsansprüche der Banken hieraus abgewehrt werden können. Eine Rückstellung für die hieraus resultierenden Risiken wurde, mit Ausnahme der im Zusammenhang mit dem am 3. Juni 2013 ergangenen erstinstanzlichen Urteil des Landgerichts Leipzig vorsorglich gebildeten Rückstellung, unverändert zu den Vorjahren nicht gebildet.;;2016;LVV Leipziger Versorgungs- und Verkehrsgesellschaft mbH;Konzernabschluss;KPMG;;
4.2 Sonstige finanzielle Verpflichtungen und nicht in der Bilanz enthaltene Geschäfte; 61, 62 ;2016;LVV Leipziger Versorgungs- und Verkehrsgesellschaft mbH;Konzernabschluss;KPMG;;
Es bestehen im Konzern sonstige finanzielle Verpflichtungen aus Miet-, Pacht-, Leasing- und Leistungsverträgen von TEUR 190.171.; 62 ;2016;LVV Leipziger Versorgungs- und Verkehrsgesellschaft mbH;Konzernabschluss;KPMG;;
Davon bestehen Verpflichtungen aus operativem Leasing über TEUR 107.154. Aus drei abgeschlossenen Leasingverträgen ergeben sich Verpflichtungen bis zu den Jahren 2021, 2022 und 2024. Bei zwei dieser Leasingverträge enthalten zukünftige Zahlungen einen variablen Zinsanteil, der auf Basis des Dreimonats-EURIBOR berechnet wird. Zinsanteile werden in den ausgewiesenen Verpflichtungen aus operativem Leasing für alle drei Verträge nicht dargestellt. Das operative Leasing bezieht sich auf die beiden Biomasse(heiz)kraftwerke sowie das Gas- und Dampfturbinenkraftwerk. Vorteile dieser Geschäfte liegen im Wesentlichen in der Finanzierung durch den Leasinggeber, Risiken ergeben sich aus hohen langfristigen Aufwendungen und der fehlenden Eigentümerstellung.; 62 ;2016;LVV Leipziger Versorgungs- und Verkehrsgesellschaft mbH;Konzernabschluss;KPMG;;
Darüber hinaus ergeben sich sonstige finanzielle Verpflichtungen in Höhe von TEUR 9.261 aus noch nicht eingeforderten Kapitaleinlagen und aus der Gewährung von Darlehen. Das Bestellobligo beläuft sich auf TEUR 39.578.; 62 ;2016;LVV Leipziger Versorgungs- und Verkehrsgesellschaft mbH;Konzernabschluss;KPMG;;
Ein Teil der Unternehmen des Leipziger Konzerns hat im Geschäftsjahr 2016 an die Zusatzversorgungskasse des Kommunalen Versorgungsverbandes Sachsen, Dresden, Umlagen von 1,2 % und Zusatzbeiträge von 4,0 % (davon 2,0 % Arbeitnehmeranteil) der zusatzversorgungspflichtigen Entgelte aller Beschäftigten geleistet. Die Umlagen und Zusatzbeiträge dienen der mittelfristigen Ausfinanzierung einer bestehenden Deckungslücke der Zusatzversorgungskasse im Zuge der Umstellung auf ein beitragsfinanziertes, kapitalgedecktes Versicherungssystem. Sobald die Ausfinanzierung erreicht ist, soll die Umlage entfallen.; 61, 62 ;2016;LVV Leipziger Versorgungs- und Verkehrsgesellschaft mbH;Konzernabschluss;KPMG;;
4.3 Derivative Finanzinstrumente; 47 ;2016;LVV Leipziger Versorgungs- und Verkehrsgesellschaft mbH;Konzernabschluss;KPMG;;
Zur Begrenzung von Zins- und Währungsrisiken werden Zins- und Devisenderivate abgeschlossen. Die Absicherung gegen Preisrisiken aus dem Energiebereich erfolgt durch den Einsatz von Commodity-Derivaten. Zum Bilanzstichtag stellen sich Nominalvolumina, beizulegende Zeitwerte und Buchwerte der unter den sonstigen Vermögensgegenständen ausgewiesenen Finanzderivate wie folgt dar:; 47 ;2016;LVV Leipziger Versorgungs- und Verkehrsgesellschaft mbH;Konzernabschluss;KPMG;;
"Finanz- und Commodity-Derivate.
in TEUR Nominalvolumen Beizulegender Zeitwert Aktiva
31.12.2016 Buchwert Passiva
Zinsderivate (Zinsswaps) 135.625 -12.535 0 12.247
Commodity-Derivate1 2.611.960 -371 0 3662
1 Grund- und Sicherungsinstrumente in Bewertungseinheiten
2 ineffektiver Teil der Sicherungsbeziehung"; 47 ;2016;LVV Leipziger Versorgungs- und Verkehrsgesellschaft mbH;Konzernabschluss;KPMG;;
Ein Zinsderivat über ein Nominalvolumen von TEUR 5.625 wird mit einem zugrunde liegenden Bankdarlehen zu einer Bewertungseinheit (Mikro-Hedge) zusammengefasst. Da der Zinsswap mit dem zugrunde liegenden Darlehen in allen wesentlichen Bedingungen übereinstimmt, ist davon auszugehen, dass sich die gegenläufigen Zahlungsströme aus der Zinsabsicherung für die verbleibende Laufzeit des Derivats vollständig ausgleichen, mithin eine Absicherung von Festzinssätzen erreicht wird.; 31, 32, 47 ;2016;LVV Leipziger Versorgungs- und Verkehrsgesellschaft mbH;Konzernabschluss;KPMG;;
Die Bewertung des Swaps durch die Bank leitet sich vom indikativen Preis oder vom Mid-Market-Preis ab, zu dem diese das Finanzinstrument beendet beziehungsweise zurückgekauft hätte. Die Bewertung erfolgte auf Basis aktueller Marktdaten unter Verwendung marktüblicher Bewertungsmethoden.; 47 ;2016;LVV Leipziger Versorgungs- und Verkehrsgesellschaft mbH;Konzernabschluss;KPMG;;
Ein Teil der Zinsswaps (Nominalvolumen: TEUR 130.000) war Bestandteil eines Portfolio-Hedges, der zur Absicherung von Zinsrisiken mit einem Sicherungshorizont bis zum 31. Dezember 2018 gebildet worden war. Die Bewertungseinheit wurde aufgrund mangelnder Effektivität des Hedgings im Geschäftsjahr 2016 aufgelöst. Somit entfällt die laufende Effektivitätsmessung der Bewertungseinheit.; 47 ;2016;LVV Leipziger Versorgungs- und Verkehrsgesellschaft mbH;Konzernabschluss;KPMG;;
Zum Bewertungsstichtag wurden die Markwerte der Zinsderivate anhand der Zinsstrukturkurve und mittels eines Multi-Curve-Ansatzes ermittelt. Die dabei verwendeten Marktkurven wurden von der Vereinigten Wirtschaftsdienst AG (VWD) bereitgestellt. Aus der Bewertung aller in das Portfolio einbezogenen Zinsderivate ergibt sich eine Drohverlustrückstellung von TEUR 12.247.; 47 ;2016;LVV Leipziger Versorgungs- und Verkehrsgesellschaft mbH;Konzernabschluss;KPMG;;
Die Absicherung gegen Preisrisiken aus dem Energiebereich erfolgt durch den Einsatz von Commodity-Derivaten in Form von Optionen, Forwards und Futures.; 47 ;2016;LVV Leipziger Versorgungs- und Verkehrsgesellschaft mbH;Konzernabschluss;KPMG;;
Entsprechend § 285 Satz 1 Nr. 19 HGB werden unter den Commodity-Derivaten alle zu Handels- und Eigenbedarfszwecken erworbenen Finanzderivate im Anhang angegeben. Das Nominalvolumen entspricht dem additiven Wert aller geschlossenen Kauf- (Mio. EUR 1.303,1) und Verkaufsverträge (Mio. EUR 1.303,4) für zukünftige Lieferperioden bis einschließlich 2019 in den Commodities Strom, Gas und CO 2- Emissionszertifikate. Die zu Handelszwecken geschlossenen Kauf- und Verkaufskontrakte werden in Anlehnung an die Vorgaben des Risikomanagements nach Lieferperioden und Commodities getrennt zu Portfolios zusammengefasst und entsprechend § 254 HGB bewertet. Die Ermittlung der beizulegenden Zeitwerte erfolgte mit Marktpreisen zum Bilanzstichtag, basierend auf extern anerkannten Quellen, zum Beispiel den amtlichen Schlusskursen an der European Energy Exchange AG, Leipzig (EEX).; 47 ;2016;LVV Leipziger Versorgungs- und Verkehrsgesellschaft mbH;Konzernabschluss;KPMG;;
Für die Eigenhandelsportfolien Strom und CO2 sind zum 31. Dezember 2016 Rückstellungen aus Bewertungseinheiten von TEUR 288 zu bilden.; 31, 32, 47 ;2016;LVV Leipziger Versorgungs- und Verkehrsgesellschaft mbH;Konzernabschluss;KPMG;;
Im Bereich des Energievertriebs werden für die Commodities Strom und Gas Vertriebsportfolien gebildet. Die Portfolien umfassen derzeit die jeweils für die Jahresscheiben 2017, 2018 und 2019 abgeschlossenen beziehungsweise erwarteten Absatz- und Beschaffungsgeschäfte. Die Absatzgeschäfte umfassen verbindliche Absatzverträge mit Kunden, den mit hoher Wahrscheinlichkeit noch zu erwartenden Kundenabsatz sowie kontrahierte Börsen- beziehungsweise OTC (Over the Counter)-Absatzgeschäfte. Die Beschaffungsgeschäfte umfassen kontrahierte Börsen- beziehungsweise OTC-Beschaffungsgeschäfte, deren Wert sich zum 31. Dezember 2016 auf Mio. EUR 173,4 beläuft. Zum 31. Dezember 2016 war keine Drohverlustrückstellung erforderlich, da sich auf Portfoliobasis im Erfüllungsjahr kein Verlust abzeichnete.; 47 ;2016;LVV Leipziger Versorgungs- und Verkehrsgesellschaft mbH;Konzernabschluss;KPMG;;
Weiterhin wurde eine Bewertungseinheit aus Fernwärmeabsatz- und Ölabsicherungsverträgen gebildet. Die Absatzgeschäfte umfassen größtenteils verbindliche Absatzverträge mit Kunden bis 2018, welche teilweise ölpreisabhängig sind. Diese Preisrisiken werden durch finanzwirtschaftliche Geschäfte abgesichert. Das Nominalvolumen der Gasoil-Swapgeschäfte beträgt Mio. EUR 5,4 und der Marktwert zum 31. Dezember 2016 beträgt Mio. EUR ?0,4. Aus der Bewertung des Sicherungszusammenhangs ergab sich zum 31. Dezember 2016 eine Drohverlustrückstellung von TEUR 78.; 31, 32, 47 ;2016;LVV Leipziger Versorgungs- und Verkehrsgesellschaft mbH;Konzernabschluss;KPMG;;
Bei der Bilanzierung der Bewertungseinheiten wurde jeweils die Einfrierungsmethode angewandt.; 31, 47 ;2016;LVV Leipziger Versorgungs- und Verkehrsgesellschaft mbH;Konzernabschluss;KPMG;;
4.4 Angaben zu den Organen;;2016;LVV Leipziger Versorgungs- und Verkehrsgesellschaft mbH;Konzernabschluss;KPMG;;
Der Geschäftsführung gehören an:;;2016;LVV Leipziger Versorgungs- und Verkehrsgesellschaft mbH;Konzernabschluss;KPMG;;
–Herr Dr. Norbert Menke, Sprecher der Geschäftsführung, und;;2016;LVV Leipziger Versorgungs- und Verkehrsgesellschaft mbH;Konzernabschluss;KPMG;;
–Herr Volkmar Müller, kaufmännischer Geschäftsführer (Arbeitsdirektor).;;2016;LVV Leipziger Versorgungs- und Verkehrsgesellschaft mbH;Konzernabschluss;KPMG;;
Im Geschäftsjahr 2016 wurden den Mitgliedern der Geschäftsführung folgende Leistungen gewährt:; 77 ;2016;LVV Leipziger Versorgungs- und Verkehrsgesellschaft mbH;Konzernabschluss;KPMG;;
"in TEUR Festes Jahresgrundgehalt (Vorjahr) Sonstige Bezüge (Vorjahr)
Erfolgsabhängige Vergütungen
(Vorjahr)
Gesamtvergütung (Vorjahr)
Geleistete Zahlungen im
Falle der Beendigung der
Tätigkeit (Abfindungen)
(Vorjahr)
Dr. Norbert Menke 2401 18 45 303 0
(240) (11) (50) (301) (0)
Volkmar Müller 220 10 50 280 0"; 77 ;2016;LVV Leipziger Versorgungs- und Verkehrsgesellschaft mbH;Konzernabschluss;KPMG;;
"in TEUR Festes Jahresgrundgehalt (Vorjahr) Sonstige Bezüge (Vorjahr)
Erfolgsabhängige Vergütungen
(Vorjahr)
Gesamtvergütung (Vorjahr)
Geleistete Zahlungen im
Falle der Beendigung der
Tätigkeit (Abfindungen)
(Vorjahr)
(220) (10) (50) (280) (0)
460 28 95 583 0
(460) (21) (100) (581) (0)
in TEUR Im Geschäftsjahr 2016 gezahlte Beträge
Art der
Altersversorgung2(Vorjahr)
Altersversorgung
(Beitrags-)Aufwand (Vorjahr)
Gesamtvergütung (Vorjahr)
davon erfolgsabhängige
Vergütung (Vorjahr)
Dr. Norbert Menke A 30 303 45
(A) (30) (301) (38)
Volkmar Müller A 25 280 50
(A) (25) (280) (50)
55 583 95
(55) (581) (88)
1 inklusive Sprecherzulage
2 A – beitragsorientierte Leistungszusage"; 77 ;2016;LVV Leipziger Versorgungs- und Verkehrsgesellschaft mbH;Konzernabschluss;KPMG;;
Die Bezüge der früheren Mitglieder der Geschäftsführung betrugen TEUR 42 (Vj.: TEUR 40).; 81 ;2016;LVV Leipziger Versorgungs- und Verkehrsgesellschaft mbH;Konzernabschluss;KPMG;;
Für laufende Pensionen an ehemalige Geschäftsführer sind TEUR 602 (Vj.: TEUR 614) zurückgestellt. Der Aufsichtsrat besteht aus folgenden Mitgliedern:; 81 ;2016;LVV Leipziger Versorgungs- und Verkehrsgesellschaft mbH;Konzernabschluss;KPMG;;
"Anteilseignervertreter
Burkhard Jung Oberbürgermeister der
Vorsitzender des Aufsichtsrates Stadt Leipzig
Torsten Bonew Bürgermeister und Beigeordneter für Finanzen,
Stadt Leipzig
Axel Dyck Geschäftsführer,
FCB Fachbüro für Consulting und Bodenmechanik GmbH
Reiner Engelmann Diplomlehrer,";;2016;LVV Leipziger Versorgungs- und Verkehrsgesellschaft mbH;Konzernabschluss;KPMG;;
"Freistaat Sachsen
Katharina Krefft Ärztin,
Sachsenklinik GmbH
Dr. Ilse Lauter Dozentin für Buchführung,
Freiberuflich
Andrea Niermann Richterin,
Landgericht Leipzig
Heiko Oßwald Betriebsprüfer,
Finanzamt Leipzig
Claus-Uwe Rothkegel Geschäftsführer,
Rothkegel BauFachhandel GmbH
Frank Tornau Geschäftsführer,
Saxonia Network Systems GmbH
Arbeitnehmervertreter
Ines Kuche Bezirksgeschäftsführerin,
Stellvertretende Vorsitzende ver.di – Vereinte Dienstleistungsgewerkschaft, Bezirk Leipzig-Nordsachsen
Matthias Irmscher Straßenbahnfahrer,
Leipziger Stadtverkehrsbetriebe (LSVB) GmbH
Peter Kubiak Sachbearbeiter Koordination Telekommunikation,
Netz Leipzig GmbH
Sabine Lange stellvertretende Landesleiterin,
ver.di – Vereinte Dienstleistungsgewerkschaft, Landesbezirk Sachsen,
Sachsen-Anhalt und Thüringen
Steffen Laue Vorsitzender des Betriebsrates,
IFTEC GmbH & Co. KG
Jürgen Mehnert Bezirksleiter,
IG Bergbau, Chemie, Energie - Bezirk Leipzig
Ronald Petzold Vorsitzender des Gemeinschaftsbetriebsrates der Leipziger Verkehrsbetriebe
(LVB) GmbH, Leipziger Stadtverkehrsbetriebe (LSVB) GmbH, LeoBus GmbH,
Leipziger Verkehrsbetriebe (LVB) GmbH,
Steffen Schmidt Betriebsrat,";;2016;LVV Leipziger Versorgungs- und Verkehrsgesellschaft mbH;Konzernabschluss;KPMG;;
"Stadtwerke Leipzig GmbH
Michaela Späth Sachbearbeiterin Personalbetreuung,
Kommunale Wasserwerke Leipzig GmbH
Steffen Tippach Bereichsleiter Marketing,
Leipziger Verkehrsbetriebe (LVB) GmbH";;2016;LVV Leipziger Versorgungs- und Verkehrsgesellschaft mbH;Konzernabschluss;KPMG;;
Die Mitglieder des Aufsichtsrates erhielten für ihre Tätigkeit im Geschäftsjahr 2016 folgende Vergütung und Aufwandsentschädigung:; 77 ;2016;LVV Leipziger Versorgungs- und Verkehrsgesellschaft mbH;Konzernabschluss;KPMG;;
"Anteilseignervertreter.
in TEUR Vergütung Aufwandsentschädigung
Burkhard Jung
Vorsitzender des Aufsichtsrates 1,4 0,5
Torsten Bonew 0,7 0,5
Axel Dyck 0,8 0,5
Reiner Engelmann 0,8 0,5
Katharina Krefft 0,8 0,5
Dr. Ilse Lauter 0,7 0,5
Andrea Niermann 0,7 0,5
Heiko Oßwald 0,7 0,5
Claus-Uwe Rothkegel 0,7 0,5
Frank Tornau 0,7 0,5
Arbeitnehmervertreter.
in TEUR
Vergütung Aufwandsentschädigung
Ines Kuche
Stellvertretende Aufsichtsratsvorsitzende 1,1 0,5
Matthias Irmscher 0,8 0,5
Peter Kubiak 0,8 0,5
Sabine Lange 0,7 0,5
Steffen Laue 0,7 0,5
Jürgen Mehnert 0,7 0,5
Ronald Petzold 0,7 0,5
Steffen Schmidt 0,7 0,5"; 77 ;2016;LVV Leipziger Versorgungs- und Verkehrsgesellschaft mbH;Konzernabschluss;KPMG;;
"Anteilseignervertreter.
in TEUR Vergütung Aufwandsentschädigung
Michaela Späth 0,8 0,5
Steffen Tippach 0,8 0,5"; 77 ;2016;LVV Leipziger Versorgungs- und Verkehrsgesellschaft mbH;Konzernabschluss;KPMG;;
4.5 Abschlussprüferhonorar;;2016;LVV Leipziger Versorgungs- und Verkehrsgesellschaft mbH;Konzernabschluss;KPMG;;
Das vom Abschlussprüfer des Leipziger Konzerns für das Geschäftsjahr 2016 berechnete Gesamthonorar beträgt TEUR 380. Davon entfallen auf Abschlussprüfungsleistungen TEUR 250, auf andere Bestäti- gungsleistungen TEUR 24, auf Steuerberatungsleistungen TEUR 44 sowie auf sonstige Leistungen TEUR 63. Im Gesamthonorar sind Leistungen von TEUR 17 für Vorjahre enthalten.; 65 ;2016;LVV Leipziger Versorgungs- und Verkehrsgesellschaft mbH;Konzernabschluss;KPMG;;
Das Gesamthonorar für andere, bei Tochterunternehmen im Leipziger Konzern tätige Abschlussprüfer beträgt TEUR 363. Davon entfallen auf Abschlussprüfungsleistungen TEUR 358, auf andere Bestätigungs- leistungen TEUR 5 sowie auf sonstige Leistungen TEUR 1. Im Gesamthonorar sind TEUR 90 für Vorjahre enthalten.; 65 ;2016;LVV Leipziger Versorgungs- und Verkehrsgesellschaft mbH;Konzernabschluss;KPMG;;
4.6 Mitarbeiter im Jahresdurchschnitt; 58 ;2016;LVV Leipziger Versorgungs- und Verkehrsgesellschaft mbH;Konzernabschluss;KPMG;;
"Mitarbeiter im Jahresdurchschnitt (§ 314 Abs. 1 Nr. 4 HGB) 2016 2015
Angestellte 1.889 1.903
Gewerbliche Mitarbeiter 2.793 2.830
4.682 4.733"; 58 ;2016;LVV Leipziger Versorgungs- und Verkehrsgesellschaft mbH;Konzernabschluss;KPMG;;
5 Nachtragsbericht; 64 ;2016;LVV Leipziger Versorgungs- und Verkehrsgesellschaft mbH;Konzernabschluss;KPMG;;
Mit dem am 29. Januar 2016 zugestellten dinglichen Übertragungsbescheid des Bundesamtes für zentrale Dienste und offene Vermögensfragen (BADV) wurde eine Vermögenszuordnung der Geschäftsanteile der Wasserwerke an der Fernwasserversorgung Elbaue-Ostharz GmbH, Torgau (FEO), auf die danach vermeintlich berechtigten Zuordnungsempfänger dieser Geschäftsanteile vorgenommen.; 64 ;2016;LVV Leipziger Versorgungs- und Verkehrsgesellschaft mbH;Konzernabschluss;KPMG;;
Die Bundesanstalt für vereinigungsbedingte Sonderaufgaben (BvS) als Rechtsnachfolger der Treuhandanstalt – der ursprünglichen Verkäuferin der Geschäftsanteile an der FEO – hat die Wasserwerke mit Schreiben vom 1. Februar 2016 aufgefordert, eine entsprechende Klage gegen den Übertragungsbescheid des BADV zu erheben. Die BvS sieht eine aus dem ursprünglichen Kaufvertrag resultierende Schadensminderungs- pflicht aufseiten der Wasserwerke. Die Wasserwerke haben daher fristgerecht Klage eingereicht.; 64 ;2016;LVV Leipziger Versorgungs- und Verkehrsgesellschaft mbH;Konzernabschluss;KPMG;;
Mit Urteil vom 27. Januar 2017 hat das Verwaltungsgericht Berlin der Klage im Wesentlichen stattgegeben. Der durch die Klage angefochtene Bescheid wird aufgehoben, weil die im Bescheid verfügte dingliche Übertragung der Geschäftsanteile rechtlich nicht haltbar ist. Sollte das Urteil rechtskräftig werden, ist davon auszugehen, dass das BADV den Zuordnungsbescheid insoweit anpasst, als dass der dingliche Zuordnungsausspruch durch einen Verpflichtungsausspruch modifiziert wird.; 64 ;2016;LVV Leipziger Versorgungs- und Verkehrsgesellschaft mbH;Konzernabschluss;KPMG;;
Weitere Vorgänge von besonderer Bedeutung, die nicht bereits im Jahresabschluss zum 31. Dezember 2016 sowie im Lagebericht für das Geschäftsjahr 2016 Erwähnung fanden, sind nach dem Schluss des Geschäftsjahres nicht zu verzeichnen.; 64 ;2016;LVV Leipziger Versorgungs- und Verkehrsgesellschaft mbH;Konzernabschluss;KPMG;;
Leipzig, den 13. April 2017;;2016;LVV Leipziger Versorgungs- und Verkehrsgesellschaft mbH;Konzernabschluss;KPMG;;
Geschäftsführung;;2016;LVV Leipziger Versorgungs- und Verkehrsgesellschaft mbH;Konzernabschluss;KPMG;;
Dr. Norbert Menke Volkmar Müller;;2016;LVV Leipziger Versorgungs- und Verkehrsgesellschaft mbH;Konzernabschluss;KPMG;;
Entwicklung des Konzernanlagevermögens im Geschäftsjahr 2016; 15 ;2016;LVV Leipziger Versorgungs- und Verkehrsgesellschaft mbH;Konzernabschluss;KPMG;;
"in TEUR Anschaffungs- und Herstellungskosten
01.01.2016 Währungsdifferenz Zugänge Umbuchungen
Veränderungen aus der Equity-
Bewertung
I. Immaterielle Vermögensgegenstände
1. Entgeltlich erworbene Konzessionen,
Lizenzen, Nutzungsrechte,
EDV- Programme
und Grunddienstbarkeiten
140.715 -353 3.634 -2.491 0
2. Geschäfts- oder Firmenwert
160.650 0 0 0 0
3. Geleistete Anzahlungen 2.432 0 677 -1.192 0
303.797 -353 4.311 -3.683 0
II. Sachanlagen
1. Grundstücke, grundstücksgleiche
Rechte und Bauten
einschließlich der Bauten auf
fremden Grundstücken
556.742 -5.595 9.489 36.215 0
2. Technische Anlagen und
Maschinen
3.647.947 -1.725 82.593 50.868 0
3. Andere Anlagen, Betriebsund
Geschäftsausstattung
81.314 -462 4.484 8.627 0
4. Geleistete Anzahlungen
und Anlagen im Bau
105.065 -209 69.439 -92.027 0
4.391.068 -7.991 166.005 3.683 0
III. Finanzanlagen
1. Anteile an verbundenen
Unternehmen
8.071 -175 3.925 0 0
2. Ausleihungen an verbundene
Unternehmen
671 -17 436 0 0
3. Beteiligungen an assoziierten
Unternehmen
73.926 0 0 0 824"; 15 ;2016;LVV Leipziger Versorgungs- und Verkehrsgesellschaft mbH;Konzernabschluss;KPMG;;
"Anschaffungs- und Herstellungskosten
01.01.2016 Währungsdifferenz Zugänge Umbuchungen
Veränderungen aus der Equity-
Bewertung
4. Beteiligungen 134.382 -4 1.097 0 0
5. Ausleihungen an Unternehmen,
mit de- nen ein Beteiligungsverhältnis
besteht
6.330 0 0 0 0
6. Sonstige Ausleihungen 1.929 0 70 0 0
225.309 -196 5.528 0 824
4.920.174 -8.540 175.844 0 824"; 15 ;2016;LVV Leipziger Versorgungs- und Verkehrsgesellschaft mbH;Konzernabschluss;KPMG;;
"Anschaffungs- und Herstellungskosten
Zuschüsse Abgänge Abgänge Konsolidierung 31.12.2016
I. Immaterielle Vermögensgegenstände
1. Entgeltlich erworbene Konzessionen,
Lizenzen, Nutzungsrechte,
EDV- Programme und Grunddienstbarkeiten
0 2.260 -1 139.244
2. Geschäfts- oder Firmenwert 0 0 -37 160.613
3. Geleistete Anzahlungen 0 42 0 1.875
0 2.302 -38 301.732
II. Sachanlagen
1. Grundstücke, grundstücksgleiche
Rechte und Bauten einschließlich
der Bauten auf fremden Grundstücken
-211 2.175 -2.544 591.921
2. Technische Anlagen und Maschinen
0 15.607 -983 3.763.093
3. Andere Anlagen, Betriebs- und
Geschäftsausstattung
0 3.945 -71 89.947
4. Geleistete Anzahlungen und Anlagen
im Bau
0 628 -548 81.092
-211 22.355 -4.146 4.526.053"; 15 ;2016;LVV Leipziger Versorgungs- und Verkehrsgesellschaft mbH;Konzernabschluss;KPMG;;
"Anschaffungs- und Herstellungskosten
Zuschüsse Abgänge Abgänge Konsolidierung 31.12.2016
III. Finanzanlagen
1. Anteile an verbundenen Unternehmen
0 1.167 2.293 12.947
2. Ausleihungen an verbundene Unternehmen
0 518 0 572
3. Beteiligungen an assoziierten Unternehmen
0 0 0 74.750
4. Beteiligungen -16.272 0 119.203
5. Ausleihungen an Unternehmen,
mit de- nen ein Beteiligungsverhältnis
besteht
0 0 0 6.330
6. Sonstige Ausleihungen 0 111 0 1.888
-16.272 1.796 2.293 215.690
-16.483 26.453 -1.891 5.043.475"; 15 ;2016;LVV Leipziger Versorgungs- und Verkehrsgesellschaft mbH;Konzernabschluss;KPMG;;
"Kumulierte Abschreibungen
01.01.2016 Währungsdifferenz Zugänge Zuschreibungen Abgänge
Abgänge Konsolidierung
31.12.2016
I. Immaterielle Vermögensgegenstände
1. Entgeltlich erworbene
Konzessionen,
Lizenzen, Nutzungsrechte,
EDV- Programme
und Grunddienstbarkeiten
119.492 -121 7.695 0 1.464 0 125.602
2. Geschäfts- oder Firmenwert
160.570 0 80 0 0 -37 160.613
3. Geleistete Anzahlungen
0 0 0 0 0 -1 -1
280.062 -121 7.775 0 1.464 -38 286.214
II. Sachanlagen"; 15, 16 ;2016;LVV Leipziger Versorgungs- und Verkehrsgesellschaft mbH;Konzernabschluss;KPMG;;
"Kumulierte Abschreibungen
01.01.2016 Währungsdifferenz Zugänge Zuschreibungen Abgänge
Abgänge Konsolidierung
31.12.2016
1. Grundstücke,
grundstücksgleiche
Rechte und Bauten
einschließlich der
Bauten auf fremden
Grundstücken
266.209 -2.721 13.661 0 868 -578 275.703
2. Technische Anlagen
und Maschinen
2.103.223 -1.380 109.829 -224 13.085 -701 2.197.662
3. Andere Anlagen,
Betriebs- und Geschäftsausstattung
63.034 -356 8.683 0 3.797 -44 67.520
4. Geleistete Anzahlungen
und Anlagen
im Bau
1.126 -14 0 0 576 -542 -6
2.433.592 -4.471 132.173 -224 18.326 -1.865 2.540.879
III. Finanzanlagen
1. Anteile an verbundenen
Unternehmen
1.648 0 0 0 0 0 1.648
2. Ausleihungen an
verbundene Unternehmen
0 0 0 0 0 0 0
3. Beteiligungen an
assoziierten Unternehmen
71.581 0 0 0 0 0 71.581
4. Beteiligungen 983 -4 0 0 0 0 979
5. Ausleihungen an
Unternehmen, mit denen
ein Beteiligungsverhältnis
besteht
1.861 0 0 0 0 0 1.861
6. Sonstige Ausleihungen
257 0 0 0 0 0 257
76.330 -4 0 0 0 0 76.326"; 15, 16 ;2016;LVV Leipziger Versorgungs- und Verkehrsgesellschaft mbH;Konzernabschluss;KPMG;;
"Kumulierte Abschreibungen
01.01.2016 Währungsdifferenz Zugänge Zuschreibungen Abgänge
Abgänge Konsolidierung
31.12.2016
2.789.984 -4.596 139.948 -224 19.790 -1.903 2.903.419
in TEUR Buchwerte
31.12.2016 31.12.2015
I. Immaterielle Vermögensgegenstände
1. Entgeltlich erworbene Konzessionen, Lizenzen, Nutzungsrechte,
EDV- Programme und Grunddienstbarkeiten
13.642 21.223
2. Geschäfts- oder Firmenwert 0 80
3. Geleistete Anzahlungen 1.876 2.432
15.518 23.735
II. Sachanlagen
1. Grundstücke, grundstücksgleiche Rechte und Bauten einschließlich
der Bauten auf fremden Grundstücken
316.218 290.533
2. Technische Anlagen und Maschinen 1.565.431 1.544.724
3. Andere Anlagen, Betriebs- und Geschäftsausstattung 22.427 18.280
4. Geleistete Anzahlungen und Anlagen im Bau 81.098 103.939
1.985.174 1.957.476
III. Finanzanlagen
1. Anteile an verbundenen Unternehmen 11.299 6.423
2. Ausleihungen an verbundene Unternehmen 572 671
3. Beteiligungen an assoziierten Unternehmen 3.169 2.345
4. Beteiligungen 118.224 133.399
5. Ausleihungen an Unternehmen, mit de- nen ein Beteiligungsverhältnis
besteht
4.469 4.469
6. Sonstige Ausleihungen 1.631 1.672
139.364 148.979
2.140.056 2.130.190"; 15, 16 ;2016;LVV Leipziger Versorgungs- und Verkehrsgesellschaft mbH;Konzernabschluss;KPMG;;
