Ab S. 60; Annotierung (Angabe Nummer in Anahngscheckliste) ;Gesch„ftsjahr;Gesellschaft;Abschlussart;Prfer
Anhang 2016;;2016;GmbH;Jahresabschluss;PwC
der Robert Bosch Gesellschaft mit beschr„nkter Haftung, Stuttgart; 90 ;2016;GmbH;Jahresabschluss;PwC
Allgemeine Erl„uterungen;;2016;GmbH;Jahresabschluss;PwC
"Der Jahresabschluss der Robert Bosch GmbH fr das Gesch„ftsjahr 2016 wird in Gliederung und Bewertung nach den Vorschriften des Handelsgesetzbuches gem. den õ 242 ff. und õ 264 ff. HGB und unter
Bercksichtigung des GmbH-Gesetzes in Euro aufgestellt. Zur Klarheit und šbersichtlichkeit des Jahresabschlusses haben wir die fr einzelne Posten der Bilanz und der Gewinn- und Verlustrechnung geforderten
zus„tzlichen Angaben im Anhang dargestellt. Die Gewinn- und Verlustrechnung wird nach dem Gesamtkostenverfahren gem. õ 275 Abs. 2 HGB aufgestellt."; 8,90 ;2016;GmbH;Jahresabschluss;PwC
Gem„á õ 267 HGB gelten die Vorschriften fr groáe Kapitalgesellschaften.; 8   ;2016;GmbH;Jahresabschluss;PwC
"Sofern sich durch das BilRUG eine Ver„nderung der Vorjahreswerte ergeben hat, so wird diese im Anhang in der Spalte ""2015 vergleichbar zu 2016"" dargestellt. Im Wesentlichen weiterberechnete Gemeinkosten
wurden von den sonstigen betrieblichen Ertr„gen in den Umsatz umgegliedert (1.292 Millionen EUR in 2015) und entsprechende Aufwendungen fr Fremdleistungen von den sonstigen betrieblichen Aufwendungen
in den Materialaufwand (340 Millionen EUR in 2015) umgegliedert."; 1,3,51 ;2016;GmbH;Jahresabschluss;PwC
Bilanzierungs- und Bewertungsgrunds„tze;;2016;GmbH;Jahresabschluss;PwC
"Die immateriellen Verm”gensgegenst„nde sowie das Sachanlageverm”gen werden gem„á õ 255 Abs. 1 und 2 HGB zu Anschaffungs- oder Herstellungskosten bilanziert. Bis zum 31.12.2009 angeschaffte oder
hergestellte bewegliche Wirtschaftsgter des Anlageverm”gens werden - sofern steuerlich zul„ssig - degressiv abgeschrieben. Es erfolgt ein šbergang zur linearen Abschreibung, sobald sich hieraus h”here
Abschreibungsm”glichkeiten ergeben. Mit Inkrafttreten des BilMoG werden Abschreibungen fr Zug„nge von dem Jahr 2010 an nur noch linear unter Zugrundelegung der voraussichtlichen Nutzungsdauern
vorgenommen. Bei beweglichen Anlagegtern, die im Mehrschichtbetrieb eingesetzt werden, wird die lineare Abschreibung um entsprechende Schichtzuschl„ge erh”ht. Den planm„áigen Abschreibungen des
Anlageverm”gens liegen berwiegend folgende Nutzungsdauern zugrunde:"; 8.2,8.7 ;2016;GmbH;Jahresabschluss;PwC
"Nutzungsdauer
Immaterielle Verm”gensgegenst„nde 3 - 5 Jahre
Sachanlageverm”gen
Geb„ude 10 - 50 Jahre
Technische Anlagen 6 - 14 Jahre
Andere Anlagen, Betriebs- und Gesch„ftsausstattung 3 - 25 Jahre"; 8.2,8.8,8.9,8.10 ;2016;GmbH;Jahresabschluss;PwC
"In Bezug auf die Bilanzierung geringwertiger Wirtschaftsgter wird handelsrechtlich die steuerliche Regelung des õ 6 Abs. 2a EStG angewendet. Geringwertige Wirtschaftsgter mit Anschaffungs- oder Herstellungskosten
bis 150 EUR werden im Jahr des Zugangs voll abgeschrieben. Fr geringwertige Wirtschaftsgter mit Einzelanschaffungs- oder Herstellungskosten zwischen 150 EUR und 1.000 EUR wird ein
Sammelposten gebildet und ber 5 Jahre linear abgeschrieben. Ein Abgang wird im fnften Jahr nach der Anschaffung unterstellt."; 8.1 ;2016;GmbH;Jahresabschluss;PwC
"Finanzanlagen werden grunds„tzlich mit ihren Anschaffungskosten bilanziert. Bei einer voraussichtlich dauernden Wertminderung wird eine auáerplanm„áige Abschreibung vorgenommen. Fallen die Grnde fr
die Abschreibung weg, wird die auáerplanm„áige Abschreibung durch eine Wertaufholung rckg„ngig gemacht. Unverzinsliche oder niedrig verzinsliche Ausleihungen werden mit ihrem Barwert angesetzt."; 8.12 ;2016;GmbH;Jahresabschluss;PwC
"Roh-, Hilfs- und Betriebsstoffe sowie Waren werden zu durchschnittlichen Anschaffungskosten gem„á õ 255 Abs. 1 HGB oder zu dem niedrigeren beizulegenden Wert am Abschlussstichtag bewertet. Der
Wertansatz der unfertigen und fertigen Erzeugnisse sowie Leistungen erfolgt zu Herstellungskosten gem„á õ 255 Abs. 2 HGB unter Bercksichtigung der handelsrechtlichen Wertuntergrenze. Durch Einstufung
der Vorr„te in Bewertungsgruppen wird den Lagerbestands- und Vertriebsrisiken Rechnung getragen. Bei nicht voll genutzten Fertigungskapazit„ten sowie bei ungnstiger Erl”slage einzelner Erzeugnisse erfolgen
besondere Wertabschl„ge."; 8.20,8.21,8.22 ;2016;GmbH;Jahresabschluss;PwC
"Im Gesch„ftsjahr 2016 wurde die Reichweitenbewertung fr Serienfertiger im Rahmen der Vorratsbewertung auf Basis aktueller Altersstrukturangaben deutscher Gesellschaften berprft und angepasst. Die
bisherige Systematik mit vier Bewertungsgruppen und Abwertungss„tzen von 0 % bis 95 % wurde auf eine Systematik mit fnf Bewertungsgruppen und Abwertungss„tzen von 3 % bis 65 % umgestellt. Der
daraus resultierende Ertrag in 2016 betr„gt rd. 121 Mio. EUR."; 8.20,10 ;2016;GmbH;Jahresabschluss;PwC
"Forderungen und sonstige Verm”gensgegenst„nde werden zum Nennwert bewertet. Alle erkennbaren Einzelrisiken sowie das allgemeine Kreditrisiko werden durch entsprechende Wertabschl„ge bercksichtigt.
Unverzinsliche oder niedrig verzinsliche valutierte Forderungen sowie Forderungen mit einer Restlaufzeit von mehr als einem Jahr werden auf den Barwert abgezinst. Auf fremde W„hrung lautende Verm”gensgegenst„nde
werden gem„á õ 256a HGB zum Devisenkassamittelkurs am Abschlussstichtag umgerechnet. Bei einer Restlaufzeit von mehr als einem Jahr wird dabei das Anschaffungskostenprinzip beachtet."; 8.25 ;2016;GmbH;Jahresabschluss;PwC
Wertpapiere werden zu Anschaffungskosten oder mit dem niedrigeren beizulegenden Wert bilanziert.; 8.30 ;2016;GmbH;Jahresabschluss;PwC
Flssige Mittel werden zum Nennwert bewertet.; 8.33 ;2016;GmbH;Jahresabschluss;PwC
"Als Rechnungsabgrenzungsposten sind Auszahlungen vor dem Bilanzstichtag angesetzt, soweit sie Aufwand fr einen bestimmten Zeitraum nach diesem Zeitpunkt darstellen. Das Wahlrecht zur Abgrenzung des
Disagios von Verbindlichkeiten nach õ 250 Abs. 3 HGB wird in Anspruch genommen."; 8.34 ;2016;GmbH;Jahresabschluss;PwC
Das gezeichnete Kapital ist zum Nennwert angesetzt.; 8.38 ;2016;GmbH;Jahresabschluss;PwC
"Bei der Bemessung der Rckstellungen werden alle erkennbaren Risiken gem„á õ 253 Abs. 1 HGB bercksichtigt. Die Rckstellungen werden in der H”he des Erfllungsbetrags unter Bercksichtigung knftiger
Kostensteigerungen angesetzt. Rckstellungen mit einer Restlaufzeit von mehr als einem Jahr werden mit den von der Deutschen Bundesbank ver”ffentlichten durchschnittlichen, laufzeitad„quaten Marktzinss„tzen
der vergangenen sieben Gesch„ftsjahre abgezinst."; 8.47 ;2016;GmbH;Jahresabschluss;PwC
"Die Berechnung der Rckstellungen fr Pensionen und „hnliche Verpflichtungen erfolgt nach der ""Projected Unit Credit-Methode"". Die Anwartschaftsbarwerte werden nach den anerkannten Regeln der Versicherungsmathematik
unter Verwendung der Richttafeln 2005G und unter Bercksichtigung zuknftig erwarteter Gehalts- und Rentensteigerungen sowie der erwarteten Mitarbeiterentwicklung ermittelt. Die
wichtigsten versicherungsmathematischen Annahmen fr die Bewertung sind der Rechnungszins von 4,01 %, ein durchschnittlicher Einkommenstrend von 3,00 %, ein Rententrend von 1,00 % bzw. 1,75 % und
eine durchschnittliche Fluktuationsrate von 2,00 %. Der Rechnungszinssatz wurde als Sch„tzung zum Stichtag 31.12.2016 auf Basis der Zinsinformation per 31.10.2016 und unter Annahme eines gleichbleibenden
Zinsniveaus ermittelt. Dabei wurde nach Maágabe der Vereinfachungsregel des õ 253 Abs. 2 Satz 2 HGB eine pauschale Restlaufzeit von 15 Jahren unterstellt. Der verwendete Rechnungszins entspricht der neuen
Regelung in õ 253 Abs. 2 Satz 1 HGB, nach der Altersversorgungsverpflichtungen mit einem durchschnittlichen Marktzinssatz der vergangenen zehn Gesch„ftsjahre abzuzinsen sind. Der Rechnungszins entspricht
dem von der Deutschen Bundesbank per 31.12.2016 ver”ffentlichten durchschnittlichen Abzinsungssatz der vergangenen zehn Gesch„ftsjahre bei einer pauschalen Restlaufzeit von 15 Jahren."; 8.48,34 ;2016;GmbH;Jahresabschluss;PwC
"Verbindlichkeiten werden mit den Erfllungsbetr„gen angesetzt. Auf fremde W„hrung lautende kurzfristige Verbindlichkeiten, mit einer Restlaufzeit von einem Jahr oder weniger, werden am Abschlussstichtag zum
Devisenkassamittelkurs umgerechnet. Langfristige Fremdw„hrungsverbindlichkeiten werden zum Devisengeldkurs bei Entstehung der Verbindlichkeit oder zum h”heren Stichtagskurswert, unter Zugrundelegung
des Devisenkassamittelkurses am Abschlussstichtag, bewertet (Imparit„tsprinzip)."; 8.51 ;2016;GmbH;Jahresabschluss;PwC
"Latente Steuern werden gem. õ 274 HGB fr Differenzen zwischen dem handelsrechtlichen und steuerlichen Ergebnis ermittelt, sofern sich diese in sp„teren Gesch„ftsjahren voraussichtlich abbauen. Aktive und
passive latente Steuern werden saldiert. Von dem Wahlrecht, den Aktivberhang der latenten Steuern zu bilanzieren, wird kein Gebrauch gemacht. Bei der Ermittlung der latenten Steuern wird ein Steuersatz von
29 % zugrunde gelegt. Die passiven Differenzen beruhen im Wesentlichen aus Abweichungen im Anlageverm”gen sowie aus einer 6b-Rcklage in der Steuerbilanz. Diese werden durch die aktiven Differenzen,
die im Wesentlichen aus Abweichungen bei den immateriellen Verm”gensgegenst„nden, den Vorr„ten, der Forderungsbewertung, den Wertpapieren, den Pensions- und sonstigen Rckstellungen sowie den
Verbindlichkeiten resultieren, berkompensiert. Dies gilt gleichermaáen fr die zum steuerlichen Organkreis geh”renden Gesellschaften."; 8.35,8.64,24 ;2016;GmbH;Jahresabschluss;PwC
Bewertungseinheiten wurden im Gesch„ftsjahr nicht gebildet.; 27 ;2016;GmbH;Jahresabschluss;PwC
Erl„uterungen zur Gewinn- und Verlustrechnung;;2016;GmbH;Jahresabschluss;PwC
1) Umsatzerl”se;;2016;GmbH;Jahresabschluss;PwC
Umsatz nach Unternehmensbereichen; 4.66 ;2016;GmbH;Jahresabschluss;PwC
"Millionen EUR 2016 in % 2015 in % 2015 in %
vergleichbar gerechnet
Mobility Solutions 24.008 85% 22.894 83% 22.584 87%
Consumer Goods 2.664 9% 2.600 10% 2.559 10%
Industrial Technology 579 2% 682 3% 649 3%
Sonstige 1.158 4% 1.031 4% 123 0%
28.409 100% 27.207 100% 25.915 100%"; 3,4.66,50 ;2016;GmbH;Jahresabschluss;PwC
Umsatz nach Regionen; 4.66 ;2016;GmbH;Jahresabschluss;PwC
"Millionen EUR 2016 in % 2015 in % 2015 in %
vergleichbar gerechnet
L„nder der Europ„ischen
Union
20.528 72% 19.643 72% 18.700 72%
šbriges Europa 1.305 5% 1.254 5% 1.236 5%
Amerika 2.931 10% 3.065 11% 2.937 11%
Asien, Afrika, Australien 3.645 13% 3.245 12% 3.042 12%
28.409 100% 27.207 100% 25.915 100%"; 3,4.66,50 ;2016;GmbH;Jahresabschluss;PwC
2) Bestandsver„nderungen und andere aktivierte Eigenleistungen;;2016;GmbH;Jahresabschluss;PwC
"Millionen EUR 2016 2015
Ver„nderung des Bestands an fertigen und unfertigen Erzeugnissen 38 -12
Andere aktivierte Eigenleistungen 48 36
86 24"; 4.67,4.68 ;2016;GmbH;Jahresabschluss;PwC
3) Sonstige betriebliche Ertr„ge;;2016;GmbH;Jahresabschluss;PwC
"Millionen EUR 2016
2015 vergleichbar gerechnet
2015
Sonstige betriebliche Ertr„ge 1.599 1.136 2.428"; 3,4.69 ;2016;GmbH;Jahresabschluss;PwC
"In den sonstigen betrieblichen Ertr„gen sind Ver„uáerungsgewinne aus Beteiligungen in H”he von 379 Millionen EUR (Vorjahr 1 Million EUR), unrealisierte Kursgewinne in H”he von 17 Millionen EUR (Vorjahr
3 Millionen EUR) und realisierte Kursgewinne in H”he von 275 Millionen EUR (Vorjahr 401 Millionen EUR) enthalten."; 4.69 ;2016;GmbH;Jahresabschluss;PwC
Die periodenfremden Ertr„ge in den sonstigen betrieblichen Ertr„gen betreffen im Wesentlichen Ertr„ge aus Aufl”sungen von Rckstellungen in H”he von 431 Millionen EUR (Vorjahr 206 Millionen EUR).; 4.69 ;2016;GmbH;Jahresabschluss;PwC
4) Materialaufwand;;2016;GmbH;Jahresabschluss;PwC
"Millionen EUR 2016
2015 vergleichbar gerechnet
2015
Aufwendungen fr Roh-, Hilfs- und Betriebsstoffe und bezogene Waren 16.171 15.371 15.371
Aufwendungen fr bezogene Leistungen 1.297 1.211 871
17.468 16.582 16.242"; 3,4.70 ;2016;GmbH;Jahresabschluss;PwC
5) Personalaufwand;;2016;GmbH;Jahresabschluss;PwC
"Millionen EUR 2016 2015
Entgelt 5.546 5.161
Soziale Abgaben und Aufwendungen fr Altersversorgung und fr Untersttzung 948 1.224
davon Altersversorgung 171 487
6.494 6.385
Durchschnittliche Zahl der Arbeitnehmer w„hrend des Gesch„ftsjahres nach Bundesl„ndern 2016 2015
Baden-Wrttemberg 46.177 44.029
Bayern 16.545 16.476
Saarland 4.384 4.506
Niedersachsen 2.216 2.507
Sonstige 597 584
69.919 68.102
Durchschnittliche Zahl der Arbeitnehmer w„hrend des Gesch„ftsjahres nach Unternehmensbereichen 2016 2015
Mobility Solutions 54.902 54.062
Durchschnittliche Zahl der Arbeitnehmer w„hrend des Gesch„ftsjahres nach Unternehmensbereichen 2016 2015
Consumer Goods 2.501 2.518
Industrial Technology 3.257 3.153
Corporate Functions 7.930 7.139
Research and Development 1.329 1.230
69.919 68.102"; 4.73,64 ;2016;GmbH;Jahresabschluss;PwC
6) Sonstige betriebliche Aufwendungen;;2016;GmbH;Jahresabschluss;PwC
"Millionen EUR 2016
2015 vergleichbar gerechnet
2015
Sonstige betriebliche Aufwendungen 5.876 5.363 5.703"; 3,4.80 ;2016;GmbH;Jahresabschluss;PwC
"In den sonstigen betrieblichen Aufwendungen sind unrealisierte Kursverluste in H”he von 0 Millionen EUR (Vorjahr 23 Millionen EUR) und realisierte Kursverluste in H”he von 290 Millionen EUR (Vorjahr
488 Millionen EUR) enthalten."; 4.80 ;2016;GmbH;Jahresabschluss;PwC
"Die periodenfremden Aufwendungen in den sonstigen betrieblichen Aufwendungen betreffen im Wesentlichen Aufwendungen aus dem Abgang des Sachanlageverm”gens von insgesamt 3 Millionen EUR (Vorjahr
Ertr„ge 10 Millionen EUR)."; 4.80,57 ;2016;GmbH;Jahresabschluss;PwC
7) Beteiligungsergebnis;;2016;GmbH;Jahresabschluss;PwC
"Millionen EUR 2016 2015
Ertr„ge aus Gewinnabfhrungsvertr„gen 1.289 164
Ertr„ge aus Beteiligungen 555 307
davon aus verbundenen Unternehmen 483 273
Aufwendungen aus Verlustbernahme -520 -773
1.324 -302"; 4.81 ;2016;GmbH;Jahresabschluss;PwC
8) Ertr„ge aus anderen Wertpapieren und Ausleihungen des Finanzanlageverm”gens;;2016;GmbH;Jahresabschluss;PwC
"Millionen EUR 2016 2015
Ertr„ge aus anderen Wertpapieren und Ausleihungen des Finanzanlageverm”gens 41 41
davon aus verbundenen Unternehmen 37 35
41 41"; 4.83 ;2016;GmbH;Jahresabschluss;PwC
9) Sonstige Zinsen und „hnliche Ertr„ge;;2016;GmbH;Jahresabschluss;PwC
"Millionen EUR 2016 2015
Sonstige Zinsen und „hnliche Ertr„ge 181 495
davon aus verbundenen Unternehmen 15 13
181 495"; 4.85 ;2016;GmbH;Jahresabschluss;PwC
10) Abschreibungen auf Finanzanlagen und auf Wertpapiere des Umlaufverm”gens;;2016;GmbH;Jahresabschluss;PwC
Auáerplanm„áige Abschreibungen auf Finanzanlagen und auf Wertpapiere des Umlaufverm”gens belaufen sich auf 125 Millionen EUR (Vorjahr 417 Millionen EUR).; 4.87,56 ;2016;GmbH;Jahresabschluss;PwC
11) Zinsen und „hnliche Aufwendungen;;2016;GmbH;Jahresabschluss;PwC
"Millionen EUR 2016 2015
Zinsen und „hnliche Aufwendungen -478 -473
davon aus verbundenen Unternehmen -176 -171
davon Aufzinsungen Rckstellungen -192 -178
-478 -473"; 4.88,58 ;2016;GmbH;Jahresabschluss;PwC
12) Steuern vom Einkommen und Ertrag;;2016;GmbH;Jahresabschluss;PwC
Der Steuerertrag im Berichtsjahr in H”he von 22 Millionen EUR (Vorjahr Steueraufwand in H”he von 61 Millionen EUR) enth„lt 92 Millionen EUR Steuererstattung fr frhere Jahre.; 2,4.90,61 ;2016;GmbH;Jahresabschluss;PwC
Erl„uterungen zur Bilanz;;2016;GmbH;Jahresabschluss;PwC
13) Anlageverm”gen;;2016;GmbH;Jahresabschluss;PwC
Die Entwicklung des Anlageverm”gens ist als Anlage beigefgt.; 4.1 ;2016;GmbH;Jahresabschluss;PwC
14) Vorr„te;;2016;GmbH;Jahresabschluss;PwC
"Millionen EUR 31.12.2016 31.12.2015
Roh-, Hilfs- und Betriebsstoffe 319 253
Millionen EUR 31.12.2016 31.12.2015
Unfertige Erzeugnisse, unfertige Leistungen 429 423
Fertige Erzeugnisse und Waren 827 745
Geleistete Anzahlungen 14 23
Erhaltene Anzahlungen auf Bestellungen -124 -104
Vorr„te 1.465 1.340"; 4.20 ;2016;GmbH;Jahresabschluss;PwC
15) Forderungen und sonstige Verm”gensgegenst„nde;;2016;GmbH;Jahresabschluss;PwC
"Millionen EUR 31.12.2016 davon RLZ ber 1 Jahr 31.12.2015 davon RLZ ber 1 Jahr
Forderungen aus Lieferungen und Leistungen 2.253 2.169
Forderungen gegen verbundene Unternehmen 6.600 3.518
davon aus Lieferungen und Leistungen 2.005 1.863
Forderungen gegen Unternehmen, mit denen ein Beteiligungsverh„ltnis
besteht
43 35
davon aus Lieferungen und Leistungen 24 18
Sonstige Verm”gensgegenst„nde 930 93 726 27
šbrige Forderungen und sonstige Verm”gensgegenst„nde 973 93 761 27
Forderungen und sonstige Verm”gensgegenst„nde 9.826 93 6.448 27"; 4.25 ;2016;GmbH;Jahresabschluss;PwC
16) Wertpapiere;;2016;GmbH;Jahresabschluss;PwC
"Millionen EUR 31.12.2016 31.12.2015
Sonstige Wertpapiere 6.722 6.397"; 4.30 ;2016;GmbH;Jahresabschluss;PwC
"Der Marktwert der verpf„ndeten Wertpapiere bel„uft sich auf 944 Millionen EUR (Vorjahr 1.024 Millionen EUR). Die Verpf„ndung dient der gesetzlich vorgeschriebenen Absicherung von Verpflichtungen
gegenber Arbeitnehmern sowie der Besicherung von Bankbrgschaften."; 4.30,44,46 ;2016;GmbH;Jahresabschluss;PwC
"Im Berichtsjahr wurden Wertpapierdarlehensvertr„ge mit einem verbundenen Unternehmen geschlossen. Es wurden Wertpapiere im Wert von 1.628 Millionen EUR berlassen. Der Ausweis erfolgte zum 31.12.2016
unter Forderungen gegen verbundene Unternehmen. Des Weiteren wurden im Berichtsjahr Wertpapiere von verbundenen Unternehmen in H”he von rd. 1,7 Milliarden EUR erworben."; 4.30,46 ;2016;GmbH;Jahresabschluss;PwC
In der Bilanzposition sind folgende Investmentanteile enthalten:; 4.30,19 ;2016;GmbH;Jahresabschluss;PwC
"Millionen EUR
Buchwert 31.12.2016
(BW)
Marktwert 31.12.2016
(MW) MW-BW Ausschttung 2016 T„gl. Rckgabe m”glich
Unterlassene Abschreibungen
Aktienfonds 495 746 251 0 Ja Nein
Rentenfonds 1.478 1.741 263 35 Ja Nein
Mischfonds 4.388 4.742 354 58 Ja Nein"; 4.30,19,48 ;2016;GmbH;Jahresabschluss;PwC
17) Angaben zu derivativen Finanzinstrumenten;;2016;GmbH;Jahresabschluss;PwC
"31.12.2016 31.12.2015
Millionen EUR Nominalwert Marktwert Nominalwert Marktwert
Zinsderivate 10 -1 10 -1
Devisenderivate 4.459 6 3.344 25
AUD 116 -1 5 0
CHF 166 0 118 -1
CNY 995 6 253 4
CZK 204 0 198 2
GBP 622 2 249 2
HUF 218 4 155 1
JPY 218 -3 1.564 7
KRW 494 4 159 5
MXN 130 -4 48 1
MYR 100 0 42 2
RUB 51 4 0 0
SEK 154 0 108 -2
TRY 64 1 35 1
USD 752 -7 401 2
sonstige W„hrungen 175 0 9 1
Sonstige Derivate 638 12 585 -147";;2016;GmbH;Jahresabschluss;PwC
"Bei den Zinsderivaten handelt es sich um Zinsswaps, bei den Devisenderivaten um Devisentermingesch„fte. Unter den sonstigen Derivaten werden im Gesch„ftsjahr 2016 im Wesentlichen Rohstoffsicherungen
ausgewiesen. Die Marktwerte werden nach anerkannten finanzmathematischen Verfahren im Wesentlichen nach der ""Discounted Cash Flow Methode"" und dem ""Black-Scholes-Modell"" basierend auf Marktdaten
ermittelt.";;2016;GmbH;Jahresabschluss;PwC
"Der Buchwert der derivativen Finanzinstrumente mit positivem Marktwert war Null. Fr derivative Finanzinstrumente und Rohstoffsicherungen mit negativem Marktwert wurden Rckstellungen in H”he von
64 Millionen EUR (Vorjahr 159 Millionen EUR) im Posten sonstige Rckstellungen gebildet."; 4.50,40 ;2016;GmbH;Jahresabschluss;PwC
18) Aktive Rechnungsabgrenzungsposten;;2016;GmbH;Jahresabschluss;PwC
Die aktiven Rechnungsabgrenzungsposten betragen im Berichtsjahr 81 Millionen EUR (Vorjahr 78 Millionen EUR). Das Disagio betr„gt 10 Millionen EUR (Vorjahr 11 Millionen EUR).; 4.35,22 ;2016;GmbH;Jahresabschluss;PwC
19) Gewinnrcklagen;;2016;GmbH;Jahresabschluss;PwC
"Millionen EUR 31.12.2016 31.12.2015
Satzungsm„áige Rcklagen 120 120
Andere Gewinnrcklagen 2.564 2.330
2.684 2.450"; 4.40 ;2016;GmbH;Jahresabschluss;PwC
In die anderen Gewinnrcklagen wurden im Gesch„ftsjahr 234 Millionen EUR eingestellt.; 4.40 ;2016;GmbH;Jahresabschluss;PwC
Der Unterschiedsbetrag nach õ 253 Abs. 6 Satz 1 HGB betr„gt 291 Millionen EUR und unterliegt gem„á õ 253 Abs. 6 Satz 2 HGB einer Ausschttungssperre.; 4.40,31 ;2016;GmbH;Jahresabschluss;PwC
20) Bilanzgewinn;;2016;GmbH;Jahresabschluss;PwC
Der Bilanzgewinn des Vorjahres in H”he von 142 Millionen EUR wurde im Gesch„ftsjahr ausgeschttet.; 68 ;2016;GmbH;Jahresabschluss;PwC
21) Rckstellungen fr Pensionen;;2016;GmbH;Jahresabschluss;PwC
"Der Unterschiedsbetrag zwischen dem Ansatz der Rckstellungen fr Pensionen nach Maágabe des entsprechenden durchschnittlichen Marktzinssatzes aus den vergangenen zehn Gesch„ftsjahren (4,01 %) und dem
Ansatz der Rckstellung nach Maágabe des entsprechenden durchschnittlichen Marktzinssatzes aus den vergangenen sieben Gesch„ftsjahren (3,23 %) nach õ 253 Abs. 6 Satz 1 HGB betr„gt 291 Millionen EUR."; 4.48,35 ;2016;GmbH;Jahresabschluss;PwC
22) šbrige Rckstellungen;;2016;GmbH;Jahresabschluss;PwC
"Millionen EUR 31.12.2016 31.12.2015
Steuerrckstellungen 277 300
Sonstige Rckstellungen 4.994 4.695
šbrige Rckstellungen 5.271 4.995"; 4.49,4.50 ;2016;GmbH;Jahresabschluss;PwC
"In den sonstigen Rckstellungen sind vor allem Verpflichtungen im Verkaufs-, Personal- und Sozialbereich, Verpflichtungen fr Garantie, Kulanz und rechtlichen Risiken sowie Verluste aus schwebenden
Gesch„ften und sonstige Wagnisse enthalten."; 4.50,40 ;2016;GmbH;Jahresabschluss;PwC
"Bei den laufenden Kartellrechtsermittlungen von Wettbewerbsbeh”rden gegen Automobilzulieferer-Unternehmen dauern die Gespr„che von Bosch mit der EU-Kommission an. Mit Blick auf damit verbundene
zivilrechtliche Risiken hat Bosch bereits grunds„tzlich Verst„ndigungen mit einzelnen Kunden und der wichtigsten Gruppe von US-Sammelkl„gern erzielt. Letztere bedarf noch der Zustimmung durch das
zust„ndige US-Gericht."; 2,4.50,40 ;2016;GmbH;Jahresabschluss;PwC
"Aufgrund der Ereignisse rund um Dieselfahrzeug-Emissionen bei verschiedenen Herstellern und in zahlreichen L„ndern bestehen erhebliche Risiken fr Bosch. Im Hinblick auf die Ereignisse bei Dieselfahrzeug-
Emissionen bei Volkswagen (einschlieálich Audi und Porsche) war und ist Bosch in zahlreichen Sammelklagen und Einzelklagen Beklagte. Dies betrifft unter anderem die USA und Kanada. In mehreren
anderen L„ndern sind Klagen ebenfalls anh„ngig oder zumindest angedroht. Aus allen diesen anh„ngigen und drohenden Klagen drohen schwer quantifizierbare Risiken. In zwei der in den USA anh„ngigen
Sammelklagen in Bezug auf in den USA verkaufte Dieselfahrzeuge von Volkswagen, Audi und Porsche hat Bosch zur teilweisen Beilegung der US-Sammelklagen eine Vergleichsvereinbarung mit K„ufern und
Gebrauchtwagenh„ndlern abgeschlossen. Die Einigung wrde die Forderungen von Verbrauchern und Gebrauchtwagenh„ndlern gegen die Robert Bosch GmbH, ihre Tochtergesellschaften, die Mitarbeiter und
das Management beilegen und die Dieselfahrzeuge der Marken Volkswagen und Audi mit 2,0-Liter-Motoren der Modelljahre 2009 bis 2015 sowie Dieselfahrzeuge der Marken Volkswagen, Audi und Porsche mit
3,0-Liter-Motoren der Modelljahre 2009 bis 2016 betreffen. Bosch wird dazu einen Gesamtbetrag von 327,5 Millionen USD zahlen. Mit der Vergleichsvereinbarung erkennt Bosch weder den von den Kl„gern
vorgetragenen Sachverhalt an, noch r„umt Bosch Schuld ein. Die erzielte Vergleichsvereinbarung bedarf noch der Genehmigung des US-Gerichts."; 2,4.50,40 ;2016;GmbH;Jahresabschluss;PwC
"Es besteht unter anderem das Risiko, dass einzelne Verbraucher oder Gebrauchtwagenh„ndler sich dem Vergleich nicht anschlieáen, sondern Einzelklage erheben. Auáerdem wird die Sammelklage von VWH„ndlern
fortgesetzt. In der Zwischenzeit ermitteln Beh”rden in zahlreichen L„ndern auch gegen andere Autohersteller, laut Presseberichten etwa gegen Fiat Chrysler, Daimler und Peugeot. Bosch hat als einer der
weltweit fhrenden Anbieter von Motorsteuerger„ten unter anderem auch fr verschiedene Modelle dieser Autohersteller Motorsteuerger„te einschlieálich Software geliefert. In den USA sind Bosch-Gesellschaften
in Sammelklagen in Bezug auf sowohl Dieselpersonenwagen von Daimler als auch Dieselpersonenwagen von Fiat Chrysler zusammen mit den jeweiligen Autoherstellern verklagt. Bosch wahrt in diesen Verfahren
seine Rechte."; 2,4.50,40 ;2016;GmbH;Jahresabschluss;PwC
"Auf Basis der zum Zeitpunkt der Aufstellung des Abschlusses vorliegenden und von der Gesch„ftsfhrung beurteilten Sachverhalte zu den Themen Kartellverfahren und Motorsteuerger„te wurde nach Auffassung
der Gesch„ftsfhrung ausreichende Risikovorsorge in Form von Rckstellungen fr rechtliche Risiken gebildet. Fr die verschiedenen genannten Rechtsrisiken bel„uft sich der Bestand an Rckstellungen auf
1.074 Millionen Euro."; 2,4.50,40 ;2016;GmbH;Jahresabschluss;PwC
23) Verbindlichkeiten;;2016;GmbH;Jahresabschluss;PwC
Zum 31.12.2016; 4.51 ;2016;GmbH;Jahresabschluss;PwC
"Millionen EUR 31.12.2016
davon Restlaufzeit bis 1
Jahr
davon Restlaufzeit ber 1
Jahr
davon Restlaufzeit ber 5
Jahre
Anleihen 1.900 600 300 1.000
Verbindlichkeiten gegenber Kreditinstituten 568 268 300 0
Schuldscheindarlehen 1.719 65 154 1.500
Finanzverbindlichkeiten 4.187 933 754 2.500
Verbindlichkeiten aus Lieferungen und Leistungen 945 945
Verbindlichkeiten gegenber verbundenen Unternehmen 20.996 19.996 1.000
davon aus Lieferungen und Leistungen 1.883 1.883
Verbindlichkeiten gegenber Unternehmen, mit denen ein Beteiligungsverh„ltnis
besteht
18 18
davon aus Lieferungen und Leistungen 11 11
Sonstige Verbindlichkeiten 626 626
šbrige Verbindlichkeiten 644 644 0 0
Verbindlichkeiten 26.772 22.518 754 3.500"; 4.51 ;2016;GmbH;Jahresabschluss;PwC
Zum 31.12.2015; 4.51 ;2016;GmbH;Jahresabschluss;PwC
"Millionen EUR 31.12.2015
davon Restlaufzeit bis 1
Jahr
davon Restlaufzeit ber 1
Jahr
davon Restlaufzeit ber 5
Jahre
Anleihen 2.650 750 900 1.000
Verbindlichkeiten gegenber Kreditinstituten 561 11 550
Schuldscheindarlehen 220 220
Finanzverbindlichkeiten 3.431 761 1.670 1.000
Verbindlichkeiten aus Lieferungen und Leistungen 835 835
Verbindlichkeiten gegenber verbundenen Unternehmen 17.311 16.311 1.000
davon aus Lieferungen und Leistungen 1.672 1.672
Verbindlichkeiten gegenber Unternehmen, mit denen ein Beteiligungsverh„ltnis
besteht
15 15
davon aus Lieferungen und Leistungen 6 6
Sonstige Verbindlichkeiten 245 235 10
šbrige Verbindlichkeiten 260 250 10
Verbindlichkeiten 21.837 18.157 1.680 2.000"; 4.51,43 ;2016;GmbH;Jahresabschluss;PwC
"Die Anleihen und Schuldscheindarlehen haben Restlaufzeiten von rund einem bis dreiundzwanzig Jahren. Der Betrag der Schuldscheindarlehen und Anleihen mit einer Restlaufzeit von mehr als fnf Jahren
bel„uft sich auf 2.500 Millionen EUR. Alle anderen Verbindlichkeiten haben eine Laufzeit von unter fnf Jahren."; 4.51,42 ;2016;GmbH;Jahresabschluss;PwC
"In den sonstigen Verbindlichkeiten sind Steuerverbindlichkeiten in H”he von 151 Millionen EUR (Vorjahr 127 Millionen EUR) sowie Verbindlichkeiten im Rahmen der sozialen Sicherheit von 13 Millionen
EUR (Vorjahr 12 Millionen EUR) enthalten."; 4.60 ;2016;GmbH;Jahresabschluss;PwC
In den sonstigen Verbindlichkeiten sind Verbindlichkeiten gegenber der Gesellschafterin Robert Bosch Stiftung GmbH in H”he von 10 Millionen EUR (Vorjahr 6 Millionen EUR) enthalten.; 4.60,20 ;2016;GmbH;Jahresabschluss;PwC
24) Passive Rechnungsabgrenzungsposten;;2016;GmbH;Jahresabschluss;PwC
Die passiven Rechnungsabgrenzungsposten betragen im Berichtsjahr 122 Millionen EUR (Vorjahr 110 Millionen EUR) und betreffen im Wesentlichen abgegrenzte Lizenzzahlungen.; 4.63 ;2016;GmbH;Jahresabschluss;PwC
25) Nicht in der Bilanz oder unter der Bilanz ausgewiesene Haftungsverh„ltnisse und sonstige finanzielle Verpflichtungen;;2016;GmbH;Jahresabschluss;PwC
"Millionen EUR 31.12.2016 31.12.2015
Verpflichtungen aus der Begebung und šbertragung von Wechseln 20 16
Verpflichtungen aus Betriebsbergang nach õ 613a BGB (Altersvorsorge) 38 0
Verbindlichkeiten aus Brgschaften 2.264 2.284
davon fr verbundene Unternehmen 2.262 2.282"; 46,67 ;2016;GmbH;Jahresabschluss;PwC
"Die zugunsten verbundener Unternehmen eingegangenen Verpflichtungen aus Brgschaften gegenber Dritten sind nicht zu passivieren, da die zugrunde liegenden Verbindlichkeiten durch die verbundenen
Unternehmen voraussichtlich erfllt werden k”nnen und deshalb mit einer Inanspruchnahme nicht zu rechnen ist."; 46,47,67 ;2016;GmbH;Jahresabschluss;PwC
"Die Robert Bosch GmbH hat mit Wirkung zum 1. August 2016 die wesentlichen Verm”gensgegenst„nde und Schulden des Gesch„ftes mit Starter Motors and Generators an die Robert Bosch Starter Motors
Generators GmbH, Schwieberdingen, verkauft. Die Robert Bosch GmbH haftet nach õ 613a Absatz 2 BGB neben der Robert Bosch Starter Motors Generators GmbH, Schwieberdingen, fr Verpflichtungen aus dem
Betriebsteilbergang, soweit sie vor dem Zeitpunkt des šbergangs entstanden sind und vor Ablauf von einem Jahr nach diesem Zeitpunkt f„llig werden, als Gesamtschuldner. Fr die Robert Bosch Starter Motors
Generators GmbH, Schwieberdingen, ergeben sich fr Neurentner im Zeitraum vom 1. August 2016 bis 31. Juli 2017 voraussichtliche Zahlungen in H”he von 0,4 Millionen EUR. Mit einer Inanspruchnahme
aus der gesamtschuldnerischen Haftung ist nicht zu rechnen, da der neue Inhaber voraussichtlich die zugrunde liegenden Verbindlichkeiten erfllen kann. Die aus dem Betriebsbergang entstandene Verpflichtung
gegenber Dritten ist deshalb nicht zu passivieren. Die insgesamt bertragenen Verpflichtungen aus Altersversorgungsverpflichtungen betragen 38,4 Millionen EUR."; 46,47,67 ;2016;GmbH;Jahresabschluss;PwC
Finanzielle Verpflichtungen aus Miete und Leasing fr Grundstcke, technische Anlagen, IT-Ausstattung, Kraftfahrzeuge und Bestellobligo stellen sich wie folgt dar:; 67 ;2016;GmbH;Jahresabschluss;PwC
"Millionen EUR 31.12.2016 31.12.2015
< 1 Jahr 319 371
> 1 Jahr < 5 Jahre 204 185
> 5 Jahre 29 41"; 67 ;2016;GmbH;Jahresabschluss;PwC
Sonstige Angaben;;2016;GmbH;Jahresabschluss;PwC
26) Gewinnverwendungsvorschlag;;2016;GmbH;Jahresabschluss;PwC
Die Gesch„ftsfhrung schl„gt vor, 234 Millionen EUR in die Gewinnrcklagen einzustellen und den Bilanzgewinn von 138 Millionen EUR auszuschtten.; 68 ;2016;GmbH;Jahresabschluss;PwC
27) Bezge der Mitglieder der Gesch„ftsfhrung und des Aufsichtsrats;;2016;GmbH;Jahresabschluss;PwC
"Die Gesamtbezge der Mitglieder der Gesch„ftsfhrung (einschlieálich Rckstellungen) belaufen sich im Gesch„ftsjahr 2016 auf 34 Millionen EUR (Vorjahr 28 Millionen EUR), die der frheren Mitglieder der
Gesch„ftsfhrung und ihrer Hinterbliebenen auf 15 Millionen EUR (Vorjahr 13 Millionen EUR) und die der Mitglieder des Aufsichtsrats auf 2 Millionen EUR (Vorjahr 2 Millionen EUR)."; 84,88 ;2016;GmbH;Jahresabschluss;PwC
"Pensionsverpflichtungen gegenber frheren Mitgliedern der Gesch„ftsfhrung und ihren Hinterbliebenen wurden im Rahmen der Ausgliederung von Pensionsverpflichtungen fr ehemalige Mitarbeiter an ein
verbundenes Unternehmen mit Wirkung vom 01.01.2014 bertragen."; 2,84,88 ;2016;GmbH;Jahresabschluss;PwC
28) Ausgliederung Gesch„ftsbereich Starter Motors and Generators zum 1. August 2016;;2016;GmbH;Jahresabschluss;PwC
"Die Robert Bosch GmbH hat mit Wirkung zum 1. August 2016 die wesentlichen Verm”gensgegenst„nde und Schulden des Gesch„ftes mit Starter Motors and Generators (SG) an die Robert Bosch Starter Motors
Generators GmbH, Schwieberdingen, verkauft. Die Robert Bosch GmbH verfolgt mit der Verselbst„ndigung des SG-Gesch„ftes die Zielsetzung einen K„ufer oder Partner zu finden, um die Zukunftsf„higkeit des
Gesch„fts langfristig zu gew„hrleisten. Die Ver„uáerung des Gesch„ftes mit SG ist fr die Robert Bosch GmbH von untergeordneter Bedeutung fr die Verm”gens-, Finanz- und Ertragslage."; 2,10 ;2016;GmbH;Jahresabschluss;PwC
29) Anteilsbesitz der Robert Bosch Gesellschaft mit beschr„nkter Haftung;;2016;GmbH;Jahresabschluss;PwC
Die Anteilsbesitzliste ist als Anlage beigefgt.; 77 ;2016;GmbH;Jahresabschluss;PwC
30) Gesamthonorar fr Abschlussprfung;;2016;GmbH;Jahresabschluss;PwC
Angaben zum Abschlussprferhonorar gem„á õ 285 Nr. 17 HGB sind im Konzernabschluss enthalten.; 72 ;2016;GmbH;Jahresabschluss;PwC
31) Nachtragsbericht;;2016;GmbH;Jahresabschluss;PwC
"Zum 1. Januar 2017 hat die Robert Bosch GmbH das Gesch„ft mit Power Tools (Umsatz im Gesch„ftsjahr 2016 2.664 Millionen EUR) in die bereits bestehende Gesellschaft Robert Bosch Power Tools GmbH,
Leinfelden, eingebracht."; 69 ;2016;GmbH;Jahresabschluss;PwC
"Rckwirkend zum 1. Januar 2017 plant die Robert Bosch GmbH das Gesch„ft mit Packaging Technology sowie mit dem Bosch-internen Systemanbieter fr Montageanlagen und Sondermaschinen ATMO (Umsatz
im Gesch„ftsjahr 2016.579 Millionen EUR) in jeweils eine eigenst„ndige Rechtseinheit einzubringen."; 69 ;2016;GmbH;Jahresabschluss;PwC
32) Organe;;2016;GmbH;Jahresabschluss;PwC
Gesch„ftsfhrung:; 83 ;2016;GmbH;Jahresabschluss;PwC
"Dr. Volkmar Denner Zentrale Funktionen:
Vorsitzender - Unternehmensstrategie
- Unternehmenskommunikation
- Forschung und Vorausentwicklung
- Koordination Technik und Entwicklungsmethodik
- Anlagen und Bauten
Prof. Dr. Stefan Asenkerschbaumer Zentrale Funktionen:
Stellvertretender Vorsitzender - Finanzen und Accounting
- Controlling, Planung und Mergers & Acquisitions
- Internes Rechnungswesen und Organisation
- Einkauf und Logistik
- Informationsverarbeitung
- Inhouse Consulting
Christoph Kbel Zentrale Funktionen:
- Personal- und Sozialwesen einschl. Leitende Mitarbeiter
- Auáenangelegenheiten, Regierungs-/ Politikbeziehungen
- Recht
- Steuern
- Compliance Management
- Interne Revision
- Gewerblicher Rechtsschutz
- Versicherungen
- Umweltschutz (vom 01.04.2017 an)
Peter Tyroller Regionale Verantwortung:
Asien-Pazifik, Indien
Dr. Werner Struth Zentrale Funktionen:
(bis zum 31.03.2017) - Unternehmensbereich Industrial Technology
- Fertigungskoordination, Produktionssystem und Investitionsplanung
- Arbeits-, Brand- und Umweltschutz
Gesch„ftsbereiche:
- Drive and Control Technology
- Packaging Technology
Regionale Verantwortung:
Nordamerika, Sdamerika
Dr. Rolf Bulander Zentrale Funktionen:
- Unternehmensbereich Mobility Solutions
- Qualit„t
Gesch„ftsbereiche:
- Gasoline Systems
- Diesel Systems
- Electrical Drives
- Starter Motors and Generators
Dr. Dirk Hoheisel Zentrale Funktion:
- Systemintegration Mobility Solutions
Gesch„ftsbereiche:
- Chassis Systems Control
- Car Multimedia
- Automotive Electronics
- Automotive Steering
Dr. Markus Heyn Zentrale Funktionen:
- Verkauf Mobility Solutions
- Marketing und Verkauf
Gesch„ftsbereich:
- Automotive Aftermarket
Regionale Verantwortung (vom 01.04.2017 an):
Nordamerika, Sdamerika
Uwe Raschke Zentrale Funktionen:
- Unternehmensbereich Consumer Goods
- User Experience
Gesch„ftsbereiche:
- Power Tools
- BSH Hausger„te
Regionale Verantwortung:
Westeuropa, Mittelosteuropa, Russland, Mittlerer Osten, Afrika
Dr. Stefan Hartung Zentrale Funktionen:
- Unternehmensbereich Industrial Technology (vom 01.04.2017 an)
- Unternehmensbereich Energy and Building Technology
- Fertigungskoordination (vom 01.04.2017 an)
Gesch„ftsbereiche:
- Drive and Control Technology (vom 01.04.2017 an)
- Packaging Technology (vom 01.04.2017 an)
- Bosch Global Service Solutions
- Security Systems
- Thermotechnology"; 83 ;2016;GmbH;Jahresabschluss;PwC
Aufsichtsrat:; 83 ;2016;GmbH;Jahresabschluss;PwC
"Franz Fehrenbach
Stuttgart
Vorsitzender
Gesch„ftsfhrender Gesellschafter der Robert Bosch Industrietreuhand KG
vormals Vorsitzender der Gesch„ftsfhrung der Robert Bosch GmbH
Alfred L”ckle
Ludwigsburg
Stellvertretender Vorsitzender,
Mitglied des Betriebsrats des Werks Schwieberdingen
und Vorsitzender des Gesamtbetriebsrats sowie
des Konzernbetriebsrats der Robert Bosch GmbH
Christiane Benner
Frankfurt
(bis zum 31.12.2016)
Zweite Vorsitzende der Industriegewerkschaft Metall, Frankfurt am Main
Nadine Boguslawski
Stuttgart
(vom 01.01.2017 an)
Gewerkschaftssekret„rin der Bezirksleitung der Industriegewerkschaft Metall, Baden-Wrttemberg
Dr. Christof Bosch
K”nigsdorf
Sprecher der Familie Bosch
Christian Brunkhorst
Mhltal
Gewerkschaftssekret„r beim Vorstand der Industriegewerkschaft Metall
Prof. Dr. Elgar Fleisch
St. Gallen
(vom 09.04.2016 an)
Professor fr Informations- und Technologiemanagement an der Universit„t St. Gallen (HSG) und ETH Zrich
Klaus Friedrich
Lohr
Vorsitzender des Betriebsrats der Bosch Rexroth AG, Lohr/Main,
und Vorsitzender des Gesamtbetriebsrats der Bosch Rexroth AG sowie
Mitglied des Konzernbetriebsrats der Robert Bosch GmbH
Hartwig Geisel
Leinfelden-Echterdingen
Vorsitzender des Betriebsrats des Werks Feuerbach und
Stellvertretender Vorsitzender des Gesamtbetriebsrats sowie
des Konzernbetriebsrats der Robert Bosch GmbH
Mario Gutmann
Bamberg
(vom 01.07.2016 an)
Vorsitzender des Betriebsrats des Werks Bamberg und
Mitglied des Gesamtbetriebsrats der Robert Bosch GmbH
J”rg Hofmann
Esslingen
Erster Vorsitzender der Industriegewerkschaft Metall, Frankfurt am Main
Prof. Lars G. Josefsson
Stockholm
vormals President and Chief Executive Officer der Vattenfall AB
Prof. Dr. Michael Kaschke
Oberkochen
(vom 09.04.2016 an)
Vorsitzender des Konzernvorstands der Carl Zeiss AG
Dieter Klein
Wolfersheim
Mitglied des Betriebsrats des Werks Homburg
Prof. Dr. Renate K”cher
Konstanz
Gesch„ftsfhrerin des Instituts fr Demoskopie Allensbach
Prof. Dr. Olaf Kbler
Zrich
(bis zum 08.04.2016)
ehemaliger Pr„sident der Eidgen”ssischen Technischen Hochschule (ETH) Zrich
Matthias Georg Madelung
Mnchen
Mitglied des Kuratoriums der Robert Bosch Stiftung GmbH
Kerstin Mai
Hildesheim
Vorsitzende des Betriebsrats der Robert Bosch Car Multimedia GmbH, Hildesheim,
und Mitglied des Konzernbetriebsrats der Robert Bosch GmbH
Dr. Wolfgang Malchow
Pliezhausen
Gesch„ftsfhrender Gesellschafter der Robert Bosch Industrietreuhand KG
Urs B. Rinderknecht
Zrich
vormals Generaldirektor der UBS AG
Tilman Todenh”fer
Madrid
(bis zum 08.04.2016)
Gesch„ftsfhrender Gesellschafter der Robert Bosch Industrietreuhand KG
Dr. Richard Vogt
Bhl
Projektleiter Gesch„ftsbereich Electrical Drives und
Vorsitzender des Gesamtsprecherausschusses
der Robert Bosch GmbH und des
Konzernsprecherausschusses der Bosch-Gruppe Deutschland
Prof. Dr. Beatrice Weder di Mauro
Singapur
Professorin fr Volkswirtschaftslehre an der Johannes-Gutenberg-Universit„t Mainz
Hans Wolff
Bamberg
(bis zum 30.06.2016)
Mitglied des Betriebsrats des Werks Bamberg der Robert Bosch GmbH"; 83 ;2016;GmbH;Jahresabschluss;PwC
"Stuttgart, den 14. M„rz 2017
Robert Bosch GmbH
Die Gesch„ftsfhrung";;2016;GmbH;Jahresabschluss;PwC
Entwicklung des Anlageverm”gens 2016;;2016;GmbH;Jahresabschluss;PwC
"Werte.
in Millionen EUR Anschaffungs-/ Herstellungskosten
01.01.2016 Zug„nge Umbuchungen Abg„nge 31.12.2016
Immaterielle Verm”gensgegenst„nde
Entgeltlich erworbene Konzessionen,
gewerbliche
Schutzrechte und „hnliche
Rechte und Werte sowie Lizenzen
an solchen Rechten
und Werten
1.249 221 47 1.423
1.249 221 47 1.423
Sachanlagen
Grundstcke, grundstcksgleiche
Rechte und Bauten
einschlieálich Bauten auf
fremden Grundstcken
2.106 34 24 6 2.158
Technische Anlagen und Maschinen
6.156 372 229 343 6.414
Andere Anlagen, Betriebsund
Gesch„ftsausstattung
2.981 314 84 225 3.154
Geleistete Anzahlungen und
Anlagen im Bau
466 424 -337 2 551
11.709 1.144 576 12.277
Finanzanlagen
Anteile an verbundenen Unternehmen
20.747 153 149 20.751
Ausleihungen an verbundene
Unternehmen
1.516 20 11 1.525
Beteiligungen 366 28 1 393
Werte.
in Millionen EUR Anschaffungs-/ Herstellungskosten
01.01.2016 Zug„nge Umbuchungen Abg„nge 31.12.2016
Ausleihungen an Unternehmen,
mit denen ein Beteiligungsverh„ltnis
besteht
65 2 15 52
22.694 203 176 22.721
35.652 1.568 799 36.421
Werte.
in Millionen EUR Abschreibungen Zuschreibungen
01.01.2016 Zug„nge Abg„nge 31.12.2016 Zug„nge 31.12.2016
Immaterielle Verm”gensgegenst„nde
Entgeltlich erworbene
Konzessionen, gewerbliche
Schutzrechte und
„hnliche Rechte und Werte
sowie Lizenzen an solchen
Rechten und Werten
686 156 45 797
686 156 45 797
Sachanlagen
Grundstcke, grundstcksgleiche
Rechte
und Bauten einschlieálich
Bauten auf fremden
Grundstcken
1.324 43 3 1.364
Technische Anlagen und
Maschinen
4.785 349 303 4.831
Andere Anlagen, Betriebs-
und Gesch„ftsausstattung
2.258 269 208 2.319
Geleistete Anzahlungen
und Anlagen im Bau
8.367 661 514 8.514
in Millionen EUR Abschreibungen Zuschreibungen
01.01.2016 Zug„nge Abg„nge 31.12.2016 Zug„nge 31.12.2016
Finanzanlagen
Anteile an verbundenen
Unternehmen
3.188 60 3.248 1 8
Ausleihungen an verbundene
Unternehmen
348 9 357 961 226
Beteiligungen 36 16 52
Ausleihungen an Unternehmen,
mit denen ein
Beteiligungsverh„ltnis
besteht
3.572 85 3.657 97 234
12.625 902 559 12.968 97 234
Werte.
in Millionen EUR Buchwerte Buchwerte
31.12.2016 31.12.2015
Immaterielle Verm”gensgegenst„nde
Entgeltlich erworbene Konzessionen, gewerbliche Schutzrechte
und „hnliche Rechte und Werte sowie Lizenzen an solchen
Rechten und Werten
626 563
626 563
Sachanlagen
Grundstcke, grundstcksgleiche Rechte und Bauten einschlieálich
Bauten auf fremden Grundstcken
794 782
Technische Anlagen und Maschinen 1.583 1.371
Andere Anlagen, Betriebs- und Gesch„ftsausstattung 835 723
Geleistete Anzahlungen und Anlagen im Bau 551 466
3.763 3.342
Finanzanlagen
Anteile an verbundenen Unternehmen 17.511 17.566
Ausleihungen an verbundene Unternehmen 1.394 1.298
Werte.
in Millionen EUR Buchwerte Buchwerte
31.12.2016 31.12.2015
Beteiligungen 341 330
Ausleihungen an Unternehmen, mit denen ein Beteiligungsverh„ltnis
besteht
52 65
19.298 19.259
23.687 23.164
1 davon 96 Mio. EUR Wertaufholung aus Einzelwertberichtigung"; 15,16 ;2016;GmbH;Jahresabschluss;PwC
