Ab PDF S. 4;;;;;
Anhang für das Geschäftsjahr 2016;;;;;
der BCA AG, Oberursel (Taunus); Annotierung (Angabe Nummer in Anhangscheckliste) ;Geschäftsjahr;Gesellschaft;Abschlussart;Prüfer
1 Bilanzierungs- und Bewertungsgrundsätze; 8.0 ;2016;BCA AG;Jahresabschluss;Dohm, Schmidt, Janka Revision und Treuhand AG 
1.1 Allgemeines;;2016;BCA AG;Jahresabschluss;Dohm, Schmidt, Janka Revision und Treuhand AG 
Der Jahresabschluss der BCA AG, Oberursel, für das Geschäftsjahr vom 1. Januar bis 31. Dezember 2016 wurde nach den Vorschriften des Handelsgesetzbuches (HGB) sowie des Aktiengesetzes (AktG) aufgestellt. Die Neuregelungen des Bilanzrichtlinie-Umsetzungsgesetzes (BilRUG) wurden für das Geschäftsjahr 2016 erstmalig angewendet und werden umfassend beachtet.;1;2016;BCA AG;Jahresabschluss;Dohm, Schmidt, Janka Revision und Treuhand AG 
Für die Gewinn- und Verlustrechnung wurde das Gesamtkostenverfahren gem. § 275 Abs. 2 HGB gewählt. Die Gesellschaft ist eine mittelgroße Kapitalgesellschaft i. S. d. § 267 Abs. 2 HGB.;;2016;BCA AG;Jahresabschluss;Dohm, Schmidt, Janka Revision und Treuhand AG 
Die Gesellschaft wird bei dem Amtsgericht Bad Homburg v. d. Höhe unter der Registernummer HRB 6611 geführt.;104;2016;BCA AG;Jahresabschluss;Dohm, Schmidt, Janka Revision und Treuhand AG 
1.2 Anlagevermögen; 8.1 ;2016;BCA AG;Jahresabschluss;Dohm, Schmidt, Janka Revision und Treuhand AG 
Selbst geschaffene immaterielle Vermögensgegenstände sowie die entgeltlich erworbenen immateriellen Anlagenwerte und Sachanlagen werden zu Anschaffungs- bzw. Herstellungskosten vermindert um plan- mäßige Abschreibungen angesetzt. Finanzanlagen werden mit ihren Anschaffungskosten und Anschaffungsnebenkosten aktiviert.; 8.2, 8.7, 8.12 ;2016;BCA AG;Jahresabschluss;Dohm, Schmidt, Janka Revision und Treuhand AG 
Abschreibungen werden im Einklang mit den steuerlichen Vorschriften entsprechend der betriebsgewöhnlichen Nutzungsdauer für die einzelnen Bilanzpositionen des Anlagevermögens wie folgt vorgenommen:; 8.1 ;2016;BCA AG;Jahresabschluss;Dohm, Schmidt, Janka Revision und Treuhand AG 
"Anlageposten Abschreibungsmethode Nutzungsdauer
Software linear 3-10 Jahre
Andere Anlagen, Betriebs- und Geschäftsausstattung linear 4-13 Jahre
Geringwertige Wirtschaftsgüter Sammelkonto gem. § 6 Abs. 2a
EStG
linear 5 Jahre"; 8.1 ;2016;BCA AG;Jahresabschluss;Dohm, Schmidt, Janka Revision und Treuhand AG 
Geringwertige Wirtschaftsgüter bis 150 EUR werden im Zugangsjahr gemäß § 6 Abs. 2 EStG voll abgeschrieben.; 8.1 ;2016;BCA AG;Jahresabschluss;Dohm, Schmidt, Janka Revision und Treuhand AG 
1.3 Forderungen und sonstige Vermögensgegenstände; 8.25 ;2016;BCA AG;Jahresabschluss;Dohm, Schmidt, Janka Revision und Treuhand AG 
Forderungen aus Lieferungen und Leistungen, Forderungen gegen verbundene Unternehmen sowie die sonstigen Vermögensgegenstände werden zum Nominalwert angesetzt. Dem allgemeinen Kreditrisiko wurde durch Einzel- und Pauschalwertberichtigungen in angemessener Höhe Rechnung getragen, wobei Einzelwertberichtigungen auch pauschaliert erfolgt sind. Die Forderungen aus Lieferungen und Leistungen haben eine Restlaufzeit von unter einem Jahr. Das Körperschaftsteueranrechnungsguthaben wurde zum Barwert aktiviert.; 8.26, 8.28, 8.29 ;2016;BCA AG;Jahresabschluss;Dohm, Schmidt, Janka Revision und Treuhand AG 
1.4 Flüssige Mittel; 8.33 ;2016;BCA AG;Jahresabschluss;Dohm, Schmidt, Janka Revision und Treuhand AG 
Die flüssigen Mittel in Form von Guthaben bei Kreditinstituten sind zum Nennwert aktiviert.; 8.33 ;2016;BCA AG;Jahresabschluss;Dohm, Schmidt, Janka Revision und Treuhand AG 
1.5 Eigene Aktien; 8.37, 24 ;2016;BCA AG;Jahresabschluss;Dohm, Schmidt, Janka Revision und Treuhand AG 
Zum 31. Dezember 2016 hält die BCA AG wie im Vorjahr 156.013 Stück (3,333 %) eigene Anteile. Die eigenen Aktien werden als Korrekturposten im Eigenkapital ausgewiesen. Die Anschaffungskosten sind in Höhe des rechnerischen Werts der eigenen Anteile offen vom gezeichneten Kapital abgezogen.; 8.37, 24 ;2016;BCA AG;Jahresabschluss;Dohm, Schmidt, Janka Revision und Treuhand AG 
1.6 Rückstellungen; 8.47 ;2016;BCA AG;Jahresabschluss;Dohm, Schmidt, Janka Revision und Treuhand AG 
Rückstellungen sind nach vernünftiger kaufmännischer Beurteilung mit dem notwendigen Erfüllungsbetrag angesetzt worden. Rückstellungen mit einer Restlaufzeit von mehr als einem Jahr wurden mit dem durchschnittlichen Abzinsungssatz der letzten sieben Jahre unter Berücksichtigung der Restlaufzeit der einzelnen Rückstellungen abgezinst. Eine Abzinsung der Rückstellungen mit einer Laufzeit von unter einem Jahr wurde nicht vorgenommen.; 8.47 ;2016;BCA AG;Jahresabschluss;Dohm, Schmidt, Janka Revision und Treuhand AG 
1.7 Verbindlichkeiten; 8.51 ;2016;BCA AG;Jahresabschluss;Dohm, Schmidt, Janka Revision und Treuhand AG 
Die Verbindlichkeiten werden grundsätzlich mit dem Erfüllungsbetrag angesetzt. Die gegenüber den Maklern bestehenden Verbindlichkeiten werden auf Basis der gegenüber den Kapitalverwaltungsgesellschaften und Versicherungsgesellschaften bestehenden Forderungen und unter Berücksichtigung der durchschnittlichen von der Gesellschaft erzielten Marge ermittelt.; 8.51 ;2016;BCA AG;Jahresabschluss;Dohm, Schmidt, Janka Revision und Treuhand AG 
1.8 Latente Steuern; 8.64 ;2016;BCA AG;Jahresabschluss;Dohm, Schmidt, Janka Revision und Treuhand AG 
Latente Steueransprüche und -verpflichtungen berechnen sich aus Differenzen zwischen den handelsrechtlichen Wertansätzen von Vermögensgegenständen und Schulden und ihren steuerlichen Wertansätzen, die sich in späteren Geschäftsjahren voraussichtlich abbauen. Hieraus resultieren in der Zukunft voraussichtliche Ertragsteuerentlastungs- oder -belastungseffekte. Die Beträge der sich ergebenden Steuerbe- und/ oder -entlastung werden mit den Ertragsteuersätzen im Zeitpunkt des Abbaus der Differenzen bewertet. Die sich insgesamt ergebende Steuerbelastung zum Bilanzstichtag wird gesondert in den passiven latenten Steuern ausgewiesen.; 8.64 ;2016;BCA AG;Jahresabschluss;Dohm, Schmidt, Janka Revision und Treuhand AG 
2 Erläuterungen zur Bilanz; 4.0 ;2016;BCA AG;Jahresabschluss;Dohm, Schmidt, Janka Revision und Treuhand AG 
2.1 Anlagevermögen; 4.1 ;2016;BCA AG;Jahresabschluss;Dohm, Schmidt, Janka Revision und Treuhand AG 
Zur Entwicklung des Anlagevermögens im Geschäftsjahr vom 1. Januar bis zum 31. Dezember 2016 einschließlich der kumulierten Anschaffungskosten und der kumulierten Abschreibungen wird auf den separat dargestellten Anlagenspiegel verwiesen.; 4.1 ;2016;BCA AG;Jahresabschluss;Dohm, Schmidt, Janka Revision und Treuhand AG 
2.2 Immaterielle Vermögensgegenstände; 4.2 ;2016;BCA AG;Jahresabschluss;Dohm, Schmidt, Janka Revision und Treuhand AG 
Im Geschäftsjahr 2016 wurden die selbst geschaffenen immateriellen Vermögensgegenstände in Höhe von TEUR 485 und käuflich erworbenen immateriellen Vermögensgegenstände in Höhe von TEUR 39 planmäßig abgeschrieben. Damit ergibt sich zum 31. Dezember 2016 für die selbst geschaffenen immateriellen Vermögensgegenstände ein Buchwert von TEUR 944 und für die käuflich erworbenen Vermögens- gegenstände ein Buchwert von TEUR 105.; 4.3, 4.4 ;2016;BCA AG;Jahresabschluss;Dohm, Schmidt, Janka Revision und Treuhand AG 
2.3 Finanzanlagen; 4.12 ;2016;BCA AG;Jahresabschluss;Dohm, Schmidt, Janka Revision und Treuhand AG 
Die BfV Bank für Vermögen AG, Oberursel, ist eine 100%-ige Tochtergesellschaft der BCA AG. Die BfV Bank für Vermögen AG weist zum 31. Dezember 2016 ein Eigenkapital in Höhe von TEUR 889 und einen Jahresüberschuss in Höhe von TEUR 3 aus.; 4.13, 89 ;2016;BCA AG;Jahresabschluss;Dohm, Schmidt, Janka Revision und Treuhand AG 
Die BCA Versicherungsvermittlungsservice GmbH, Oberursel, ist eine 100%-ige Tochtergesellschaft der BCA AG. Aus dem Bilanzgewinn werden TEUR 332 an die BCA AG ausgeschüttet und phasengleich vereinnahmt. Der Jahresüberschuss der Gesellschaft beträgt TEUR 474. Das Eigenkapital beläuft sich zum Bilanzstichtag auf TEUR 507.; 4.13, 89 ;2016;BCA AG;Jahresabschluss;Dohm, Schmidt, Janka Revision und Treuhand AG 
Die BCA AG hält 100 % der Anteile an der Carat Fonds Service AG, Oberursel. Das Eigenkapital der Gesellschaft beträgt zum 31. Dezember 2016 TEUR 140 und der Jahresüberschuss beträgt TEUR 76.; 4.13, 89 ;2016;BCA AG;Jahresabschluss;Dohm, Schmidt, Janka Revision und Treuhand AG 
Die Carat Asset Management GmbH, Unterföhring, ist eine 100%-ige Tochtergesellschaft der Carat Fonds Service AG. Zwischen der Carat Asset Management GmbH und der Carat Fonds Service AG besteht ein Beherrschungs- und Gewinnabführungsvertrag. Das Eigenkapital der Carat Asset Management GmbH beträgt zum 31. Dezember 2016 TEUR 25. Der Gewinn von TEUR 20 wurde an die Carat Fonds Service AG abgeführt.; 4.13, 89 ;2016;BCA AG;Jahresabschluss;Dohm, Schmidt, Janka Revision und Treuhand AG 
Die 50%-Beteiligung an der FiBo GmbH, Bayreuth, welche die BCA AG seit August 2009 in ihren Büchern führt, wurde in 2013 auf Werthaltigkeit geprüft und vollständig abgeschrieben. Im Dezember 2015 wurde die Liquidation der FiBo GmbH bekanntgegeben. Gemäß Eintragung im Handelsregister des Amtsgerichts Bayreuth wurde die Gesellschaft am 4. Januar 2016 aufgelöst. Darüber hinaus wurde im Geschäftsjahr 2014 die Abwicklung der Tochtergesellschaft FiBo Finanzservice GmbH, Bayreuth, eingeleitet. Gemäß Handelsregistereintrag vom 17. Januar 2017 ist die Liquidation beendet und die Gesellschaft erloschen.; 4.15, 89 ;2016;BCA AG;Jahresabschluss;Dohm, Schmidt, Janka Revision und Treuhand AG 
Seit Oktober 2010 ist die BCA AG mit 25 % plus 1 Anteil an der MehrWert GmbH für Finanzberatung und Vermittlung, Bamberg, beteiligt. Die MehrWert GmbH weist zum Bilanzstichtag, den 31. Dezember 2016, ein Eigenkapital von TEUR 392 und einen Jahresüberschuss in Höhe von TEUR 142 aus.; 4.15, 89 ;2016;BCA AG;Jahresabschluss;Dohm, Schmidt, Janka Revision und Treuhand AG 
2.4 Eigenkapital; 4.37 ;2016;BCA AG;Jahresabschluss;Dohm, Schmidt, Janka Revision und Treuhand AG 
Das Grundkapital der Gesellschaft beträgt zum 31. Dezember 2016 TEUR 4.679,5 und ist eingeteilt in 4.679.490 nennwertlose, vinkulierte Namensaktien. Die BCA AG hält zum 31. Dezember 2016 unverändert zum Vorjahr 156.013 eigene Aktien.; 4.38, 31, 24 ;2016;BCA AG;Jahresabschluss;Dohm, Schmidt, Janka Revision und Treuhand AG 
"Durch den Beschluss der ordentlichen Hauptversammlung vom 29.08.2013 wurde der Vorstand der Gesellschaft ermächtigt, mit Zustimmung des Aufsichtsrats das Grundkapital der Gesellschaft bis zum 28.08.2018 durch Ausgabe neuer, auf den Namen lautende Stückaktien gegen Bar- und/oder Sacheinlagen einmalig oder mehrmals, insgesamt jedoch um höchstens bis zu EUR 2.339.745,00 zu erhöhen („Genehmigtes Kapital""). Der Vorstand wurde zudem ermächtigt, mit Zustimmung des Aufsichtsrats das gesetzliche Bezugsrecht der Aktionäre im Fall von Spitzenbeträgen auszuschließen."; 4.38, 32, 31 ;2016;BCA AG;Jahresabschluss;Dohm, Schmidt, Janka Revision und Treuhand AG 
Der Vorstand wurde ferner ermächtigt, mit Zustimmung des Aufsichtsrats die weiteren Einzelheiten der Durchführung von Kapitalerhöhungen aus dem genehmigten Kapital festzulegen. Der Aufsichtsrat wurde ermächtigt, die Fassung der Satzung entsprechend dem Umfang der Kapitalerhöhung aus genehmigtem Kapital zu ändern.; 4.38, 32 ;2016;BCA AG;Jahresabschluss;Dohm, Schmidt, Janka Revision und Treuhand AG 
§ 4 Abs. 5 der Satzung wurde wie folgt neu gefasst:; 4.37 ;2016;BCA AG;Jahresabschluss;Dohm, Schmidt, Janka Revision und Treuhand AG 
"„(5) Der Vorstand der Gesellschaft wird ermächtigt, mit Zustimmung des Aufsichtsrats das Grundkapital der Gesellschaft bis zum 28.08.2018 durch Ausgabe neuer, auf den Namen lautende Stückaktien gegen Bar- und/oder Sacheinlagen einmalig oder mehrmals, insgesamt jedoch um höchstens bis zu EUR 2.339.745,00 zu erhöhen („Genehmigtes Kapital"")."; 4.37 ;2016;BCA AG;Jahresabschluss;Dohm, Schmidt, Janka Revision und Treuhand AG 
Der Vorstand ist ermächtigt, mit Zustimmung des Aufsichtsrats das gesetzliche Bezugsrecht der Aktionäre im Fall von Spitzenbeträgen auszuschließen:; 4.37 ;2016;BCA AG;Jahresabschluss;Dohm, Schmidt, Janka Revision und Treuhand AG 
#NAME?; 4.37 ;2016;BCA AG;Jahresabschluss;Dohm, Schmidt, Janka Revision und Treuhand AG 
"Der Vorstand wird ferner ermächtigt, mit Zustimmung des Aufsichtsrats die weiteren Einzelheiten der Durchführung von Kapitalerhöhungen aus dem genehmigten Kapital festzulegen."" Bericht des Vorstands zum Bezugsrechtsausschluss:"; 4.37 ;2016;BCA AG;Jahresabschluss;Dohm, Schmidt, Janka Revision und Treuhand AG 
Der Vorstand soll im Rahmen des genehmigten Kapitals ermächtigt werden, mit Zustimmung des Aufsichtsrats Spitzenbeträge von dem Bezugsrecht der Aktionäre auszunehmen. Der Ausschluss des Bezugsrechts für Spitzenbeträge beim genehmigten Kapital ist erforderlich, um ein technisch durchführbares Bezugsverhältnis darstellen zu können. Die als freie Spitzen vom Bezugsrecht der Aktionäre ausgeschlossenen Aktien werden bestmöglich für die Gesellschaft verwertet. Der mögliche Verwässerungseffekt ist aufgrund der Beschränkungen auf Spitzenbeträge gering. Vorstand und Aufsichtsrat halten den Ausschluss des Bezugsrechts aus diesen Gründen für sachlich gerechtfertigt und gegenüber den Aktionären für angemessen.; 4.37 ;2016;BCA AG;Jahresabschluss;Dohm, Schmidt, Janka Revision und Treuhand AG 
2.5 Ausschüttungssperre;37;2016;BCA AG;Jahresabschluss;Dohm, Schmidt, Janka Revision und Treuhand AG 
Die in den Jahren 2010 bis 2013 aktivierten selbst geschaffenen immateriellen Vermögensgegenstände in Höhe von TEUR 944 zum Bilanzstichtag unterliegen gemäß § 268 Abs. 8 Satz 1 HGB der Ausschüttungs- sperre. Per 31. Dezember 2016 hat die Gesellschaft passive latente Steuern in Höhe von TEUR 275 für die Aktivierung selbst geschaffener immaterieller Vermögensgegenstände des Anlagevermögens ausgewiesen.; 4.3, 37 ;2016;BCA AG;Jahresabschluss;Dohm, Schmidt, Janka Revision und Treuhand AG 
2.6 Bilanzgewinn;75;2016;BCA AG;Jahresabschluss;Dohm, Schmidt, Janka Revision und Treuhand AG 
"Bilanzgewinn zum 31. Dezember 2016
Bilanzgewinn zum 1. Januar 2016 0 TEUR
Jahresfehlbetrag 283 TEUR
Entnahmen aus der Kapitalrücklage 283 TEUR
Bilanzgewinn zum 31. Dezember 2016 0 TEUR"; 70, 75, 33 ;2016;BCA AG;Jahresabschluss;Dohm, Schmidt, Janka Revision und Treuhand AG 
2.7 Rückstellungen; 4.47 ;2016;BCA AG;Jahresabschluss;Dohm, Schmidt, Janka Revision und Treuhand AG 
Die zum Bilanzstichtag ausgewiesenen Rückstellungen in Höhe von insgesamt TEUR 1.294 umfassen Steuerrückstellungen von TEUR 726 und sonstige Rückstellungen von TEUR 569. Die sonstigen Rückstel- lungen umfassen im Wesentlichen Rückstellungen für Prüfungskosten und Kosten der Abschlusserstellung (TEUR 120), Rückstellungen für Tantieme/Bonus (TEUR 175) und Vordiskontierungen/Stornoreserven von Krankenversicherungen/Lebens-versicherungen (TEUR 20), Rückstellungen für Archivierungskosten (TEUR 102) sowie für noch nicht ausgestellte Rechnungen (TEUR 76).; 4.48, 4.49, 4.50, 46 ;2016;BCA AG;Jahresabschluss;Dohm, Schmidt, Janka Revision und Treuhand AG 
2.8 Verbindlichkeiten; 4.51 ;2016;BCA AG;Jahresabschluss;Dohm, Schmidt, Janka Revision und Treuhand AG 
Die Verbindlichkeiten setzen sich zum Bilanzstichtag insbesondere aus Verbindlichkeiten aus Lieferungen und Leistungen (TEUR 7.190), Verbindlichkeiten gegenüber verbundenen Unternehmen (TEUR 1.276) und sonstigen Verbindlichkeiten (TEUR 191) zusammen. Die Verbindlichkeiten aus Lieferungen und Leistungen betreffen im Wesentlichen Verbindlichkeiten aus weiterzugebenden Provisionen an die bei der BCA angeschlossenen Makler für den Monat Dezember 2016, die im Januar 2017 fast vollständig beglichen wurden.; 4.56, 4.58, 4.60 ;2016;BCA AG;Jahresabschluss;Dohm, Schmidt, Janka Revision und Treuhand AG 
Fristengliederung der Verbindlichkeiten:; 4.51, 48, 49 ;2016;BCA AG;Jahresabschluss;Dohm, Schmidt, Janka Revision und Treuhand AG 
"Restlaufzeit zw. 1 Jahr und
5 Jahren Restlaufzeit über 5 Jahre
EUR EUR
Verbindlichkeiten aus Lieferung und Leistungen Geschäftsjahr 2016 1.275.814,38 18.091,18
Gesamtbetrag aller Verbindlichkeiten 1.275.814,38 18.091,18"; 4.51, 48, 49 ;2016;BCA AG;Jahresabschluss;Dohm, Schmidt, Janka Revision und Treuhand AG 
2.9 Latente Steuern; 4.64 ;2016;BCA AG;Jahresabschluss;Dohm, Schmidt, Janka Revision und Treuhand AG 
"Eine sich insgesamt ergebende Steuerbelastung zum Bilanzstichtag wird als passive latente Steuer in Höhe von TEUR 275 (im Vorjahr: TEUR 0) in der Bilanz ausgewiesen. Die passiven latenten Steuern resultieren aus der Aktivierung „selbst geschaffener immaterieller Vermögensgegenstände"" in den Jahren 2010 bis 2013. Für die Bewertung wurde ein unternehmensindividueller Steuersatz von 29,125 % zugrunde gelegt."; 4.64, 27 ;2016;BCA AG;Jahresabschluss;Dohm, Schmidt, Janka Revision und Treuhand AG 
3 Erläuterungen zur Gewinn- und Verlustrechnung;;2016;BCA AG;Jahresabschluss;Dohm, Schmidt, Janka Revision und Treuhand AG 
3.1 Umsatzerlöse; 4.66 ;2016;BCA AG;Jahresabschluss;Dohm, Schmidt, Janka Revision und Treuhand AG 
Die Umsatzerlöse in Höhe von TEUR 33.239 gliedern sich nach Produktbereichen insbesondere wie folgt:; 4.66 ;2016;BCA AG;Jahresabschluss;Dohm, Schmidt, Janka Revision und Treuhand AG 
"TEUR
Investmentbereich 18.690
Versicherungsbereich 11.948
Übrige 2.601
Summe 33.239                                                                                                                                                                                                                                                                                TEUR"; 4.66 ;2016;BCA AG;Jahresabschluss;Dohm, Schmidt, Janka Revision und Treuhand AG 
Eine Aufteilung der Umsatzerlöse nach geographischen Märkten wurde nicht vorgenommen, da diese ausschließlich in Deutschland erwirtschaftet wurden.; 4.66 ;2016;BCA AG;Jahresabschluss;Dohm, Schmidt, Janka Revision und Treuhand AG 
3.1.1 Änderungen durch BilRUG; 4.66, 57 ;2016;BCA AG;Jahresabschluss;Dohm, Schmidt, Janka Revision und Treuhand AG 
Aufgrund der fehlenden Vergleichbarkeit der Umsatzerlöse mit den Vorjahres–Umsatzerlösen im Rahmen der erstmaligen Anwendung des Bilanzrichtlinie-Umsetzungsgesetzes (BilRUG) wird nachrichtlich eine Darstellung des Betrags der Vorjahres-Umsatzerlöse mit und ohne Berücksichtigung des BilRUG vorgenommen.; 4.66, 57, 2 ;2016;BCA AG;Jahresabschluss;Dohm, Schmidt, Janka Revision und Treuhand AG 
"mit BilRUG 2016 mit BilRUG 2015 ohne BilRUG 2015
in EUR in EUR in EUR
Umsatzerlöse 33.239.396,21 35.980.675,28 35.185.897,83
Sonstige betriebliche Erträge 638.255,79 611.361,84 1.406.139,29
mit BilRUG 2016 mit BilRUG 2015 ohne BilRUG 2015
in EUR in EUR in EUR
Summe 33.877.652,00 36.592.037,12 36.592.037,12"; 4.66, 57 ;2016;BCA AG;Jahresabschluss;Dohm, Schmidt, Janka Revision und Treuhand AG 
Im Rahmen der durch das BilRUG geänderten Definition der Umsatzerlöse nach § 277 Abs. 1 HGB werden nunmehr insbesondere Konzernumlagen, die auf Gegenleistungen für die Erbringung einer oder mehrerer Dienstleistungen beruhen, sowie Marketingdienstleistungen in den Umsatzerlösen erfasst und nicht länger als sonstige betriebliche Erträge ausgewiesen.; 4.66, 57, 1 ;2016;BCA AG;Jahresabschluss;Dohm, Schmidt, Janka Revision und Treuhand AG 
Darüber hinaus wurde die GuV-Gliederung vor dem Hintergrund der erstmaligen Anwendung von BilRUG entsprechend § 275 Abs. 2 HGB angepasst.; 4.66, 57, 1 ;2016;BCA AG;Jahresabschluss;Dohm, Schmidt, Janka Revision und Treuhand AG 
3.2 Sonstige betriebliche Aufwendungen; 4.80 ;2016;BCA AG;Jahresabschluss;Dohm, Schmidt, Janka Revision und Treuhand AG 
Die sonstigen betrieblichen Aufwendungen enthalten unter anderem Mietaufwendungen und Nebenkosten, Lizenzgebühren, IT-Kosten, Rechts- und Beratungskosten, Reisekosten, Kosten für Fortbildungen, Telefongebühren und Porto, Prüfungskosten und Kosten des Jahresabschlusses.; 4.80 ;2016;BCA AG;Jahresabschluss;Dohm, Schmidt, Janka Revision und Treuhand AG 
3.3 Steuern vom Einkommen und Ertrag; 4.90 ;2016;BCA AG;Jahresabschluss;Dohm, Schmidt, Janka Revision und Treuhand AG 
Aufgrund einer in 2016 abgeschlossenen Betriebsprüfung für die Geschäftsjahre 2010 bis 2015 wurde das Jahresergebnis der Gesellschaft stark belastet. Es ergaben sich insbesondere Belastungen für die Jahre 2010 und 2011. Insgesamt schließt die Gesellschaft das Geschäftsjahr 2016 mit einem negativen Ergebnis nach Steuern in Höhe von TEUR 281 (im Vorjahr: positives Ergebnis nach Steuern: TEUR 552).; 4.90 ;2016;BCA AG;Jahresabschluss;Dohm, Schmidt, Janka Revision und Treuhand AG 
4 Nachtragsbericht;82;2016;BCA AG;Jahresabschluss;Dohm, Schmidt, Janka Revision und Treuhand AG 
Wesentliche Ereignisse sind nach dem Abschlussstichtag nicht eingetreten.;82;2016;BCA AG;Jahresabschluss;Dohm, Schmidt, Janka Revision und Treuhand AG 
5 Sonstige Angaben;;2016;BCA AG;Jahresabschluss;Dohm, Schmidt, Janka Revision und Treuhand AG 
5.1 Langfristige sonstige finanzielle Verpflichtungen;80;2016;BCA AG;Jahresabschluss;Dohm, Schmidt, Janka Revision und Treuhand AG 
Langfristige sonstige finanzielle Verpflichtungen aus Mietverträgen, Leasingverträgen und Beteiligungsverträgen:;80;2016;BCA AG;Jahresabschluss;Dohm, Schmidt, Janka Revision und Treuhand AG 
"   TEUR
Fällig 2017 1.031
Fällig 2018 792
Fällig 2019 756
Fällig 2020 417
Fällig 2021 und später 793";80;2016;BCA AG;Jahresabschluss;Dohm, Schmidt, Janka Revision und Treuhand AG 
5.2 Haftungsverhältnisse;53;2016;BCA AG;Jahresabschluss;Dohm, Schmidt, Janka Revision und Treuhand AG 
Haftungsverhältnisse im Sinne des § 251 HGB sind nicht gegeben.;53;2016;BCA AG;Jahresabschluss;Dohm, Schmidt, Janka Revision und Treuhand AG 
5.3 Gesamthonorar Abschlussprüfer;;2016;BCA AG;Jahresabschluss;Dohm, Schmidt, Janka Revision und Treuhand AG 
Die Angaben zum Honorar des Abschlussprüfers erfolgen nach den Regelungen gemäß § 285 Satz 1 Nr. 17 HGB im Konzernabschluss der Gesellschaft.;;2016;BCA AG;Jahresabschluss;Dohm, Schmidt, Janka Revision und Treuhand AG 
5.4 Mitteilung nach § 20 Abs. 6 AktG;;2016;BCA AG;Jahresabschluss;Dohm, Schmidt, Janka Revision und Treuhand AG 
"Die bbg Betriebsberatungs GmbH hat mit Schreiben vom 28.03.2017 dem Vorstand der BCA AG mitgeteilt, dass ihr (unmittelbar) mehr als der vierte Teil der Aktien der BCA AG gehört. Der Vorstand der BCA
AG hat pflichtgemäß am 29.03.2017 die Bekanntmachung nach § 20 Abs. 6 AktG im Bundesanzeiger veröffentlicht.";;2016;BCA AG;Jahresabschluss;Dohm, Schmidt, Janka Revision und Treuhand AG 
5.5 Vorstand und Vertretungsbefugnis;97;2016;BCA AG;Jahresabschluss;Dohm, Schmidt, Janka Revision und Treuhand AG 
5.5.1 Vorstände;97;2016;BCA AG;Jahresabschluss;Dohm, Schmidt, Janka Revision und Treuhand AG 
•Frau Christina Schwartmann, Diplom-Mathematikerin, Düsseldorf, Vorstand der BCA AG;97;2016;BCA AG;Jahresabschluss;Dohm, Schmidt, Janka Revision und Treuhand AG 
•Herr Oliver Lang, Dipl. Staatswissenschaftler, Frankfurt am Main, Vorstand der BCA AG und der BfV Bank für Vermögen AG Aufsichtsratsvorsitzender der Carat Fonds Service AG, bis 31.01.2016;97;2016;BCA AG;Jahresabschluss;Dohm, Schmidt, Janka Revision und Treuhand AG 
•Herr Dr. Frank Ulbricht, promovierter Wirtschaftsjurist, Schwalbach, Vorstand der BCA AG und der BfV Bank für Vermögen AG stellvertretender Aufsichtsratsvorsitzender der Carat Fonds Service AG,;97;2016;BCA AG;Jahresabschluss;Dohm, Schmidt, Janka Revision und Treuhand AG 
5.5.2 Vertretungsbefugnis;;2016;BCA AG;Jahresabschluss;Dohm, Schmidt, Janka Revision und Treuhand AG 
Die Gesellschaft wird durch zwei Vorstandsmitglieder oder durch ein Vorstandsmitglied gemeinschaftlich mit einem Prokuristen vertreten. Die Vorstandsmitglieder sind von den Beschränkungen des § 181 BGB befreit.;97;2016;BCA AG;Jahresabschluss;Dohm, Schmidt, Janka Revision und Treuhand AG 
5.6 Aufsichtsrat;97;2016;BCA AG;Jahresabschluss;Dohm, Schmidt, Janka Revision und Treuhand AG 
Dem Aufsichtsrat der BCA AG gehörten im Berichtsjahr die folgenden Personen an:;97;2016;BCA AG;Jahresabschluss;Dohm, Schmidt, Janka Revision und Treuhand AG 
•Herr Rainer M. Jacobus, Versicherungsfachwirt, Aufsichtsratsvorsitzender der BCA AG Vorstandsvorsitzender der IDEAL Lebensversicherung a.G. und IDEAL Versicherung AG, Berlin Aufsichtsratsvorsitzender der Ahorn AG, Berlin.;97;2016;BCA AG;Jahresabschluss;Dohm, Schmidt, Janka Revision und Treuhand AG 
Aufsichtsratsvorsitzender der Rheinisch-Westfälische Sterbekasse Lebensversicherung AG, Berlin.;97;2016;BCA AG;Jahresabschluss;Dohm, Schmidt, Janka Revision und Treuhand AG 
Mitglied des Aufsichtsrates der myLife Lebensversicherung AG, Göttingen;97;2016;BCA AG;Jahresabschluss;Dohm, Schmidt, Janka Revision und Treuhand AG 
•Herr Dr. Joachim Maas, Dipl.-Mathematiker, stellv. Aufsichtsratsvorsitzender der BCA AG Vorstandsvorsitzender der VOLKSWOHL BUND Versicherungen, Dortmund;97;2016;BCA AG;Jahresabschluss;Dohm, Schmidt, Janka Revision und Treuhand AG 
•Herr Ralf Berndt, Dipl.-Betriebswirt, Vorstandsmitglied der Stuttgarter Lebensversicherung a.G., Stuttgart;97;2016;BCA AG;Jahresabschluss;Dohm, Schmidt, Janka Revision und Treuhand AG 
•Herr Michael Johnigk, Dipl.-Kaufmann, Mitglied des Vorstandes der SIGNAL IDUNA Gruppe, Hamburg/Dortmund. Aufsichtsratsvorsitzender der OVB Vermögensberatung AG, bis 20.03.2017;97;2016;BCA AG;Jahresabschluss;Dohm, Schmidt, Janka Revision und Treuhand AG 
Aufsichtsratsvorsitzender der OVB Holding AG;97;2016;BCA AG;Jahresabschluss;Dohm, Schmidt, Janka Revision und Treuhand AG 
stellv. Aufsichtsratsvorsitzender der SIGNAL IDUNA Bauspar AG Aufsichtsratsvorsitzender der SDV Servicepartner der Versicherungsmakler AG Aufsichtsratsmitglied der SIGNAL IDUNA Asset Management GmbH;97;2016;BCA AG;Jahresabschluss;Dohm, Schmidt, Janka Revision und Treuhand AG 
•Herr Jens Wüstenbecker, Unternehmensberater;97;2016;BCA AG;Jahresabschluss;Dohm, Schmidt, Janka Revision und Treuhand AG 
Aufsichtsratsvorsitzender der IWM Software AG. Aufsichtsratsvorsitzender der Infos AG;97;2016;BCA AG;Jahresabschluss;Dohm, Schmidt, Janka Revision und Treuhand AG 
•Herr Dr. Andreas Eurich, Dipl.-Kfm., Dr. rer. pol., Vorstandsvorsitzender der Barmenia Krankenversicherung a.G., Wuppertal Vorstandsvorsitzender der Barmenia Lebensversicherung a.G., Wuppertal;97;2016;BCA AG;Jahresabschluss;Dohm, Schmidt, Janka Revision und Treuhand AG 
Vorstandsvorsitzender der Barmenia Allgemeine Versicherungs-AG, Wuppertal Aufsichtsratsmitglied der ForumFinanz Vermögensberatungs- und Vermittlungs-AG Aufsichtsratsmitglied der Roland-Rechtschutz-Versicherungs-AG;97;2016;BCA AG;Jahresabschluss;Dohm, Schmidt, Janka Revision und Treuhand AG 
•Herr Rudolf Beil, Bankvorstand a.D, Aufsichtsratsmitglied der IWM Software AG;97;2016;BCA AG;Jahresabschluss;Dohm, Schmidt, Janka Revision und Treuhand AG 
Die Nennung der Mandate in ausgewählten Kontrollgremien erfolgte in Anlehnung an § 285 Nr. 10 HGB i.V.m. § 3 Abs. 2 AktG freiwillig.;97;2016;BCA AG;Jahresabschluss;Dohm, Schmidt, Janka Revision und Treuhand AG 
5.7 Mitarbeiter im Jahresdurchschnitt;77;2016;BCA AG;Jahresabschluss;Dohm, Schmidt, Janka Revision und Treuhand AG 
Im abgelaufenen Geschäftsjahr waren durchschnittlich 65 Mitarbeiter (Vorjahr 64) beschäftigt. Diese Anzahl verteilt sich auf 54 (Vorjahr 52) Vollzeitkräfte und 11 (Vorjahr 12) Teilzeitkräfte.;77;2016;BCA AG;Jahresabschluss;Dohm, Schmidt, Janka Revision und Treuhand AG 
5.8 Gesamtbezüge des Vorstands;98;2016;BCA AG;Jahresabschluss;Dohm, Schmidt, Janka Revision und Treuhand AG 
Für die Vorstandsbezüge wurden für 2016 insgesamt TEUR 716 aufgewendet.;98;2016;BCA AG;Jahresabschluss;Dohm, Schmidt, Janka Revision und Treuhand AG 
5.9 Gesamtbezüge des Aufsichtsrats;98;2016;BCA AG;Jahresabschluss;Dohm, Schmidt, Janka Revision und Treuhand AG 
In der Hauptversammlung am 29. August 2014 wurde die vollständige Streichung der Aufsichtsratsvergütung ab dem Wirtschaftsjahr 2015 beschlossen und entsprechend in der Satzung abgeändert.;98;2016;BCA AG;Jahresabschluss;Dohm, Schmidt, Janka Revision und Treuhand AG 
5.10 Ergebnisverwendungsvorschlag;81;2016;BCA AG;Jahresabschluss;Dohm, Schmidt, Janka Revision und Treuhand AG 
Der Vorstand wird der Hauptversammlung den Vorschlag unterbreiten, den Bilanzgewinn auf neue Rechnung vorzutragen.; 81, 36 ;2016;BCA AG;Jahresabschluss;Dohm, Schmidt, Janka Revision und Treuhand AG 
5.11 Konzernabschluss; 87, 88 ;2016;BCA AG;Jahresabschluss;Dohm, Schmidt, Janka Revision und Treuhand AG 
Die BCA AG, Oberursel, ist Muttergesellschaft des BCA-Konzerns (größter und kleinster Konsolidierungskreis). Der von der BCA AG aufgestellte Konzernabschluss wird im elektronischen Bundesanzeiger offengelegt.; 87, 88 ;2016;BCA AG;Jahresabschluss;Dohm, Schmidt, Janka Revision und Treuhand AG 
Oberursel, 03. Mai 2017;;2016;BCA AG;Jahresabschluss;Dohm, Schmidt, Janka Revision und Treuhand AG 
Christina Schwartmann Oliver Lang;;2016;BCA AG;Jahresabschluss;Dohm, Schmidt, Janka Revision und Treuhand AG 
Dr. Frank Ulbricht;;2016;BCA AG;Jahresabschluss;Dohm, Schmidt, Janka Revision und Treuhand AG 
Anlagenspiegel 2016; 15, 16 ;2016;BCA AG;Jahresabschluss;Dohm, Schmidt, Janka Revision und Treuhand AG 
"ANSCHAFFUNGS- UND HERSTELLUNGSKOSTEN
01. Jan 16 Zugänge Umbuchungen Abgänge 31. Dez 16
EUR EUR EUR EUR EUR
IMMATERIELLE VERMÖ-
GENSGEGENSTÄNDE
Selbst geschaffene gewerbliche
Schutzrechte und ähnliche
Rechte und Werte
3.596.831,33 0,00 0,00 0,00 3.596.831,33
entgeltlich erworbene Konzessionen,
gewerbliche
Schutzrechte und ähnliche
Rechte und Werte sowie Lizenzen
an solchen Rechten
und Werten
3.706.525,49 119.609,59 0,00 52.751,11 3.773.383,97
7.303.359,82 119.609,59 0,00 52.751,11 7.370.215,30
SACHANLAGEN
Andere Anlagen, Betriebsund
Geschäftsausstattung
1.503.669,55 80.616,89 0,00 0,00 1.584.285,44
FINANZANLAGEN
1. Anteile an verbundenen
Unternehmen
BfV Bank für Vermögen AG 2.101.477,22 0,00 0,00 0,00 2.101.477,22
BCA Versicherungsvermittlungsservice
GmbH
25.000,00 0,00 0,00 0,00 25.000,00
Carat Fonds Service AG 10.700.947,94 0,00 0,00 0,00 10.700.947,94
2. Beteiligungen
Fibo GmbH i.L.* 269.006,00 0,00 0,00 0,00 269.006,00
Mehrwert GmbH 62.501,00 0,00 0,00 0,00 62.501,00
3. Ausleihungen an Unternehmen,
mit denen ein Beteiligungsverhältnis
besteht
Darlehen 251.961,33 0,00 0,00 18.039,74 233.92159
4. sonstige Ausleihungen
ANSCHAFFUNGS- UND HERSTELLUNGSKOSTEN
01. Jan 16 Zugänge Umbuchungen Abgänge 31. Dez 16
EUR EUR EUR EUR EUR
Mietkaution 103.946,00 0,00 0,00 0,00 103.946,00
13.514.839,49 0,00 0,00 18.039,74 13.496.799,75
22.321.864,86 200.226,48 0,00 70.790,85 22.451.300,49
AUFGELAUFENE ABSCHREIBUNGEN
01. Jan 16 Zugänge Zuschreibungen Umbuchungen Abgänge 31. Dez 16
EUR EUR EUR EUR EUR EUR
IMMATERIELLE VERMÖGENSGEGENSTÄNDE
Selbst geschaffene gewerbliche
Schutzrechte
und ähnliche Rechte und
Werte
2.167.689,33 484.795,43 0,00 0,00 0,00 2.652.484,76
entgeltlich erworbene
Konzessionen, gewerbliche
Schutzrechte und
ähnliche Rechte und Werte
sowie Lizenzen an solchen
Rechten und Werten
3.882.121,16 38.945,98 0,00 0,00 52.751,11 3.668.316,03
5.849.810,49 523.741,41 0,00 0,00 52.751,11 6.320.800,79
SACHANLAGEN
Andere Anlagen, Betriebs-
und Geschäftsausstattung
1.274.816,41 63.531,00 0,00 0,00 0,00 1.338.347,41
FINANZANLAGEN
1. Anteile an verbundenen
Unternehmen
BfV Bank für Vermögen
AG
0,00 0,00 0,00 0,00 0,00 0,00
BCA Versicherungsvermittlungsservice
GmbH
0,00 0,00 0,00 0,00 0,00 0,00
AUFGELAUFENE ABSCHREIBUNGEN
01. Jan 16 Zugänge Zuschreibungen Umbuchungen Abgänge 31. Dez 16
EUR EUR EUR EUR EUR EUR
Carat Fonds Service AG 8.699.790,00 0,00 0,00 0,00 0,00 8.699.790,00
2. Beteiligungen
Fibo GmbH i.L.* 269.006,00 0,00 0,00 0,00 0,00 269.006,00
Mehrwert GmbH 0,00 0,00 0,00 0,00 0,00 0,00
3. Ausleihungen an Unternehmen,
mit denen ein
Beteiligungsverhältnis
besteht
Darlehen 0,00 0,00 0,00 0,00 0,00 0,00
4. sonstige Ausleihungen
Mietkaution 0,00 0,00 0,00 0,00 0,00 0,00
8.968.796,00 0,00 0,00 0,00 0,00 8.968.796,00
16.093.422,90 587.272,41 0,00 0,00 52.751,11 16.627.944,20
NETTOBUCHWERTE
31. Dez 16 31. Dez 15
EUR EUR
IMMATERIELLE VERMÖGENSGEGENSTÄNDE
Selbst geschaffene gewerbliche Schutzrechte und ähnliche
Rechte und Werte
944.346,57 1.429.142,00
entgeltlich erworbene Konzessionen, gewerbliche Schutzrechte
und ähnliche Rechte und Werte sowie Lizenzen an solchen
Rechten und Werten
105.067,94 24.404,33
1.049.414,51 1.453.546,33
SACHANLAGEN
Andere Anlagen, Betriebs- und Geschäftsausstattung 245.938,03 228.852,14
FINANZANLAGEN
1. Anteile an verbundenen Unternehmen
BfV Bank für Vermögen AG 2.101.477,22 2.101.477,22
BCA Versicherungsvermittlungsservice GmbH 25.000,00 25.000,00
NETTOBUCHWERTE
31. Dez 16 31. Dez 15
EUR EUR
Carat Fonds Service AG 2.001.157,94 2.001.157,94
2. Beteiligungen
Fibo GmbH i.L.* 0,00 0,00
Mehrwert GmbH 62.501,00 62.501,00
3. Ausleihungen an Unternehmen, mit denen ein Beteiligungsverhältnis
besteht
Darlehen 233.921,59 251.961,33
4. sonstige Ausleihungen
Mietkaution 103.946,00 103.946,00
4.528.003,75 4.546.043,49
5.823.356,29 6.228.441,96"; 15, 16, 89 ;2016;BCA AG;Jahresabschluss;Dohm, Schmidt, Janka Revision und Treuhand AG 
*  Gemäß Handelsregistereintrag ist die Gesellschaft am 04.01.2016 aufgelöst, ein Liquidator ist bestellt. Amtsgericht Bayreuth Registernummer: HRB 4688;;2016;BCA AG;Jahresabschluss;Dohm, Schmidt, Janka Revision und Treuhand AG 
